row_type,pilot_id,pool_id,scan_id,query_order,query,sort,surface_status,captured_at_utc,result_url,signed_out,country,language,currency,ship_to_country,scroll_wait_cycles,organic_count,interleaved_ad_count,observation_id,organic_ordinal,listing_id,occurrence_role,title,shop,listing_url,thumbnail_url,title_thumbnail_screen,pre_origin_detail_disposition,gate0_basis,detail_opened,detail_captured_at_utc,official_bestseller,item_review_scope,item_review_count,latest_displayed_item_review_date,attribution_grade,provenance_search_state,queue_lane,queue_rank,notes
SURFACE,TRACE-PILOT-002,TRACE-P002-POOL-ETSY,01-MR,1,graphic t shirt,Most relevant,COMPLETE,2026-09-25T18:01:24.473Z,https://www.etsy.com/search?q=graphic%20t%20shirt&instant_download=false&order=most_relevant,YES,United States,English (US),USD,United States,0,12,0,,,,,,,,,,,,,,,,,,,,,,No interleaved ad card rendered before organic ordinal 12.
ORGANIC,TRACE-PILOT-002,TRACE-P002-POOL-ETSY,01-MR,1,graphic t shirt,Most relevant,COMPLETE,2026-09-25T18:01:24.473Z,,YES,United States,English (US),USD,United States,,,,TRACE-P002-OBS-ETSY-01-MR-01,1,4572677796,CANONICAL-FIRST,"Dancing Cryptids Graphic Tee, Bigfoot Mothman Alien Vintage Comfort Colors Unisex Shirt, Weirdcore Washed Oversized T-Shirt, Halloween Gift",CitrusTeeShop,https://www.etsy.com/listing/4572677796/dancing-cryptids-graphic-tee-bigfoot,https://i.etsystatic.com/61796851/r/il/6f4cdb/8504144272/il_510x638.8504144272_jtpy.jpg,CANDIDATE,ORIGIN-PENDING,Fixed graphic-shirt candidate; item page opened; mandatory cross-market origin searches not yet run.,YES,2026-09-25T18:06:25.464Z,NO,ITEM-SPECIFIC,1,2026-09-23,EXACT,NOT-RUN,,,First occurrence retained; not in a cohort queue after evidence/disposition checks; no SDC created.
ORGANIC,TRACE-PILOT-002,TRACE-P002-POOL-ETSY,01-MR,1,graphic t shirt,Most relevant,COMPLETE,2026-09-25T18:01:24.473Z,,YES,United States,English (US),USD,United States,,,,TRACE-P002-OBS-ETSY-01-MR-02,2,4572306570,CANONICAL-FIRST,"Retro Halloween Shirt, Y2K Comfort Colors Tee, Vintage Black Cat Ghost Skeleton T Shirt, Spooky Cute Pumpkin Witch Graphic Tee",EverChangingJourney,https://www.etsy.com/listing/4572306570/retro-halloween-shirt-y2k-comfort-colors,https://i.etsystatic.com/9005412/r/il/ebef48/8549243111/il_510x638.8549243111_62g6.jpg,CANDIDATE,ORIGIN-PENDING,Fixed graphic-shirt candidate; item page opened; mandatory cross-market origin searches not yet run.,YES,2026-09-25T18:06:27.954Z,YES,ITEM-SPECIFIC,3,2026-09-24,EXACT,NOT-RUN,RECENT-SALES-BADGE,17,Ranked provenance candidate only; all three origin searches and final Gate 0 remain open; no SDC created.
ORGANIC,TRACE-PILOT-002,TRACE-P002-POOL-ETSY,01-MR,1,graphic t shirt,Most relevant,COMPLETE,2026-09-25T18:01:24.473Z,,YES,United States,English (US),USD,United States,,,,TRACE-P002-OBS-ETSY-01-MR-03,3,4561561694,CANONICAL-FIRST,Vintage Princess Donut and Mongo Shirt Dungeon Crawler Carl Bookish Merch Vintage T-Shirt Fantasy Book Lover Gift LitRPG Graphic Tee,Mantulacreativeart,https://www.etsy.com/listing/4561561694/vintage-princess-donut-and-mongo-shirt,https://i.etsystatic.com/22740522/r/il/09e3db/8471709935/il_510x638.8471709935_rxbo.jpg,IP-EXCLUDED,IP-EXCLUDED,Dungeon Crawler Carl named characters/property,NO,,,,,,,NOT-APPLICABLE-EXCLUDED,,,First occurrence retained; not in a cohort queue after evidence/disposition checks; no SDC created.
ORGANIC,TRACE-PILOT-002,TRACE-P002-POOL-ETSY,01-MR,1,graphic t shirt,Most relevant,COMPLETE,2026-09-25T18:01:24.473Z,,YES,United States,English (US),USD,United States,,,,TRACE-P002-OBS-ETSY-01-MR-04,4,4542206896,CANONICAL-FIRST,"Jimothy Raccoon Shirt, Viral Seattle Feral Legend Comfort Colors Tee, Retro Jimothy Moon Graphic Tshirt, Round King  Cottagecore Animal Tee",SKWILART,https://www.etsy.com/listing/4542206896/jimothy-raccoon-shirt-viral-seattle,https://i.etsystatic.com/64643122/r/il/1e065b/8284714262/il_510x638.8284714262_o0ui.jpg,IP-EXCLUDED,IP-EXCLUDED,Title/thumbnail depend on the viral/famous Jimothy Seattle raccoon.,YES,2026-09-25T18:06:30.093Z,YES,ITEM-SPECIFIC,81,2026-09-25,EXACT,NOT-APPLICABLE-EXCLUDED,,,First occurrence retained; not in a cohort queue after evidence/disposition checks; no SDC created.
ORGANIC,TRACE-PILOT-002,TRACE-P002-POOL-ETSY,01-MR,1,graphic t shirt,Most relevant,COMPLETE,2026-09-25T18:01:24.473Z,,YES,United States,English (US),USD,United States,,,,TRACE-P002-OBS-ETSY-01-MR-05,5,4563877335,CANONICAL-FIRST,"Lake Ontario Shirt, Great Lakes Sunset Graphic Tee, Retro Canada Vacation Gift, Cottage Country Outdoor Comfort Colors Shirt",TheMeroPixel,https://www.etsy.com/listing/4563877335/lake-ontario-shirt-great-lakes-sunset,https://i.etsystatic.com/60585799/r/il/7c9274/8488789127/il_510x638.8488789127_54dq.jpg,CANDIDATE,ORIGIN-PENDING,Fixed graphic-shirt candidate; item page opened; mandatory cross-market origin searches not yet run.,YES,2026-09-25T18:06:32.712Z,YES,ITEM-SPECIFIC,9,2026-09-17,EXACT,NOT-RUN,RECENT-SALES-BADGE,11,Ranked provenance candidate only; all three origin searches and final Gate 0 remain open; no SDC created.
ORGANIC,TRACE-PILOT-002,TRACE-P002-POOL-ETSY,01-MR,1,graphic t shirt,Most relevant,COMPLETE,2026-09-25T18:01:24.473Z,,YES,United States,English (US),USD,United States,,,,TRACE-P002-OBS-ETSY-01-MR-06,6,4332571417,CANONICAL-FIRST,Salty Girl Tee: Women's Vintage Cotton Blend T-Shirt,Tokfun,https://www.etsy.com/listing/4332571417/salty-girl-tee-womens-vintage-cotton,https://i.etsystatic.com/56464862/r/il/769de2/7005653692/il_510x638.7005653692_m12a.jpg,CANDIDATE,ORIGIN-PENDING,Fixed graphic-shirt candidate; item page opened; mandatory cross-market origin searches not yet run.,YES,2026-09-25T18:06:35.442Z,YES,ITEM-SPECIFIC,815,2026-09-25,EXACT,NOT-RUN,RECENT-SALES-BADGE,1,Ranked provenance candidate only; all three origin searches and final Gate 0 remain open; no SDC created.
ORGANIC,TRACE-PILOT-002,TRACE-P002-POOL-ETSY,01-MR,1,graphic t shirt,Most relevant,COMPLETE,2026-09-25T18:01:24.473Z,,YES,United States,English (US),USD,United States,,,,TRACE-P002-OBS-ETSY-01-MR-07,7,4461627567,CANONICAL-FIRST,Comfort Colors Banjo Bear & Bird T-Shirt | Retro Folk Music Animal Graphic Tee | Nature Lover Gift | Country Bluegrass Art | Unisex,ClothingByShane,https://www.etsy.com/listing/4461627567/comfort-colors-banjo-bear-bird-t-shirt,https://i.etsystatic.com/16458938/r/il/cd33de/8477071984/il_510x638.8477071984_6pse.jpg,CANDIDATE,ORIGIN-PENDING,Fixed graphic-shirt candidate; item page opened; mandatory cross-market origin searches not yet run.,YES,2026-09-25T18:06:37.944Z,NO,ITEM-SPECIFIC,4,2026-07-14,EXACT,NOT-RUN,,,First occurrence retained; not in a cohort queue after evidence/disposition checks; no SDC created.
ORGANIC,TRACE-PILOT-002,TRACE-P002-POOL-ETSY,01-MR,1,graphic t shirt,Most relevant,COMPLETE,2026-09-25T18:01:24.473Z,,YES,United States,English (US),USD,United States,,,,TRACE-P002-OBS-ETSY-01-MR-08,8,4517356927,CANONICAL-FIRST,Vintage Butterfly Botanical Chart Shirt Nature Moth Comfort Colors Tee,BeeDesignCollection,https://www.etsy.com/listing/4517356927/vintage-butterfly-botanical-chart-shirt,https://i.etsystatic.com/36735606/r/il/7f169c/8104212156/il_510x638.8104212156_1h7b.jpg,CANDIDATE,ORIGIN-PENDING,Fixed graphic-shirt candidate; item page opened; mandatory cross-market origin searches not yet run.,YES,2026-09-25T18:06:40.215Z,YES,ITEM-SPECIFIC,5,2026-09-23,EXACT,NOT-RUN,RECENT-SALES-BADGE,14,Ranked provenance candidate only; all three origin searches and final Gate 0 remain open; no SDC created.
ORGANIC,TRACE-PILOT-002,TRACE-P002-POOL-ETSY,01-MR,1,graphic t shirt,Most relevant,COMPLETE,2026-09-25T18:01:24.473Z,,YES,United States,English (US),USD,United States,,,,TRACE-P002-OBS-ETSY-01-MR-09,9,4550187840,CANONICAL-FIRST,Princess Donut and Mongo Shirt Dungeon Crawler Carl Bookish Merch Vintage Comfort Colors T-Shirt Fantasy Book Lover Gift LitRPG Graphic Tee,malaniaa,https://www.etsy.com/listing/4550187840/princess-donut-and-mongo-shirt-dungeon,https://i.etsystatic.com/21779919/r/il/3591b6/8389192489/il_510x638.8389192489_73d6.jpg,IP-EXCLUDED,IP-EXCLUDED,Dungeon Crawler Carl named characters/property,NO,,,,,,,NOT-APPLICABLE-EXCLUDED,,,First occurrence retained; not in a cohort queue after evidence/disposition checks; no SDC created.
ORGANIC,TRACE-PILOT-002,TRACE-P002-POOL-ETSY,01-MR,1,graphic t shirt,Most relevant,COMPLETE,2026-09-25T18:01:24.473Z,,YES,United States,English (US),USD,United States,,,,TRACE-P002-OBS-ETSY-01-MR-10,10,4520342710,CANONICAL-FIRST,"Comfort Colors Bigfoot Dandelion Shirt, Vintage Sasquatch Nature Tee, Woodland Cryptid Graphic T-Shirt, Outdoor Adventure Gift",Monlesacx,https://www.etsy.com/listing/4520342710/comfort-colors-bigfoot-dandelion-shirt,https://i.etsystatic.com/51217621/r/il/4d083a/8173245761/il_510x638.8173245761_grm1.jpg,CANDIDATE,ORIGIN-PENDING,Fixed graphic-shirt candidate; item page opened; mandatory cross-market origin searches not yet run.,YES,2026-09-25T18:06:42.604Z,YES,ITEM-SPECIFIC,71,2026-09-24,EXACT,NOT-RUN,RECENT-SALES-BADGE,4,Ranked provenance candidate only; all three origin searches and final Gate 0 remain open; no SDC created.
ORGANIC,TRACE-PILOT-002,TRACE-P002-POOL-ETSY,01-MR,1,graphic t shirt,Most relevant,COMPLETE,2026-09-25T18:01:24.473Z,,YES,United States,English (US),USD,United States,,,,TRACE-P002-OBS-ETSY-01-MR-11,11,4489028804,CANONICAL-FIRST,"Amaze Rocket Rocky Shirt, Project Hail Mary Comfort Colors® T Shirt, Retro Sci Fi Alien Book Lover Graphic Tee",OldInkStudio,https://www.etsy.com/listing/4489028804/amaze-rocket-rocky-shirt-project-hail,https://i.etsystatic.com/64133416/r/il/adda16/7963125803/il_510x638.7963125803_87i5.jpg,IP-EXCLUDED,IP-EXCLUDED,Project Hail Mary named book/property,NO,,,,,,,NOT-APPLICABLE-EXCLUDED,,,First occurrence retained; not in a cohort queue after evidence/disposition checks; no SDC created.
ORGANIC,TRACE-PILOT-002,TRACE-P002-POOL-ETSY,01-MR,1,graphic t shirt,Most relevant,COMPLETE,2026-09-25T18:01:24.473Z,,YES,United States,English (US),USD,United States,,,,TRACE-P002-OBS-ETSY-01-MR-12,12,4578489127,CANONICAL-FIRST,"Spooky Season Shirts, Sleepy Hollow,  Oversize, Womens, Mens, Unisex Comfort Colors T-shirt",KickAshCo,https://www.etsy.com/listing/4578489127/spooky-season-shirts-sleepy-hollow,https://i.etsystatic.com/5768653/r/il/6c6fdc/8595505507/il_510x638.8595505507_s6kv.jpg,CANDIDATE,ATTRIBUTION-EXCLUDED,no item-specific review section; schema count not attributable to this print,YES,2026-09-25T18:06:44.703Z,NO,SCHEMA-ONLY/UNCLEAR,,,UNCLEAR,NOT-RUN-NOT-QUALIFIED,,,First occurrence retained; not in a cohort queue after evidence/disposition checks; no SDC created. Raw schema aggregate=4500 was not treated as item-specific.
SURFACE,TRACE-PILOT-002,TRACE-P002-POOL-ETSY,02-TR,1,graphic t shirt,Top reviews,COMPLETE,2026-09-25T18:03:14.359Z,https://www.etsy.com/search?q=graphic%20t%20shirt&instant_download=false&order=highest_reviews,YES,United States,English (US),USD,United States,0,12,0,,,,,,,,,,,,,,,,,,,,,,Initial instrumentation counted duplicate DOM anchors; authoritative closure used unique listing IDs. No ranked-selection credit was assigned before closure.
ORGANIC,TRACE-PILOT-002,TRACE-P002-POOL-ETSY,02-TR,1,graphic t shirt,Top reviews,COMPLETE,2026-09-25T18:03:14.359Z,,YES,United States,English (US),USD,United States,,,,TRACE-P002-OBS-ETSY-02-TR-01,1,1679237029,CANONICAL-FIRST,"Custom Logo Shirts, Personalized Logo Shirt, Custom Design Shirt, Custom Text Shirt,Your Business Logo or Brand Logo T Shirt,Team Logo Shirt",TeaShirtsUS,https://www.etsy.com/listing/1679237029/custom-logo-shirts-personalized-logo,https://i.etsystatic.com/36540294/r/il/a15e7c/8182352446/il_510x638.8182352446_4anx.jpg,PRODUCT-EXCLUDED,PRODUCT-EXCLUDED,custom/personalized logo service,NO,,,,,,,NOT-APPLICABLE-EXCLUDED,,,First occurrence retained; not in a cohort queue after evidence/disposition checks; no SDC created.
ORGANIC,TRACE-PILOT-002,TRACE-P002-POOL-ETSY,02-TR,1,graphic t shirt,Top reviews,COMPLETE,2026-09-25T18:03:14.359Z,,YES,United States,English (US),USD,United States,,,,TRACE-P002-OBS-ETSY-02-TR-02,2,1538649658,CANONICAL-FIRST,"Comfort Colors Custom Face Shirt, Vintage Girlfriend Shirt, Boyfriend Bootleg Graphic Tee, Personalize Birthday Bootleg Gift, Bachelor Party",MKsSoul,https://www.etsy.com/listing/1538649658/custom-face-shirt-graphic-photo-vintage,https://i.etsystatic.com/42265420/r/il/e1e178/8217866879/il_510x638.8217866879_sb03.jpg,PRODUCT-EXCLUDED,PRODUCT-EXCLUDED,custom face/personalized service,NO,,,,,,,NOT-APPLICABLE-EXCLUDED,,,First occurrence retained; not in a cohort queue after evidence/disposition checks; no SDC created.
ORGANIC,TRACE-PILOT-002,TRACE-P002-POOL-ETSY,02-TR,1,graphic t shirt,Top reviews,COMPLETE,2026-09-25T18:03:14.359Z,,YES,United States,English (US),USD,United States,,,,TRACE-P002-OBS-ETSY-02-TR-03,3,4542961857,CANONICAL-FIRST,"HELLOW! Text Graphic T-Shirt | Bold Stencil Lettering, Navy Tee",ShepherdFarmsGoods,https://www.etsy.com/listing/4542961857/hellow-text-graphic-t-shirt-bold-stencil,https://i.etsystatic.com/65725659/r/il/f1aab0/8290243602/il_510x638.8290243602_chjo.jpg,CANDIDATE,BRAND-EXCLUDED,item reviews explicitly cite supporting Shepherd Farms/Sarah and the HELLOW Army,YES,2026-09-25T18:06:46.694Z,YES,ITEM-SPECIFIC,7,2026-09-24,EXACT,NOT-APPLICABLE-EXCLUDED,,,First occurrence retained; not in a cohort queue after evidence/disposition checks; no SDC created.
ORGANIC,TRACE-PILOT-002,TRACE-P002-POOL-ETSY,02-TR,1,graphic t shirt,Top reviews,COMPLETE,2026-09-25T18:03:14.359Z,,YES,United States,English (US),USD,United States,,,,TRACE-P002-OBS-ETSY-02-TR-04,4,1237462309,CANONICAL-FIRST,BACKSIDE UPGRADE,ActiveDesignTX,https://www.etsy.com/listing/1237462309/backside-upgrade,https://i.etsystatic.com/33594425/r/il/2571dd/3938172415/il_510x638.3938172415_8i6j.jpg,PRODUCT-EXCLUDED,PRODUCT-EXCLUDED,backside upgrade add-on,NO,,,,,,,NOT-APPLICABLE-EXCLUDED,,,First occurrence retained; not in a cohort queue after evidence/disposition checks; no SDC created.
ORGANIC,TRACE-PILOT-002,TRACE-P002-POOL-ETSY,02-TR,1,graphic t shirt,Top reviews,COMPLETE,2026-09-25T18:03:14.359Z,,YES,United States,English (US),USD,United States,,,,TRACE-P002-OBS-ETSY-02-TR-05,5,4508570426,CANONICAL-FIRST,"Westlife T Shirt, Westlife 25th Anniversary Tour 2026 T Shirt, The Anniversary Tour Shirt, Westlife Concert Top, Concert Inspired Shirt, V25",kabir2026,https://www.etsy.com/listing/4508570426/mcfly-music-tour-hoodie-team-mcfly-party,https://i.etsystatic.com/65747575/r/il/1ad873/8501118722/il_510x638.8501118722_d0qc.jpg,IP-EXCLUDED,IP-EXCLUDED,Westlife band/tour,NO,,,,,,,NOT-APPLICABLE-EXCLUDED,,,First occurrence retained; not in a cohort queue after evidence/disposition checks; no SDC created.
ORGANIC,TRACE-PILOT-002,TRACE-P002-POOL-ETSY,02-TR,1,graphic t shirt,Top reviews,COMPLETE,2026-09-25T18:03:14.359Z,,YES,United States,English (US),USD,United States,,,,TRACE-P002-OBS-ETSY-02-TR-06,6,4515992177,CANONICAL-FIRST,Descendants Zombies Camp Rock Worlds Collide Concert Tour Shirt 2026,DanteTeeUS,https://www.etsy.com/listing/4515992177/descendants-zombies-camp-rock-worlds,https://i.etsystatic.com/57043228/r/il/ad8e38/8142509575/il_510x638.8142509575_r9nc.jpg,IP-EXCLUDED,IP-EXCLUDED,"Descendants, Zombies, and Camp Rock entertainment properties",NO,,,,,,,NOT-APPLICABLE-EXCLUDED,,,First occurrence retained; not in a cohort queue after evidence/disposition checks; no SDC created.
ORGANIC,TRACE-PILOT-002,TRACE-P002-POOL-ETSY,02-TR,1,graphic t shirt,Top reviews,COMPLETE,2026-09-25T18:03:14.359Z,,YES,United States,English (US),USD,United States,,,,TRACE-P002-OBS-ETSY-02-TR-07,7,1182132019,CANONICAL-FIRST,"Personalized Bella Canvas T-shirt: Custom Text Shirt, Custom logo - Photo print shirt",QualitySoftDesign,https://www.etsy.com/listing/1182132019/personalized-bella-canvas-t-shirt-custom,https://i.etsystatic.com/33643495/r/il/d32c35/3789184125/il_510x638.3789184125_fi7z.jpg,PRODUCT-EXCLUDED,PRODUCT-EXCLUDED,custom text/logo/photo service,NO,,,,,,,NOT-APPLICABLE-EXCLUDED,,,First occurrence retained; not in a cohort queue after evidence/disposition checks; no SDC created.
ORGANIC,TRACE-PILOT-002,TRACE-P002-POOL-ETSY,02-TR,1,graphic t shirt,Top reviews,COMPLETE,2026-09-25T18:03:14.359Z,,YES,United States,English (US),USD,United States,,,,TRACE-P002-OBS-ETSY-02-TR-08,8,4567026619,CANONICAL-FIRST,"Respect Your Mother  Rhinestone T-Shirt, Unisex Short Sleeve Statement Top for Casual Everyday Wear",DailyCraftTexas,https://www.etsy.com/listing/4567026619/respect-your-mother-rhinestone-t-shirt,https://i.etsystatic.com/43563518/r/il/82bec5/8464395162/il_510x638.8464395162_l65h.jpg,CANDIDATE,ORIGIN-PENDING,Fixed graphic-shirt candidate; item page opened; mandatory cross-market origin searches not yet run.,YES,2026-09-25T18:06:49.229Z,YES,ITEM-SPECIFIC,7,2026-09-22,EXACT,NOT-RUN,RECENT-SALES-BADGE,12,Ranked provenance candidate only; all three origin searches and final Gate 0 remain open; no SDC created.
ORGANIC,TRACE-PILOT-002,TRACE-P002-POOL-ETSY,02-TR,1,graphic t shirt,Top reviews,COMPLETE,2026-09-25T18:03:14.359Z,,YES,United States,English (US),USD,United States,,,,TRACE-P002-OBS-ETSY-02-TR-09,9,4568785018,CANONICAL-FIRST,Dear BER Months Shirt | Fall Halloween Thanksgiving Christmas Tee | Cozy Autumn Graphic T-Shirt | Holiday Season Gift | Cute Fall Shirt,CanyonLandsTee,https://www.etsy.com/listing/4568785018/dear-ber-months-shirt-fall-halloween,https://i.etsystatic.com/65605836/r/il/8ed5a9/8475774430/il_510x638.8475774430_spdb.jpg,CANDIDATE,ORIGIN-PENDING,Fixed graphic-shirt candidate; item page opened; mandatory cross-market origin searches not yet run.,YES,2026-09-25T18:06:51.471Z,NO,ITEM-SPECIFIC,2,2026-09-24,EXACT,NOT-RUN,,,First occurrence retained; not in a cohort queue after evidence/disposition checks; no SDC created.
ORGANIC,TRACE-PILOT-002,TRACE-P002-POOL-ETSY,02-TR,1,graphic t shirt,Top reviews,COMPLETE,2026-09-25T18:03:14.359Z,,YES,United States,English (US),USD,United States,,,,TRACE-P002-OBS-ETSY-02-TR-10,10,4563871414,CANONICAL-FIRST,"FDT Lake Ontario Kennedy Center Shirt, Funny Protest Tee, Comfort Colors® Anti-Tr*mp Pro-Democracy Activism Gift, Subtle FDT Shirt",MillieLaneTees,https://www.etsy.com/listing/4563871414/fdt-lake-ontario-kennedy-center-shirt,https://i.etsystatic.com/39082346/r/il/973d92/8441374650/il_510x638.8441374650_novj.jpg,IP-EXCLUDED,IP-EXCLUDED,Donald Trump/public-figure political dependence,NO,,,,,,,NOT-APPLICABLE-EXCLUDED,,,First occurrence retained; not in a cohort queue after evidence/disposition checks; no SDC created.
ORGANIC,TRACE-PILOT-002,TRACE-P002-POOL-ETSY,02-TR,1,graphic t shirt,Top reviews,COMPLETE,2026-09-25T18:03:14.359Z,,YES,United States,English (US),USD,United States,,,,TRACE-P002-OBS-ETSY-02-TR-11,11,4567268999,CANONICAL-FIRST,"I Love HS Baby Tee, Pop Music Fan Shirt, Retro Y2K Heart Graphic T-Shirt, Concert Outfit, Celebrity Crush Gift for Women",GofranGoods,https://www.etsy.com/listing/4567268999/i-love-hs-baby-tee-pop-music-fan-shirt,https://i.etsystatic.com/62279557/r/il/b976ef/8466242048/il_510x638.8466242048_8ugo.jpg,IP-EXCLUDED,IP-EXCLUDED,celebrity/pop-music fandom dependence,NO,,,,,,,NOT-APPLICABLE-EXCLUDED,,,First occurrence retained; not in a cohort queue after evidence/disposition checks; no SDC created.
ORGANIC,TRACE-PILOT-002,TRACE-P002-POOL-ETSY,02-TR,1,graphic t shirt,Top reviews,COMPLETE,2026-09-25T18:03:14.359Z,,YES,United States,English (US),USD,United States,,,,TRACE-P002-OBS-ETSY-02-TR-12,12,4556778646,CANONICAL-FIRST,Radiostatic SparksDuo T-shirt,Pinkcink,https://www.etsy.com/listing/4556778646/radiostatic-sparksduo-t-shirt,https://i.etsystatic.com/44217110/r/il/a3a8c0/8389066550/il_510x638.8389066550_djn6.jpg,CANDIDATE,IP-EXCLUDED,detail identifies Vox and Alastor characters,YES,2026-09-25T18:06:53.508Z,YES,ITEM-SPECIFIC,10,2026-09-18,EXACT,NOT-APPLICABLE-EXCLUDED,,,First occurrence retained; not in a cohort queue after evidence/disposition checks; no SDC created.
SURFACE,TRACE-PILOT-002,TRACE-P002-POOL-ETSY,03-MR,2,funny t shirt,Most relevant,COMPLETE,2026-09-25T18:03:26.760Z,https://www.etsy.com/search?q=funny%20t%20shirt&instant_download=false&order=most_relevant,YES,United States,English (US),USD,United States,1,12,0,,,,,,,,,,,,,,,,,,,,,,Initial instrumentation counted duplicate DOM anchors; authoritative closure used unique listing IDs. No ranked-selection credit was assigned before closure.
ORGANIC,TRACE-PILOT-002,TRACE-P002-POOL-ETSY,03-MR,2,funny t shirt,Most relevant,COMPLETE,2026-09-25T18:03:26.760Z,,YES,United States,English (US),USD,United States,,,,TRACE-P002-OBS-ETSY-03-MR-01,1,4572677796,REPEAT-LISTING,"Dancing Cryptids Graphic Tee, Bigfoot Mothman Alien Vintage Comfort Colors Unisex Shirt, Weirdcore Washed Oversized T-Shirt, Halloween Gift",CitrusTeeShop,https://www.etsy.com/listing/4572677796/dancing-cryptids-graphic-tee-bigfoot,https://i.etsystatic.com/61796851/r/il/6f4cdb/8504144272/il_510x638.8504144272_jtpy.jpg,CANDIDATE,ORIGIN-PENDING,Fixed graphic-shirt candidate; item page opened; mandatory cross-market origin searches not yet run.,YES,2026-09-25T18:06:25.464Z,NO,ITEM-SPECIFIC,1,2026-09-23,EXACT,NOT-RUN,,,Repeated listing occurrence; no first-occurrence or queue credit.
ORGANIC,TRACE-PILOT-002,TRACE-P002-POOL-ETSY,03-MR,2,funny t shirt,Most relevant,COMPLETE,2026-09-25T18:03:26.760Z,,YES,United States,English (US),USD,United States,,,,TRACE-P002-OBS-ETSY-03-MR-02,2,4572306570,REPEAT-LISTING,"Retro Halloween Shirt, Y2K Comfort Colors Tee, Vintage Black Cat Ghost Skeleton T Shirt, Spooky Cute Pumpkin Witch Graphic Tee",EverChangingJourney,https://www.etsy.com/listing/4572306570/retro-halloween-shirt-y2k-comfort-colors,https://i.etsystatic.com/9005412/r/il/ebef48/8549243111/il_510x638.8549243111_62g6.jpg,CANDIDATE,ORIGIN-PENDING,Fixed graphic-shirt candidate; item page opened; mandatory cross-market origin searches not yet run.,YES,2026-09-25T18:06:27.954Z,YES,ITEM-SPECIFIC,3,2026-09-24,EXACT,NOT-RUN,,,Repeated listing occurrence; no first-occurrence or queue credit.
ORGANIC,TRACE-PILOT-002,TRACE-P002-POOL-ETSY,03-MR,2,funny t shirt,Most relevant,COMPLETE,2026-09-25T18:03:26.760Z,,YES,United States,English (US),USD,United States,,,,TRACE-P002-OBS-ETSY-03-MR-03,3,4542206896,REPEAT-LISTING,"Jimothy Raccoon Shirt, Viral Seattle Feral Legend Comfort Colors Tee, Retro Jimothy Moon Graphic Tshirt, Round King  Cottagecore Animal Tee",SKWILART,https://www.etsy.com/listing/4542206896/jimothy-raccoon-shirt-viral-seattle,https://i.etsystatic.com/64643122/r/il/1e065b/8284714262/il_510x638.8284714262_o0ui.jpg,IP-EXCLUDED,IP-EXCLUDED,Title/thumbnail depend on the viral/famous Jimothy Seattle raccoon.,YES,2026-09-25T18:06:30.093Z,YES,ITEM-SPECIFIC,81,2026-09-25,EXACT,NOT-APPLICABLE-EXCLUDED,,,Repeated listing occurrence; no first-occurrence or queue credit.
ORGANIC,TRACE-PILOT-002,TRACE-P002-POOL-ETSY,03-MR,2,funny t shirt,Most relevant,COMPLETE,2026-09-25T18:03:26.760Z,,YES,United States,English (US),USD,United States,,,,TRACE-P002-OBS-ETSY-03-MR-04,4,4332571417,REPEAT-LISTING,Salty Girl Tee: Women's Vintage Cotton Blend T-Shirt,Tokfun,https://www.etsy.com/listing/4332571417/salty-girl-tee-womens-vintage-cotton,https://i.etsystatic.com/56464862/r/il/769de2/7005653692/il_510x638.7005653692_m12a.jpg,CANDIDATE,ORIGIN-PENDING,Fixed graphic-shirt candidate; item page opened; mandatory cross-market origin searches not yet run.,YES,2026-09-25T18:06:35.442Z,YES,ITEM-SPECIFIC,815,2026-09-25,EXACT,NOT-RUN,,,Repeated listing occurrence; no first-occurrence or queue credit.
ORGANIC,TRACE-PILOT-002,TRACE-P002-POOL-ETSY,03-MR,2,funny t shirt,Most relevant,COMPLETE,2026-09-25T18:03:26.760Z,,YES,United States,English (US),USD,United States,,,,TRACE-P002-OBS-ETSY-03-MR-05,5,4461627567,REPEAT-LISTING,Comfort Colors Banjo Bear & Bird T-Shirt | Retro Folk Music Animal Graphic Tee | Nature Lover Gift | Country Bluegrass Art | Unisex,ClothingByShane,https://www.etsy.com/listing/4461627567/comfort-colors-banjo-bear-bird-t-shirt,https://i.etsystatic.com/16458938/r/il/cd33de/8477071984/il_510x638.8477071984_6pse.jpg,CANDIDATE,ORIGIN-PENDING,Fixed graphic-shirt candidate; item page opened; mandatory cross-market origin searches not yet run.,YES,2026-09-25T18:06:37.944Z,NO,ITEM-SPECIFIC,4,2026-07-14,EXACT,NOT-RUN,,,Repeated listing occurrence; no first-occurrence or queue credit.
ORGANIC,TRACE-PILOT-002,TRACE-P002-POOL-ETSY,03-MR,2,funny t shirt,Most relevant,COMPLETE,2026-09-25T18:03:26.760Z,,YES,United States,English (US),USD,United States,,,,TRACE-P002-OBS-ETSY-03-MR-06,6,4453505181,CANONICAL-FIRST,Leave Me A Loon T-Shirt - Men & Women's Unisex Graphic Tee - Vintage Funny Pun Shirt - Introvert Nature Shirt - Wildlife Bird Lovers Shirt,RedlineXI,https://www.etsy.com/listing/4453505181/leave-me-a-loon-t-shirt-men-womens,https://i.etsystatic.com/59529163/r/il/0e4aeb/8030805625/il_510x638.8030805625_hp4p.jpg,CANDIDATE,ATTRIBUTION-EXCLUDED,no item-specific review section; schema count not attributable to this print,YES,2026-09-25T18:06:55.840Z,NO,SCHEMA-ONLY/UNCLEAR,,,UNCLEAR,NOT-RUN-NOT-QUALIFIED,,,First occurrence retained; not in a cohort queue after evidence/disposition checks; no SDC created. Raw schema aggregate=547 was not treated as item-specific.
ORGANIC,TRACE-PILOT-002,TRACE-P002-POOL-ETSY,03-MR,2,funny t shirt,Most relevant,COMPLETE,2026-09-25T18:03:26.760Z,,YES,United States,English (US),USD,United States,,,,TRACE-P002-OBS-ETSY-03-MR-07,7,4576308332,CANONICAL-FIRST,"Cute Ghost Blowing Dandelion Wish Funny Halloween Spooky Shirt, Unisex Funny Cute Ghost Blowing Dandelion Shirt",handmadeshop2728,https://www.etsy.com/listing/4576308332/cute-ghost-blowing-dandelion-wish-funny,https://i.etsystatic.com/52753081/r/il/6e5030/8531060290/il_510x638.8531060290_muxc.jpg,CANDIDATE,ATTRIBUTION-EXCLUDED,no item-specific review section; schema count not attributable to this print,YES,2026-09-25T18:06:57.720Z,NO,SCHEMA-ONLY/UNCLEAR,,,UNCLEAR,NOT-RUN-NOT-QUALIFIED,,,First occurrence retained; not in a cohort queue after evidence/disposition checks; no SDC created. Raw schema aggregate=34 was not treated as item-specific.
ORGANIC,TRACE-PILOT-002,TRACE-P002-POOL-ETSY,03-MR,2,funny t shirt,Most relevant,COMPLETE,2026-09-25T18:03:26.760Z,,YES,United States,English (US),USD,United States,,,,TRACE-P002-OBS-ETSY-03-MR-08,8,4565216251,CANONICAL-FIRST,"First of All, I'm a Delight T-Shirt | Halloween Medusa Spooky Tee",SarcasticRebelShop,https://www.etsy.com/listing/4565216251/first-of-all-im-a-delight-t-shirt,https://i.etsystatic.com/67059691/r/il/a499a2/8611115373/il_510x638.8611115373_n5yb.jpg,CANDIDATE,ORIGIN-PENDING,Fixed graphic-shirt candidate; item page opened; mandatory cross-market origin searches not yet run.,YES,2026-09-25T18:06:59.971Z,YES,ITEM-SPECIFIC,4,2026-09-19,EXACT,NOT-RUN,RECENT-SALES-BADGE,15,Ranked provenance candidate only; all three origin searches and final Gate 0 remain open; no SDC created.
ORGANIC,TRACE-PILOT-002,TRACE-P002-POOL-ETSY,03-MR,2,funny t shirt,Most relevant,COMPLETE,2026-09-25T18:03:26.760Z,,YES,United States,English (US),USD,United States,,,,TRACE-P002-OBS-ETSY-03-MR-09,9,4540503129,CANONICAL-FIRST,"Getting Meowied Shirt, Funny Cat Bride Tee, Cat Wedding Shirt, Bachelorette Cat Lover Gift, Bridal Shower Cat Graphic Tee",CatDistributor,https://www.etsy.com/listing/4540503129/getting-meowied-shirt-funny-cat-bride,https://i.etsystatic.com/46432211/r/il/dda4ab/8625752795/il_510x638.8625752795_1m10.jpg,CANDIDATE,ORIGIN-PENDING,Fixed graphic-shirt candidate; item page opened; mandatory cross-market origin searches not yet run.,YES,2026-09-25T18:07:02.122Z,YES,ITEM-SPECIFIC,17,2026-09-25,EXACT,NOT-RUN,RECENT-SALES-BADGE,8,Ranked provenance candidate only; all three origin searches and final Gate 0 remain open; no SDC created.
ORGANIC,TRACE-PILOT-002,TRACE-P002-POOL-ETSY,03-MR,2,funny t shirt,Most relevant,COMPLETE,2026-09-25T18:03:26.760Z,,YES,United States,English (US),USD,United States,,,,TRACE-P002-OBS-ETSY-03-MR-10,10,4543713411,CANONICAL-FIRST,"Give Me All Cookies Funny Tee, Cookie Monster Funny Meme Shirt, Cursed Meme Shirt, Edgy Streetwear, Gift For Him, Funny Parody Tee",ShaylaTeeShop,https://www.etsy.com/listing/4543713411/give-me-all-cookies-funny-tee-cookie,https://i.etsystatic.com/63617955/r/il/344181/8295435292/il_510x638.8295435292_81qw.jpg,IP-EXCLUDED,IP-EXCLUDED,Cookie Monster character/meme,NO,,,,,,,NOT-APPLICABLE-EXCLUDED,,,First occurrence retained; not in a cohort queue after evidence/disposition checks; no SDC created.
ORGANIC,TRACE-PILOT-002,TRACE-P002-POOL-ETSY,03-MR,2,funny t shirt,Most relevant,COMPLETE,2026-09-25T18:03:26.760Z,,YES,United States,English (US),USD,United States,,,,TRACE-P002-OBS-ETSY-03-MR-11,11,4414449167,CANONICAL-FIRST,"Mitochondria Vintage Science T-Shirt, Retro Biology Graphic Tee, 90s Academic Cell Diagram Shirt, Geek Lab Humor Top, STEM Learning Gift",RetroFluent,https://www.etsy.com/listing/4414449167/mitochondria-vintage-science-t-shirt,https://i.etsystatic.com/60918381/r/il/ff42d9/7502890817/il_510x638.7502890817_9wc5.jpg,CANDIDATE,ORIGIN-PENDING,Fixed graphic-shirt candidate; item page opened; mandatory cross-market origin searches not yet run.,YES,2026-09-25T18:07:04.295Z,YES,ITEM-SPECIFIC,127,2026-09-21,EXACT,NOT-RUN,RECENT-SALES-BADGE,3,Ranked provenance candidate only; all three origin searches and final Gate 0 remain open; no SDC created.
ORGANIC,TRACE-PILOT-002,TRACE-P002-POOL-ETSY,03-MR,2,funny t shirt,Most relevant,COMPLETE,2026-09-25T18:03:26.760Z,,YES,United States,English (US),USD,United States,,,,TRACE-P002-OBS-ETSY-03-MR-12,12,4580238462,CANONICAL-FIRST,"Comfort Colors Fun Aunt Shirt, Hear Ye Hear Ye The Fun Aunt Has Arrived Tee, Funny Auntie Shirt, Cat Lover Aunt Gift, Medieval Fantasy Tee",EverWildTees,https://www.etsy.com/listing/4580238462/comfort-colors-fun-aunt-shirt-hear-ye,https://i.etsystatic.com/36511669/r/il/9d8c28/8560522632/il_510x638.8560522632_8n0z.jpg,CANDIDATE,ATTRIBUTION-EXCLUDED,no item-specific review section; schema count not attributable to this print,YES,2026-09-25T18:07:06.459Z,NO,SCHEMA-ONLY/UNCLEAR,,,UNCLEAR,NOT-RUN-NOT-QUALIFIED,,,First occurrence retained; not in a cohort queue after evidence/disposition checks; no SDC created. Raw schema aggregate=32 was not treated as item-specific.
SURFACE,TRACE-PILOT-002,TRACE-P002-POOL-ETSY,04-TR,2,funny t shirt,Top reviews,COMPLETE,2026-09-25T18:01:39.691Z,https://www.etsy.com/search?q=funny%20t%20shirt&instant_download=false&order=highest_reviews,YES,United States,English (US),USD,United States,0,12,0,,,,,,,,,,,,,,,,,,,,,,No interleaved ad card rendered before organic ordinal 12.
ORGANIC,TRACE-PILOT-002,TRACE-P002-POOL-ETSY,04-TR,2,funny t shirt,Top reviews,COMPLETE,2026-09-25T18:01:39.691Z,,YES,United States,English (US),USD,United States,,,,TRACE-P002-OBS-ETSY-04-TR-01,1,1679237029,REPEAT-LISTING,"Custom Logo Shirts, Personalized Logo Shirt, Custom Design Shirt, Custom Text Shirt,Your Business Logo or Brand Logo T Shirt,Team Logo Shirt",TeaShirtsUS,https://www.etsy.com/listing/1679237029/custom-logo-shirts-personalized-logo,https://i.etsystatic.com/36540294/r/il/a15e7c/8182352446/il_510x638.8182352446_4anx.jpg,PRODUCT-EXCLUDED,PRODUCT-EXCLUDED,custom/personalized logo service,NO,,,,,,,NOT-APPLICABLE-EXCLUDED,,,Repeated listing occurrence; no first-occurrence or queue credit.
ORGANIC,TRACE-PILOT-002,TRACE-P002-POOL-ETSY,04-TR,2,funny t shirt,Top reviews,COMPLETE,2026-09-25T18:01:39.691Z,,YES,United States,English (US),USD,United States,,,,TRACE-P002-OBS-ETSY-04-TR-02,2,1448684964,CANONICAL-FIRST,"Upgrade backside listing, Purchased together with the main product!",SweeTeeShirt,https://www.etsy.com/listing/1448684964/upgrade-backside-listing-purchased,https://i.etsystatic.com/42032063/r/il/a32cd3/5365878841/il_510x638.5365878841_fd69.jpg,PRODUCT-EXCLUDED,PRODUCT-EXCLUDED,backside upgrade add-on,NO,,,,,,,NOT-APPLICABLE-EXCLUDED,,,First occurrence retained; not in a cohort queue after evidence/disposition checks; no SDC created.
ORGANIC,TRACE-PILOT-002,TRACE-P002-POOL-ETSY,04-TR,2,funny t shirt,Top reviews,COMPLETE,2026-09-25T18:01:39.691Z,,YES,United States,English (US),USD,United States,,,,TRACE-P002-OBS-ETSY-04-TR-03,3,1800226651,CANONICAL-FIRST,"Funny 770 Quotes Most Likely Christmas Tee, Matching Family Christmas 2026 T-Shirt, Holiday Pjs",TrendyGiftsUSA,https://www.etsy.com/listing/1800226651/funny-440-quotes-most-likely-christmas,https://i.etsystatic.com/52817230/r/il/c969f7/8586586317/il_510x638.8586586317_2qho.jpg,CANDIDATE,ATTRIBUTION-EXCLUDED,listing offers personalization/design-number choices; review pool cannot be tied cleanly to one visible print,YES,2026-09-25T18:07:09.370Z,YES,ITEM-SPECIFIC,1729,2026-09-24,MIXED,NOT-RUN-NOT-QUALIFIED,,,First occurrence retained; not in a cohort queue after evidence/disposition checks; no SDC created.
ORGANIC,TRACE-PILOT-002,TRACE-P002-POOL-ETSY,04-TR,2,funny t shirt,Top reviews,COMPLETE,2026-09-25T18:01:39.691Z,,YES,United States,English (US),USD,United States,,,,TRACE-P002-OBS-ETSY-04-TR-04,4,4329676522,CANONICAL-FIRST,"Comfort Colors® Custom Vintage 90s T-Shirt, Personalized Retro Bootleg Shirt, Pet Photo on Tshirt, 90s Rap Group Bootleg Tee",ArtsifOfficial,https://www.etsy.com/listing/4329676522/comfort-colors-custom-vintage-90s-t,https://i.etsystatic.com/30637927/r/il/fe1927/8225825603/il_510x638.8225825603_4jy1.jpg,PRODUCT-EXCLUDED,PRODUCT-EXCLUDED,custom/personalized photo service,NO,,,,,,,NOT-APPLICABLE-EXCLUDED,,,First occurrence retained; not in a cohort queue after evidence/disposition checks; no SDC created.
ORGANIC,TRACE-PILOT-002,TRACE-P002-POOL-ETSY,04-TR,2,funny t shirt,Top reviews,COMPLETE,2026-09-25T18:01:39.691Z,,YES,United States,English (US),USD,United States,,,,TRACE-P002-OBS-ETSY-04-TR-05,5,4518683637,CANONICAL-FIRST,"Funny Major Jackpot T-Shirt, Casino Slot Machine Attire, Gambling Theme Apparel, Fun Las Vegas Clothing, Unique Gift Him or Her",SMILINGSUNFLOWER,https://www.etsy.com/listing/4518683637/funny-major-jackpot-t-shirt-casino-slot,https://i.etsystatic.com/6381194/r/il/3ce106/8164637243/il_510x638.8164637243_5910.jpg,CANDIDATE,ORIGIN-PENDING,Fixed graphic-shirt candidate; item page opened; mandatory cross-market origin searches not yet run.,YES,2026-09-25T18:07:11.408Z,NO,ITEM-SPECIFIC,3,2026-07-09,EXACT,NOT-RUN,,,First occurrence retained; not in a cohort queue after evidence/disposition checks; no SDC created.
ORGANIC,TRACE-PILOT-002,TRACE-P002-POOL-ETSY,04-TR,2,funny t shirt,Top reviews,COMPLETE,2026-09-25T18:01:39.691Z,,YES,United States,English (US),USD,United States,,,,TRACE-P002-OBS-ETSY-04-TR-06,6,4563871414,REPEAT-LISTING,"FDT Lake Ontario Kennedy Center Shirt, Funny Protest Tee, Comfort Colors® Anti-Tr*mp Pro-Democracy Activism Gift, Subtle FDT Shirt",MillieLaneTees,https://www.etsy.com/listing/4563871414/fdt-lake-ontario-kennedy-center-shirt,https://i.etsystatic.com/39082346/r/il/973d92/8441374650/il_510x638.8441374650_novj.jpg,IP-EXCLUDED,IP-EXCLUDED,Donald Trump/public-figure political dependence,NO,,,,,,,NOT-APPLICABLE-EXCLUDED,,,Repeated listing occurrence; no first-occurrence or queue credit.
ORGANIC,TRACE-PILOT-002,TRACE-P002-POOL-ETSY,04-TR,2,funny t shirt,Top reviews,COMPLETE,2026-09-25T18:01:39.691Z,,YES,United States,English (US),USD,United States,,,,TRACE-P002-OBS-ETSY-04-TR-07,7,1012093892,CANONICAL-FIRST,"Funny Dad Jokes T-Shirt, Father's Day Gift",CrazyDogTshirts,https://www.etsy.com/listing/1012093892/funny-dad-jokes-t-shirt-fathers-day-gift,https://i.etsystatic.com/6572991/r/il/facc91/8619986103/il_510x638.8619986103_q131.jpg,CANDIDATE,ORIGIN-PENDING,Fixed graphic-shirt candidate; item page opened; mandatory cross-market origin searches not yet run.,YES,2026-09-25T18:07:13.426Z,NO,ITEM-SPECIFIC,857,2026-09-08,EXACT,NOT-RUN,ITEM-REVIEW-DEPTH,3,Ranked provenance candidate only; all three origin searches and final Gate 0 remain open; no SDC created.
ORGANIC,TRACE-PILOT-002,TRACE-P002-POOL-ETSY,04-TR,2,funny t shirt,Top reviews,COMPLETE,2026-09-25T18:01:39.691Z,,YES,United States,English (US),USD,United States,,,,TRACE-P002-OBS-ETSY-04-TR-08,8,560142098,CANONICAL-FIRST,Jesus Riding Dinosaur T Shirt Funny T Shirts for Men Women UFO T Shirt Offensive Shirt Cool Graphic T Shirts Crazy Shirts T Rex Novelty Tee,Shirtmandude,https://www.etsy.com/listing/560142098/jesus-riding-dinosaur-t-shirt-funny-t,https://i.etsystatic.com/7322315/r/il/76ee95/7065085951/il_510x638.7065085951_km7g.jpg,CANDIDATE,ORIGIN-PENDING,Fixed graphic-shirt candidate; item page opened; mandatory cross-market origin searches not yet run.,YES,2026-09-25T18:07:20.350Z,NO,ITEM-SPECIFIC,1024,2026-07-14,EXACT,NOT-RUN,ITEM-REVIEW-DEPTH,2,Ranked provenance candidate only; all three origin searches and final Gate 0 remain open; no SDC created.
ORGANIC,TRACE-PILOT-002,TRACE-P002-POOL-ETSY,04-TR,2,funny t shirt,Top reviews,COMPLETE,2026-09-25T18:01:39.691Z,,YES,United States,English (US),USD,United States,,,,TRACE-P002-OBS-ETSY-04-TR-09,9,4567985153,CANONICAL-FIRST,"Comfort Colors Amaze T-Shirt, Funny Maze T-Shirt, Space Mary Graphic Tee, Retro Rock Shirt, Meme Graphic Tee, Cosmic Shirt",EverWildTees,https://www.etsy.com/listing/4567985153/comfort-colors-amaze-t-shirt-funny-maze,https://i.etsystatic.com/36511669/r/il/b2a2d8/8471256394/il_510x638.8471256394_6hz7.jpg,CANDIDATE,IP-EXCLUDED,Project Hail Mary/Amaze entertainment-property dependence confirmed by family context,YES,2026-09-25T18:07:22.663Z,YES,ITEM-SPECIFIC,1,2026-09-15,EXACT,NOT-APPLICABLE-EXCLUDED,,,First occurrence retained; not in a cohort queue after evidence/disposition checks; no SDC created.
ORGANIC,TRACE-PILOT-002,TRACE-P002-POOL-ETSY,04-TR,2,funny t shirt,Top reviews,COMPLETE,2026-09-25T18:01:39.691Z,,YES,United States,English (US),USD,United States,,,,TRACE-P002-OBS-ETSY-04-TR-10,10,4562494437,CANONICAL-FIRST,"Lake Ontario Est. 1660 T-Shirt, Funny Canada Trump Tariff Shirt, Great Lakes Political Satire Tee, Canadian Lake Lover Gift, Lake of America",ShopGratefulThreadCo,https://www.etsy.com/listing/4562494437/lake-ontario-est-1660-t-shirt-funny,https://i.etsystatic.com/37250130/r/il/9b1ca1/8430916190/il_510x638.8430916190_ks7w.jpg,IP-EXCLUDED,IP-EXCLUDED,Donald Trump/public-figure political dependence,NO,,,,,,,NOT-APPLICABLE-EXCLUDED,,,First occurrence retained; not in a cohort queue after evidence/disposition checks; no SDC created.
ORGANIC,TRACE-PILOT-002,TRACE-P002-POOL-ETSY,04-TR,2,funny t shirt,Top reviews,COMPLETE,2026-09-25T18:01:39.691Z,,YES,United States,English (US),USD,United States,,,,TRACE-P002-OBS-ETSY-04-TR-11,11,4500373887,CANONICAL-FIRST,"Comfort Colors Funny Dad Shirt, Outnumbered by Girls Gift, Father's Day Gift for Him, Dad Shirt, Gift for Dad of Girls Gift From Daughter",ChupchupShop,https://www.etsy.com/listing/4500373887/comfort-colors-funny-dad-shirt,https://i.etsystatic.com/54670729/r/il/4574b7/8038041581/il_510x638.8038041581_t2ma.jpg,CANDIDATE,ORIGIN-PENDING,Fixed graphic-shirt candidate; item page opened; mandatory cross-market origin searches not yet run.,YES,2026-09-25T18:07:25.011Z,NO,ITEM-SPECIFIC,8,2026-08-23,EXACT,NOT-RUN,,,First occurrence retained; not in a cohort queue after evidence/disposition checks; no SDC created.
ORGANIC,TRACE-PILOT-002,TRACE-P002-POOL-ETSY,04-TR,2,funny t shirt,Top reviews,COMPLETE,2026-09-25T18:01:39.691Z,,YES,United States,English (US),USD,United States,,,,TRACE-P002-OBS-ETSY-04-TR-12,12,4542961857,REPEAT-LISTING,"HELLOW! Text Graphic T-Shirt | Bold Stencil Lettering, Navy Tee",ShepherdFarmsGoods,https://www.etsy.com/listing/4542961857/hellow-text-graphic-t-shirt-bold-stencil,https://i.etsystatic.com/65725659/r/il/f1aab0/8290243602/il_510x638.8290243602_chjo.jpg,CANDIDATE,BRAND-EXCLUDED,item reviews explicitly cite supporting Shepherd Farms/Sarah and the HELLOW Army,YES,2026-09-25T18:06:46.694Z,YES,ITEM-SPECIFIC,7,2026-09-24,EXACT,NOT-APPLICABLE-EXCLUDED,,,Repeated listing occurrence; no first-occurrence or queue credit.
SURFACE,TRACE-PILOT-002,TRACE-P002-POOL-ETSY,05-MR,3,novelty t shirt,Most relevant,COMPLETE,2026-09-25T18:01:44.040Z,https://www.etsy.com/search?q=novelty%20t%20shirt&instant_download=false&order=most_relevant,YES,United States,English (US),USD,United States,0,12,0,,,,,,,,,,,,,,,,,,,,,,No interleaved ad card rendered before organic ordinal 12.
ORGANIC,TRACE-PILOT-002,TRACE-P002-POOL-ETSY,05-MR,3,novelty t shirt,Most relevant,COMPLETE,2026-09-25T18:01:44.040Z,,YES,United States,English (US),USD,United States,,,,TRACE-P002-OBS-ETSY-05-MR-01,1,4572677796,REPEAT-LISTING,"Dancing Cryptids Graphic Tee, Bigfoot Mothman Alien Vintage Comfort Colors Unisex Shirt, Weirdcore Washed Oversized T-Shirt, Halloween Gift",CitrusTeeShop,https://www.etsy.com/listing/4572677796/dancing-cryptids-graphic-tee-bigfoot,https://i.etsystatic.com/61796851/r/il/6f4cdb/8504144272/il_510x638.8504144272_jtpy.jpg,CANDIDATE,ORIGIN-PENDING,Fixed graphic-shirt candidate; item page opened; mandatory cross-market origin searches not yet run.,YES,2026-09-25T18:06:25.464Z,NO,ITEM-SPECIFIC,1,2026-09-23,EXACT,NOT-RUN,,,Repeated listing occurrence; no first-occurrence or queue credit.
ORGANIC,TRACE-PILOT-002,TRACE-P002-POOL-ETSY,05-MR,3,novelty t shirt,Most relevant,COMPLETE,2026-09-25T18:01:44.040Z,,YES,United States,English (US),USD,United States,,,,TRACE-P002-OBS-ETSY-05-MR-02,2,4529438868,CANONICAL-FIRST,"Funny Possum Shirt, Flying Saucer, Mens, Womens, Unisex,  Comfort Colors T-shirt",KickAshCo,https://www.etsy.com/listing/4529438868/funny-possum-shirt-flying-saucer-mens,https://i.etsystatic.com/5768653/r/il/599f96/8189045912/il_510x638.8189045912_3ul9.jpg,CANDIDATE,ORIGIN-PENDING,Fixed graphic-shirt candidate; item page opened; mandatory cross-market origin searches not yet run.,YES,2026-09-25T18:07:27.466Z,NO,ITEM-SPECIFIC,10,2026-09-20,EXACT,NOT-RUN,,,First occurrence retained; not in a cohort queue after evidence/disposition checks; no SDC created.
ORGANIC,TRACE-PILOT-002,TRACE-P002-POOL-ETSY,05-MR,3,novelty t shirt,Most relevant,COMPLETE,2026-09-25T18:01:44.040Z,,YES,United States,English (US),USD,United States,,,,TRACE-P002-OBS-ETSY-05-MR-03,3,4547937348,CANONICAL-FIRST,Triangull Triangle Seagull Bird Pun T-Shirt Funny Geometric Sea Gull Tee Cute Animal Wordplay Graphic Shirt Clever Math Joke Apparel,WhimsicalLoreStudio,https://www.etsy.com/listing/4547937348/triangull-triangle-seagull-bird-pun-t,https://i.etsystatic.com/66085565/r/il/f63bb8/8325255938/il_510x638.8325255938_7n5m.jpg,CANDIDATE,ORIGIN-PENDING,Fixed graphic-shirt candidate; item page opened; mandatory cross-market origin searches not yet run.,YES,2026-09-25T18:07:29.824Z,NO,ITEM-SPECIFIC,1,2026-09-18,EXACT,NOT-RUN,,,First occurrence retained; not in a cohort queue after evidence/disposition checks; no SDC created.
ORGANIC,TRACE-PILOT-002,TRACE-P002-POOL-ETSY,05-MR,3,novelty t shirt,Most relevant,COMPLETE,2026-09-25T18:01:44.040Z,,YES,United States,English (US),USD,United States,,,,TRACE-P002-OBS-ETSY-05-MR-04,4,1617608764,CANONICAL-FIRST,Wanted Have You Seen This Chicken? Funny T Shirt Tee,MyRadioActiveWear,https://www.etsy.com/listing/1617608764/wanted-have-you-seen-this-chicken-funny,https://i.etsystatic.com/21794352/r/il/ac050e/5584066070/il_510x638.5584066070_xtem.jpg,CANDIDATE,ORIGIN-PENDING,Fixed graphic-shirt candidate; item page opened; mandatory cross-market origin searches not yet run.,YES,2026-09-25T18:07:33.050Z,NO,ITEM-SPECIFIC,28,2026-09-15,EXACT,NOT-RUN,,,First occurrence retained; not in a cohort queue after evidence/disposition checks; no SDC created.
ORGANIC,TRACE-PILOT-002,TRACE-P002-POOL-ETSY,05-MR,3,novelty t shirt,Most relevant,COMPLETE,2026-09-25T18:01:44.040Z,,YES,United States,English (US),USD,United States,,,,TRACE-P002-OBS-ETSY-05-MR-05,5,4572806375,CANONICAL-FIRST,"Dragon Tea Party Shirt, Knight and Pink Dragon Folk Art, Comfort Colors Tee",OddFrogCo,https://www.etsy.com/listing/4572806375/dragon-tea-party-shirt-knight-and-pink,https://i.etsystatic.com/26053729/r/il/67a704/8505209842/il_510x638.8505209842_nom9.jpg,CANDIDATE,ATTRIBUTION-EXCLUDED,no item-specific review section; schema count not attributable to this print,YES,2026-09-25T18:07:36.312Z,NO,SCHEMA-ONLY/UNCLEAR,,,UNCLEAR,NOT-RUN-NOT-QUALIFIED,,,First occurrence retained; not in a cohort queue after evidence/disposition checks; no SDC created. Raw schema aggregate=335 was not treated as item-specific.
ORGANIC,TRACE-PILOT-002,TRACE-P002-POOL-ETSY,05-MR,3,novelty t shirt,Most relevant,COMPLETE,2026-09-25T18:01:44.040Z,,YES,United States,English (US),USD,United States,,,,TRACE-P002-OBS-ETSY-05-MR-06,6,4332571417,REPEAT-LISTING,Salty Girl Tee: Women's Vintage Cotton Blend T-Shirt,Tokfun,https://www.etsy.com/listing/4332571417/salty-girl-tee-womens-vintage-cotton,https://i.etsystatic.com/56464862/r/il/769de2/7005653692/il_510x638.7005653692_m12a.jpg,CANDIDATE,ORIGIN-PENDING,Fixed graphic-shirt candidate; item page opened; mandatory cross-market origin searches not yet run.,YES,2026-09-25T18:06:35.442Z,YES,ITEM-SPECIFIC,815,2026-09-25,EXACT,NOT-RUN,,,Repeated listing occurrence; no first-occurrence or queue credit.
ORGANIC,TRACE-PILOT-002,TRACE-P002-POOL-ETSY,05-MR,3,novelty t shirt,Most relevant,COMPLETE,2026-09-25T18:01:44.040Z,,YES,United States,English (US),USD,United States,,,,TRACE-P002-OBS-ETSY-05-MR-07,7,4550187840,REPEAT-LISTING,Princess Donut and Mongo Shirt Dungeon Crawler Carl Bookish Merch Vintage Comfort Colors T-Shirt Fantasy Book Lover Gift LitRPG Graphic Tee,malaniaa,https://www.etsy.com/listing/4550187840/princess-donut-and-mongo-shirt-dungeon,https://i.etsystatic.com/21779919/r/il/3591b6/8389192489/il_510x638.8389192489_73d6.jpg,IP-EXCLUDED,IP-EXCLUDED,Dungeon Crawler Carl named characters/property,NO,,,,,,,NOT-APPLICABLE-EXCLUDED,,,Repeated listing occurrence; no first-occurrence or queue credit.
ORGANIC,TRACE-PILOT-002,TRACE-P002-POOL-ETSY,05-MR,3,novelty t shirt,Most relevant,COMPLETE,2026-09-25T18:01:44.040Z,,YES,United States,English (US),USD,United States,,,,TRACE-P002-OBS-ETSY-05-MR-08,8,4484706430,CANONICAL-FIRST,"I Have To Say Weird Stuff T-Shirt, Funny Cat Meme Embroidered Tee, Socially Awkward Shirt, Comfort Colors T-Shirt",PineSpiceBooks,https://www.etsy.com/listing/4484706430/i-have-to-say-weird-stuff-t-shirt-funny,https://i.etsystatic.com/47460975/r/il/f3b541/7888032022/il_510x638.7888032022_3o1s.jpg,CANDIDATE,ORIGIN-PENDING,Fixed graphic-shirt candidate; item page opened; mandatory cross-market origin searches not yet run.,YES,2026-09-25T18:07:38.871Z,NO,ITEM-SPECIFIC,4,2026-08-20,EXACT,NOT-RUN,,,First occurrence retained; not in a cohort queue after evidence/disposition checks; no SDC created.
ORGANIC,TRACE-PILOT-002,TRACE-P002-POOL-ETSY,05-MR,3,novelty t shirt,Most relevant,COMPLETE,2026-09-25T18:01:44.040Z,,YES,United States,English (US),USD,United States,,,,TRACE-P002-OBS-ETSY-05-MR-09,9,4554593804,CANONICAL-FIRST,"Love The Unloved Shirt, Cute Critter Animal Graphic Tee, Kindness Nature Comfort Colors T-Shirt Gift for Animal Lovers and Kids",CloudCottoNShirt,https://www.etsy.com/listing/4554593804/love-the-unloved-shirt-cute-critter,https://i.etsystatic.com/61872304/r/il/349c56/8420941491/il_510x638.8420941491_7u08.jpg,CANDIDATE,ORIGIN-PENDING,Fixed graphic-shirt candidate; item page opened; mandatory cross-market origin searches not yet run.,YES,2026-09-25T18:07:41.446Z,NO,ITEM-SPECIFIC,1,2026-08-27,EXACT,NOT-RUN,,,First occurrence retained; not in a cohort queue after evidence/disposition checks; no SDC created.
ORGANIC,TRACE-PILOT-002,TRACE-P002-POOL-ETSY,05-MR,3,novelty t shirt,Most relevant,COMPLETE,2026-09-25T18:01:44.040Z,,YES,United States,English (US),USD,United States,,,,TRACE-P002-OBS-ETSY-05-MR-10,10,759163386,CANONICAL-FIRST,Funny Possum Shirt T Shirt for Men Women Guys Possum T Shirt Cool Animal Graphic Tshirt Raccoon Live Weird Fake Your Death Silly Graphic Tee,Shirtmandude,https://www.etsy.com/listing/759163386/possum-shirt-funny-t-shirt-for-men-women,https://i.etsystatic.com/7322315/r/il/ce9a93/7065135427/il_510x638.7065135427_8s40.jpg,CANDIDATE,ORIGIN-PENDING,Fixed graphic-shirt candidate; item page opened; mandatory cross-market origin searches not yet run.,YES,2026-09-25T18:07:43.711Z,NO,ITEM-SPECIFIC,518,2026-07-31,EXACT,NOT-RUN,ITEM-REVIEW-DEPTH,4,Ranked provenance candidate only; all three origin searches and final Gate 0 remain open; no SDC created.
ORGANIC,TRACE-PILOT-002,TRACE-P002-POOL-ETSY,05-MR,3,novelty t shirt,Most relevant,COMPLETE,2026-09-25T18:01:44.040Z,,YES,United States,English (US),USD,United States,,,,TRACE-P002-OBS-ETSY-05-MR-11,11,4567985153,REPEAT-LISTING,"Comfort Colors Amaze T-Shirt, Funny Maze T-Shirt, Space Mary Graphic Tee, Retro Rock Shirt, Meme Graphic Tee, Cosmic Shirt",EverWildTees,https://www.etsy.com/listing/4567985153/comfort-colors-amaze-t-shirt-funny-maze,https://i.etsystatic.com/36511669/r/il/b2a2d8/8471256394/il_510x638.8471256394_6hz7.jpg,CANDIDATE,IP-EXCLUDED,Project Hail Mary/Amaze entertainment-property dependence confirmed by family context,YES,2026-09-25T18:07:22.663Z,YES,ITEM-SPECIFIC,1,2026-09-15,EXACT,NOT-APPLICABLE-EXCLUDED,,,Repeated listing occurrence; no first-occurrence or queue credit.
ORGANIC,TRACE-PILOT-002,TRACE-P002-POOL-ETSY,05-MR,3,novelty t shirt,Most relevant,COMPLETE,2026-09-25T18:01:44.040Z,,YES,United States,English (US),USD,United States,,,,TRACE-P002-OBS-ETSY-05-MR-12,12,4562055407,CANONICAL-FIRST,"Deviled Eggs Raccoon Shirt Comfort Colors, Thanksgiving Food Lover Gifts, Funny Tshirt, Tee",22ndOfOctober,https://www.etsy.com/listing/4562055407/deviled-eggs-raccoon-shirt-comfort,https://i.etsystatic.com/16554837/r/il/e2d965/8475531817/il_510x638.8475531817_84o1.jpg,CANDIDATE,ATTRIBUTION-EXCLUDED,no item-specific review section; schema count not attributable to this print,YES,2026-09-25T18:07:46.511Z,NO,SCHEMA-ONLY/UNCLEAR,,,UNCLEAR,NOT-RUN-NOT-QUALIFIED,,,First occurrence retained; not in a cohort queue after evidence/disposition checks; no SDC created. Raw schema aggregate=10924 was not treated as item-specific.
SURFACE,TRACE-PILOT-002,TRACE-P002-POOL-ETSY,06-TR,3,novelty t shirt,Top reviews,COMPLETE,2026-09-25T18:01:47.340Z,https://www.etsy.com/search?q=novelty%20t%20shirt&instant_download=false&order=highest_reviews,YES,United States,English (US),USD,United States,0,12,0,,,,,,,,,,,,,,,,,,,,,,No interleaved ad card rendered before organic ordinal 12.
ORGANIC,TRACE-PILOT-002,TRACE-P002-POOL-ETSY,06-TR,3,novelty t shirt,Top reviews,COMPLETE,2026-09-25T18:01:47.340Z,,YES,United States,English (US),USD,United States,,,,TRACE-P002-OBS-ETSY-06-TR-01,1,4542961857,REPEAT-LISTING,"HELLOW! Text Graphic T-Shirt | Bold Stencil Lettering, Navy Tee",ShepherdFarmsGoods,https://www.etsy.com/listing/4542961857/hellow-text-graphic-t-shirt-bold-stencil,https://i.etsystatic.com/65725659/r/il/f1aab0/8290243602/il_510x638.8290243602_chjo.jpg,CANDIDATE,BRAND-EXCLUDED,item reviews explicitly cite supporting Shepherd Farms/Sarah and the HELLOW Army,YES,2026-09-25T18:06:46.694Z,YES,ITEM-SPECIFIC,7,2026-09-24,EXACT,NOT-APPLICABLE-EXCLUDED,,,Repeated listing occurrence; no first-occurrence or queue credit.
ORGANIC,TRACE-PILOT-002,TRACE-P002-POOL-ETSY,06-TR,3,novelty t shirt,Top reviews,COMPLETE,2026-09-25T18:01:47.340Z,,YES,United States,English (US),USD,United States,,,,TRACE-P002-OBS-ETSY-06-TR-02,2,671213378,CANONICAL-FIRST,Cat Guitarist Men's Tee: Funny Feline Playing Music Graphic Novelty Shirt for Animal Lovers,missionthread,https://www.etsy.com/listing/671213378/cat-guitarist-mens-tee-funny-feline,https://i.etsystatic.com/6095719/r/il/d6b7e9/2671655931/il_510x638.2671655931_19of.jpg,CANDIDATE,ORIGIN-PENDING,Fixed graphic-shirt candidate; item page opened; mandatory cross-market origin searches not yet run.,YES,2026-09-25T18:07:49.033Z,NO,ITEM-SPECIFIC,1708,2026-04-24,EXACT,NOT-RUN,ITEM-REVIEW-DEPTH,1,Ranked provenance candidate only; all three origin searches and final Gate 0 remain open; no SDC created.
ORGANIC,TRACE-PILOT-002,TRACE-P002-POOL-ETSY,06-TR,3,novelty t shirt,Top reviews,COMPLETE,2026-09-25T18:01:47.340Z,,YES,United States,English (US),USD,United States,,,,TRACE-P002-OBS-ETSY-06-TR-03,3,4318276128,CANONICAL-FIRST,"Sprunki Game Character Shirt, Roblox Fan Tee, Kids Owakcx T-shirt",FluffyCottonTeez,https://www.etsy.com/listing/4318276128/sprunki-game-character-shirt-roblox-fan,https://i.etsystatic.com/45976353/r/il/ca5348/6976234249/il_510x638.6976234249_9yf5.jpg,IP-EXCLUDED,IP-EXCLUDED,Sprunki/Roblox game-character fandom,NO,,,,,,,NOT-APPLICABLE-EXCLUDED,,,First occurrence retained; not in a cohort queue after evidence/disposition checks; no SDC created.
ORGANIC,TRACE-PILOT-002,TRACE-P002-POOL-ETSY,06-TR,3,novelty t shirt,Top reviews,COMPLETE,2026-09-25T18:01:47.340Z,,YES,United States,English (US),USD,United States,,,,TRACE-P002-OBS-ETSY-06-TR-04,4,560142098,REPEAT-LISTING,Jesus Riding Dinosaur T Shirt Funny T Shirts for Men Women UFO T Shirt Offensive Shirt Cool Graphic T Shirts Crazy Shirts T Rex Novelty Tee,Shirtmandude,https://www.etsy.com/listing/560142098/jesus-riding-dinosaur-t-shirt-funny-t,https://i.etsystatic.com/7322315/r/il/76ee95/7065085951/il_510x638.7065085951_km7g.jpg,CANDIDATE,ORIGIN-PENDING,Fixed graphic-shirt candidate; item page opened; mandatory cross-market origin searches not yet run.,YES,2026-09-25T18:07:20.350Z,NO,ITEM-SPECIFIC,1024,2026-07-14,EXACT,NOT-RUN,,,Repeated listing occurrence; no first-occurrence or queue credit.
ORGANIC,TRACE-PILOT-002,TRACE-P002-POOL-ETSY,06-TR,3,novelty t shirt,Top reviews,COMPLETE,2026-09-25T18:01:47.340Z,,YES,United States,English (US),USD,United States,,,,TRACE-P002-OBS-ETSY-06-TR-05,5,4562804200,CANONICAL-FIRST,"I Got Up Early There Was No Worm Shirt, Funny Crow Comfort Colors Tee, Sarcastic Raven Tshirt, Bird Lover Gift, Morning Person Humor Sweater",SunsetAndStitchCo,https://www.etsy.com/listing/4562804200/i-got-up-early-there-was-no-worm-shirt,https://i.etsystatic.com/57426174/r/il/e22375/8480689771/il_510x638.8480689771_qj2m.jpg,CANDIDATE,ORIGIN-PENDING,Fixed graphic-shirt candidate; item page opened; mandatory cross-market origin searches not yet run.,YES,2026-09-25T18:07:52.714Z,NO,ITEM-SPECIFIC,2,2026-09-24,EXACT,NOT-RUN,,,First occurrence retained; not in a cohort queue after evidence/disposition checks; no SDC created.
ORGANIC,TRACE-PILOT-002,TRACE-P002-POOL-ETSY,06-TR,3,novelty t shirt,Top reviews,COMPLETE,2026-09-25T18:01:47.340Z,,YES,United States,English (US),USD,United States,,,,TRACE-P002-OBS-ETSY-06-TR-06,6,4332275569,CANONICAL-FIRST,GUNNERS novelty t-shirt,StudioOneMerch,https://www.etsy.com/listing/4332275569/gunners-novelty-t-shirt,https://i.etsystatic.com/58522420/r/il/9cf675/7052248161/il_510x638.7052248161_r9gm.jpg,CANDIDATE,ORIGIN-PENDING,Fixed graphic-shirt candidate; item page opened; mandatory cross-market origin searches not yet run.,YES,2026-09-25T18:07:54.946Z,NO,ITEM-SPECIFIC,16,2026-08-06,EXACT,NOT-RUN,,,First occurrence retained; not in a cohort queue after evidence/disposition checks; no SDC created.
ORGANIC,TRACE-PILOT-002,TRACE-P002-POOL-ETSY,06-TR,3,novelty t shirt,Top reviews,COMPLETE,2026-09-25T18:01:47.340Z,,YES,United States,English (US),USD,United States,,,,TRACE-P002-OBS-ETSY-06-TR-07,7,4532612141,CANONICAL-FIRST,"JAWS at Walnut Beach Vintage Merch | Adult & Youth T-Shirts | Vinyl Beach Sticker | Milford, Connecticut Souvenirs + Gifts",nefarmhousedesign,https://www.etsy.com/listing/4532612141/jaws-at-walnut-beach-vintage-merch-adult,https://i.etsystatic.com/22761911/r/il/b3506e/8212330416/il_510x638.8212330416_l5uf.jpg,CANDIDATE,ORIGIN-PENDING,Fixed graphic-shirt candidate; item page opened; mandatory cross-market origin searches not yet run.,YES,2026-09-25T18:07:57.270Z,YES,ITEM-SPECIFIC,15,2026-09-22,SAME-PRINT-VARIANTS,NOT-RUN,RECENT-SALES-BADGE,9,Ranked provenance candidate only; all three origin searches and final Gate 0 remain open; no SDC created.
ORGANIC,TRACE-PILOT-002,TRACE-P002-POOL-ETSY,06-TR,3,novelty t shirt,Top reviews,COMPLETE,2026-09-25T18:01:47.340Z,,YES,United States,English (US),USD,United States,,,,TRACE-P002-OBS-ETSY-06-TR-08,8,4547937348,REPEAT-LISTING,Triangull Triangle Seagull Bird Pun T-Shirt Funny Geometric Sea Gull Tee Cute Animal Wordplay Graphic Shirt Clever Math Joke Apparel,WhimsicalLoreStudio,https://www.etsy.com/listing/4547937348/triangull-triangle-seagull-bird-pun-t,https://i.etsystatic.com/66085565/r/il/f63bb8/8325255938/il_510x638.8325255938_7n5m.jpg,CANDIDATE,ORIGIN-PENDING,Fixed graphic-shirt candidate; item page opened; mandatory cross-market origin searches not yet run.,YES,2026-09-25T18:07:29.824Z,NO,ITEM-SPECIFIC,1,2026-09-18,EXACT,NOT-RUN,,,Repeated listing occurrence; no first-occurrence or queue credit.
ORGANIC,TRACE-PILOT-002,TRACE-P002-POOL-ETSY,06-TR,3,novelty t shirt,Top reviews,COMPLETE,2026-09-25T18:01:47.340Z,,YES,United States,English (US),USD,United States,,,,TRACE-P002-OBS-ETSY-06-TR-09,9,982743651,CANONICAL-FIRST,Best Dog Dad Ever Celebrate the Bond Between You and Your Furry Friend Gift for dog Father Gift for Dog and Animal Lover Novelty T Shirt,RoadkillTees,https://www.etsy.com/listing/982743651/best-dog-dad-ever-celebrate-the-bond,https://i.etsystatic.com/10626952/r/il/2313bb/5226489021/il_510x638.5226489021_1z8q.jpg,CANDIDATE,ORIGIN-PENDING,Fixed graphic-shirt candidate; item page opened; mandatory cross-market origin searches not yet run.,YES,2026-09-25T18:07:59.989Z,NO,ITEM-SPECIFIC,1,2022-01-26,EXACT,NOT-RUN,,,First occurrence retained; not in a cohort queue after evidence/disposition checks; no SDC created.
ORGANIC,TRACE-PILOT-002,TRACE-P002-POOL-ETSY,06-TR,3,novelty t shirt,Top reviews,COMPLETE,2026-09-25T18:01:47.340Z,,YES,United States,English (US),USD,United States,,,,TRACE-P002-OBS-ETSY-06-TR-10,10,759163386,REPEAT-LISTING,Funny Possum Shirt T Shirt for Men Women Guys Possum T Shirt Cool Animal Graphic Tshirt Raccoon Live Weird Fake Your Death Silly Graphic Tee,Shirtmandude,https://www.etsy.com/listing/759163386/possum-shirt-funny-t-shirt-for-men-women,https://i.etsystatic.com/7322315/r/il/ce9a93/7065135427/il_510x638.7065135427_8s40.jpg,CANDIDATE,ORIGIN-PENDING,Fixed graphic-shirt candidate; item page opened; mandatory cross-market origin searches not yet run.,YES,2026-09-25T18:07:43.711Z,NO,ITEM-SPECIFIC,518,2026-07-31,EXACT,NOT-RUN,,,Repeated listing occurrence; no first-occurrence or queue credit.
ORGANIC,TRACE-PILOT-002,TRACE-P002-POOL-ETSY,06-TR,3,novelty t shirt,Top reviews,COMPLETE,2026-09-25T18:01:47.340Z,,YES,United States,English (US),USD,United States,,,,TRACE-P002-OBS-ETSY-06-TR-11,11,4502714567,CANONICAL-FIRST,"Funny Border Collie Drinking Beer Shirt, Silly Sarcastic Border Collie Novelty Meme Graphic Tee, Funny Dog Gift Men Women, T-Shirt",PixelThreadAlchemy,https://www.etsy.com/listing/4502714567/funny-border-collie-drinking-beer-shirt,https://i.etsystatic.com/43526331/r/il/f7b4a8/8005160608/il_510x638.8005160608_11xq.jpg,CANDIDATE,ORIGIN-PENDING,Fixed graphic-shirt candidate; item page opened; mandatory cross-market origin searches not yet run.,YES,2026-09-25T18:08:02.147Z,NO,ITEM-SPECIFIC,3,2026-07-30,EXACT,NOT-RUN,,,First occurrence retained; not in a cohort queue after evidence/disposition checks; no SDC created.
ORGANIC,TRACE-PILOT-002,TRACE-P002-POOL-ETSY,06-TR,3,novelty t shirt,Top reviews,COMPLETE,2026-09-25T18:01:47.340Z,,YES,United States,English (US),USD,United States,,,,TRACE-P002-OBS-ETSY-06-TR-12,12,150936726,CANONICAL-FIRST,Master Baiter T Shirt Funny Fishing Shirt For Men Guys Offensive T Shirt Novelty T Shirt Saying Hilarious Slogan Tee Fisherman Adult Humor,Shirtmandude,https://www.etsy.com/listing/150936726/master-baiter-t-shirt-funny-fishing,https://i.etsystatic.com/7322315/r/il/b991b7/7017163018/il_510x638.7017163018_c13e.jpg,CANDIDATE,ORIGIN-PENDING,Fixed graphic-shirt candidate; item page opened; mandatory cross-market origin searches not yet run.,YES,2026-09-25T18:08:04.232Z,NO,ITEM-SPECIFIC,182,2026-01-15,EXACT,NOT-RUN,,,First occurrence retained; not in a cohort queue after evidence/disposition checks; no SDC created.
SURFACE,TRACE-PILOT-002,TRACE-P002-POOL-ETSY,07-MR,4,text t shirt,Most relevant,COMPLETE,2026-09-25T18:01:51.337Z,https://www.etsy.com/search?q=text%20t%20shirt&instant_download=false&order=most_relevant,YES,United States,English (US),USD,United States,0,12,0,,,,,,,,,,,,,,,,,,,,,,No interleaved ad card rendered before organic ordinal 12.
ORGANIC,TRACE-PILOT-002,TRACE-P002-POOL-ETSY,07-MR,4,text t shirt,Most relevant,COMPLETE,2026-09-25T18:01:51.337Z,,YES,United States,English (US),USD,United States,,,,TRACE-P002-OBS-ETSY-07-MR-01,1,4542961857,REPEAT-LISTING,"HELLOW! Text Graphic T-Shirt | Bold Stencil Lettering, Navy Tee",ShepherdFarmsGoods,https://www.etsy.com/listing/4542961857/hellow-text-graphic-t-shirt-bold-stencil,https://i.etsystatic.com/65725659/r/il/f1aab0/8290243602/il_510x638.8290243602_chjo.jpg,CANDIDATE,BRAND-EXCLUDED,item reviews explicitly cite supporting Shepherd Farms/Sarah and the HELLOW Army,YES,2026-09-25T18:06:46.694Z,YES,ITEM-SPECIFIC,7,2026-09-24,EXACT,NOT-APPLICABLE-EXCLUDED,,,Repeated listing occurrence; no first-occurrence or queue credit.
ORGANIC,TRACE-PILOT-002,TRACE-P002-POOL-ETSY,07-MR,4,text t shirt,Most relevant,COMPLETE,2026-09-25T18:01:51.337Z,,YES,United States,English (US),USD,United States,,,,TRACE-P002-OBS-ETSY-07-MR-02,2,4443906535,CANONICAL-FIRST,ART T Shirt | Minimal Typography Tee | Modern Graphic Shirt,UnrushedGoods,https://www.etsy.com/listing/4443906535/art-t-shirt-minimal-typography-tee,https://i.etsystatic.com/63789895/r/il/dcc404/7667834125/il_510x638.7667834125_cnw6.jpg,CANDIDATE,ORIGIN-PENDING,Fixed graphic-shirt candidate; item page opened; mandatory cross-market origin searches not yet run.,YES,2026-09-25T18:08:06.430Z,YES,ITEM-SPECIFIC,9,2026-09-23,EXACT,NOT-RUN,RECENT-SALES-BADGE,10,Ranked provenance candidate only; all three origin searches and final Gate 0 remain open; no SDC created.
ORGANIC,TRACE-PILOT-002,TRACE-P002-POOL-ETSY,07-MR,4,text t shirt,Most relevant,COMPLETE,2026-09-25T18:01:51.337Z,,YES,United States,English (US),USD,United States,,,,TRACE-P002-OBS-ETSY-07-MR-03,3,4343268015,CANONICAL-FIRST,Comfort Colors Custom Text Shirt: Personalized Soft Cotton Tee,TheMuryTee,https://www.etsy.com/listing/4343268015/comfort-colors-custom-text-shirt,https://i.etsystatic.com/24500476/r/il/5a13e1/7453505669/il_510x638.7453505669_ejl6.jpg,PRODUCT-EXCLUDED,PRODUCT-EXCLUDED,custom/personalized text service,NO,,,,,,,NOT-APPLICABLE-EXCLUDED,,,First occurrence retained; not in a cohort queue after evidence/disposition checks; no SDC created.
ORGANIC,TRACE-PILOT-002,TRACE-P002-POOL-ETSY,07-MR,4,text t shirt,Most relevant,COMPLETE,2026-09-25T18:01:51.337Z,,YES,United States,English (US),USD,United States,,,,TRACE-P002-OBS-ETSY-07-MR-04,4,4575607118,CANONICAL-FIRST,"Saccharide Aries Shirt, Award Show Quote Tee, From the Vineyard Shirt, North or South Tee, Cryptic Phrase Comfort Colors Shirt, TV Award Tee",yesyoucanfind,https://www.etsy.com/listing/4575607118/saccharide-aries-shirt-award-show-quote,https://i.etsystatic.com/59452751/r/il/5612cb/8573643689/il_510x638.8573643689_avb5.jpg,IP-EXCLUDED,IP-EXCLUDED,Title identifies an award-show/TV quotation.,YES,2026-09-25T18:08:09.041Z,NO,SCHEMA-ONLY/UNCLEAR,,,UNCLEAR,NOT-APPLICABLE-EXCLUDED,,,First occurrence retained; not in a cohort queue after evidence/disposition checks; no SDC created. Raw schema aggregate=758 was not treated as item-specific.
ORGANIC,TRACE-PILOT-002,TRACE-P002-POOL-ETSY,07-MR,4,text t shirt,Most relevant,COMPLETE,2026-09-25T18:01:51.337Z,,YES,United States,English (US),USD,United States,,,,TRACE-P002-OBS-ETSY-07-MR-05,5,4330869777,CANONICAL-FIRST,Comfort Colors Custom Text T-Shirt: Personalized Quote Short Sleeve Tee,HolistyleShop,https://www.etsy.com/listing/4330869777/comfort-colors-custom-text-shirt,https://i.etsystatic.com/56394239/r/il/114875/6978472551/il_510x638.6978472551_gsik.jpg,PRODUCT-EXCLUDED,PRODUCT-EXCLUDED,custom/personalized text service,NO,,,,,,,NOT-APPLICABLE-EXCLUDED,,,First occurrence retained; not in a cohort queue after evidence/disposition checks; no SDC created.
ORGANIC,TRACE-PILOT-002,TRACE-P002-POOL-ETSY,07-MR,4,text t shirt,Most relevant,COMPLETE,2026-09-25T18:01:51.337Z,,YES,United States,English (US),USD,United States,,,,TRACE-P002-OBS-ETSY-07-MR-06,6,1513293674,CANONICAL-FIRST,Original Hugs Are Overrated Tee,ShopEddieLane,https://www.etsy.com/listing/1513293674/original-hugs-are-overrated-tee,https://i.etsystatic.com/27793524/r/il/5aadab/5157697411/il_510x638.5157697411_tmmm.jpg,CANDIDATE,ORIGIN-PENDING,Fixed graphic-shirt candidate; item page opened; mandatory cross-market origin searches not yet run.,YES,2026-09-25T18:08:11.818Z,NO,ITEM-SPECIFIC,50,2025-11-30,EXACT,NOT-RUN,,,First occurrence retained; not in a cohort queue after evidence/disposition checks; no SDC created.
ORGANIC,TRACE-PILOT-002,TRACE-P002-POOL-ETSY,07-MR,4,text t shirt,Most relevant,COMPLETE,2026-09-25T18:01:51.337Z,,YES,United States,English (US),USD,United States,,,,TRACE-P002-OBS-ETSY-07-MR-07,7,1741999588,CANONICAL-FIRST,Custom Embroidered T-Shirt | Personalized Comfort Colors Shirt | Wavy Text Embroidery,ShopKindlyMadeCo,https://www.etsy.com/listing/1741999588/custom-embroidered-t-shirt-personalized,https://i.etsystatic.com/50062355/r/il/67f65f/6147379653/il_510x638.6147379653_mg0c.jpg,PRODUCT-EXCLUDED,PRODUCT-EXCLUDED,custom/personalized embroidery service,NO,,,,,,,NOT-APPLICABLE-EXCLUDED,,,First occurrence retained; not in a cohort queue after evidence/disposition checks; no SDC created.
ORGANIC,TRACE-PILOT-002,TRACE-P002-POOL-ETSY,07-MR,4,text t shirt,Most relevant,COMPLETE,2026-09-25T18:01:51.337Z,,YES,United States,English (US),USD,United States,,,,TRACE-P002-OBS-ETSY-07-MR-08,8,4541254290,CANONICAL-FIRST,"Comfort Colors Jimothy Raccoon Shirt, Famous Seattle Raccoon Tee, Vintage Y2K Graphic T-Shirt, Cute Trash Panda Shirt, Funny Animal Gift",Thickgood,https://www.etsy.com/listing/4541254290/comfort-colors-jimothy-raccoon-shirt,https://i.etsystatic.com/50588325/r/il/bc7aab/8371733175/il_510x638.8371733175_r3rm.jpg,IP-EXCLUDED,IP-EXCLUDED,viral/famous Jimothy raccoon fame dependence,NO,,,,,,,NOT-APPLICABLE-EXCLUDED,,,First occurrence retained; not in a cohort queue after evidence/disposition checks; no SDC created.
ORGANIC,TRACE-PILOT-002,TRACE-P002-POOL-ETSY,07-MR,4,text t shirt,Most relevant,COMPLETE,2026-09-25T18:01:51.337Z,,YES,United States,English (US),USD,United States,,,,TRACE-P002-OBS-ETSY-07-MR-09,9,4563184695,CANONICAL-FIRST,"Hey Sista Graphic Tee, Retro Typography, Comfort Colors Cotton Shirt",Craftiphy,https://www.etsy.com/listing/4563184695/hey-sista-its-really-really-nice-to-meet,https://i.etsystatic.com/67576393/r/il/bf0a48/8483708693/il_510x638.8483708693_kwwv.jpg,CANDIDATE,ORIGIN-PENDING,Fixed graphic-shirt candidate; item page opened; mandatory cross-market origin searches not yet run.,YES,2026-09-25T18:08:14.386Z,NO,ITEM-SPECIFIC,1,2026-09-22,EXACT,NOT-RUN,,,First occurrence retained; not in a cohort queue after evidence/disposition checks; no SDC created.
ORGANIC,TRACE-PILOT-002,TRACE-P002-POOL-ETSY,07-MR,4,text t shirt,Most relevant,COMPLETE,2026-09-25T18:01:51.337Z,,YES,United States,English (US),USD,United States,,,,TRACE-P002-OBS-ETSY-07-MR-10,10,4441496147,CANONICAL-FIRST,"I Can Read Ancient Text Funny Shirt, Handwriting Humor Pun Gift Shirt, I Can Read Ancient Text Funny Cursive Writing Shirt, Ultra Soft Tee",TheSwagIllustration,https://www.etsy.com/listing/4441496147/i-can-read-ancient-text-funny-shirt,https://i.etsystatic.com/56327282/r/il/d5a7f3/7652276755/il_510x638.7652276755_5rvn.jpg,CANDIDATE,ORIGIN-PENDING,Fixed graphic-shirt candidate; item page opened; mandatory cross-market origin searches not yet run.,YES,2026-09-25T18:08:21.660Z,NO,ITEM-SPECIFIC,5,2026-09-20,EXACT,NOT-RUN,,,First occurrence retained; not in a cohort queue after evidence/disposition checks; no SDC created.
ORGANIC,TRACE-PILOT-002,TRACE-P002-POOL-ETSY,07-MR,4,text t shirt,Most relevant,COMPLETE,2026-09-25T18:01:51.337Z,,YES,United States,English (US),USD,United States,,,,TRACE-P002-OBS-ETSY-07-MR-11,11,4539236796,CANONICAL-FIRST,"Positive Encouragement Graphic Tee, Inspirational Teacher Motivation Shirt, Classroom Confidence Apparel, Comfort Colors® Gift Tee",ThreadPeakShop,https://www.etsy.com/listing/4539236796/positive-encouragement-graphic-tee,https://i.etsystatic.com/65487660/r/il/1c2532/8262613310/il_510x638.8262613310_slvs.jpg,CANDIDATE,ORIGIN-PENDING,Fixed graphic-shirt candidate; item page opened; mandatory cross-market origin searches not yet run.,YES,2026-09-25T18:08:24.595Z,YES,ITEM-SPECIFIC,4,2026-09-15,EXACT,NOT-RUN,RECENT-SALES-BADGE,16,Ranked provenance candidate only; all three origin searches and final Gate 0 remain open; no SDC created.
ORGANIC,TRACE-PILOT-002,TRACE-P002-POOL-ETSY,07-MR,4,text t shirt,Most relevant,COMPLETE,2026-09-25T18:01:51.337Z,,YES,United States,English (US),USD,United States,,,,TRACE-P002-OBS-ETSY-07-MR-12,12,4537001084,CANONICAL-FIRST,"Due To Not Wanting To I Will Not Thanks Shirt, Funny Cat Tee, Sarcastic Quote Shirt, Introvert Shirt, Mood Shirt, Cat Lover Gift",IVANZLOCHEVSKYI,https://www.etsy.com/listing/4537001084/due-to-not-wanting-to-i-will-not-thanks,https://i.etsystatic.com/65724345/r/il/7bdc96/8245690942/il_510x638.8245690942_1wc3.jpg,CANDIDATE,ORIGIN-PENDING,Fixed graphic-shirt candidate; item page opened; mandatory cross-market origin searches not yet run.,YES,2026-09-25T18:08:26.600Z,YES,ITEM-SPECIFIC,7,2026-09-20,EXACT,NOT-RUN,RECENT-SALES-BADGE,13,Ranked provenance candidate only; all three origin searches and final Gate 0 remain open; no SDC created.
SURFACE,TRACE-PILOT-002,TRACE-P002-POOL-ETSY,08-TR,4,text t shirt,Top reviews,COMPLETE,2026-09-25T18:01:55.212Z,https://www.etsy.com/search?q=text%20t%20shirt&instant_download=false&order=highest_reviews,YES,United States,English (US),USD,United States,0,12,0,,,,,,,,,,,,,,,,,,,,,,No interleaved ad card rendered before organic ordinal 12.
ORGANIC,TRACE-PILOT-002,TRACE-P002-POOL-ETSY,08-TR,4,text t shirt,Top reviews,COMPLETE,2026-09-25T18:01:55.212Z,,YES,United States,English (US),USD,United States,,,,TRACE-P002-OBS-ETSY-08-TR-01,1,4320632782,CANONICAL-FIRST,"Comfort Colors®Custom Photo Shirt, Personalized T-Shirt, Custom Picture Tshirt, Your Photo Shirt, Family Picture Tee, Logo Image Shirts Gift",DapperCustomTees,https://www.etsy.com/listing/4320632782/comfort-colorscustom-photo-shirt,https://i.etsystatic.com/46179490/r/il/f70db4/6940777904/il_510x638.6940777904_qrg7.jpg,PRODUCT-EXCLUDED,PRODUCT-EXCLUDED,custom/personalized photo service,NO,,,,,,,NOT-APPLICABLE-EXCLUDED,,,First occurrence retained; not in a cohort queue after evidence/disposition checks; no SDC created.
ORGANIC,TRACE-PILOT-002,TRACE-P002-POOL-ETSY,08-TR,4,text t shirt,Top reviews,COMPLETE,2026-09-25T18:01:55.212Z,,YES,United States,English (US),USD,United States,,,,TRACE-P002-OBS-ETSY-08-TR-02,2,1679237029,REPEAT-LISTING,"Custom Logo Shirts, Personalized Logo Shirt, Custom Design Shirt, Custom Text Shirt,Your Business Logo or Brand Logo T Shirt,Team Logo Shirt",TeaShirtsUS,https://www.etsy.com/listing/1679237029/custom-logo-shirts-personalized-logo,https://i.etsystatic.com/36540294/r/il/a15e7c/8182352446/il_510x638.8182352446_4anx.jpg,PRODUCT-EXCLUDED,PRODUCT-EXCLUDED,custom/personalized logo service,NO,,,,,,,NOT-APPLICABLE-EXCLUDED,,,Repeated listing occurrence; no first-occurrence or queue credit.
ORGANIC,TRACE-PILOT-002,TRACE-P002-POOL-ETSY,08-TR,4,text t shirt,Top reviews,COMPLETE,2026-09-25T18:01:55.212Z,,YES,United States,English (US),USD,United States,,,,TRACE-P002-OBS-ETSY-08-TR-03,3,1425039325,CANONICAL-FIRST,"Custom Comfort Colors Shirt, Custom T Shirt, Custom Text Shirt, Custom Bachelorette Tshirt Custom Adult Shirt, Personalized Shirt, boho",HopifyCustomTees,https://www.etsy.com/listing/1425039325/custom-comfort-colors-shirt-custom-t,https://i.etsystatic.com/41372445/r/il/751a52/6483415637/il_510x638.6483415637_hoae.jpg,PRODUCT-EXCLUDED,PRODUCT-EXCLUDED,custom/personalized shirt service,NO,,,,,,,NOT-APPLICABLE-EXCLUDED,,,First occurrence retained; not in a cohort queue after evidence/disposition checks; no SDC created.
ORGANIC,TRACE-PILOT-002,TRACE-P002-POOL-ETSY,08-TR,4,text t shirt,Top reviews,COMPLETE,2026-09-25T18:01:55.212Z,,YES,United States,English (US),USD,United States,,,,TRACE-P002-OBS-ETSY-08-TR-04,4,1428179942,CANONICAL-FIRST,"Custom Logo Shirts, Personalized Logo Shirt, Custom Design Shirt, Custom Text Shirt, Your Business Logo or Brand Logo Shirt, Team Logo Shirt",SweeTeeShirt,https://www.etsy.com/listing/1428179942/custom-logo-shirts-personalized-logo,https://i.etsystatic.com/42032063/r/il/098522/4784854013/il_510x638.4784854013_rdlt.jpg,PRODUCT-EXCLUDED,PRODUCT-EXCLUDED,custom/personalized logo service,NO,,,,,,,NOT-APPLICABLE-EXCLUDED,,,First occurrence retained; not in a cohort queue after evidence/disposition checks; no SDC created.
ORGANIC,TRACE-PILOT-002,TRACE-P002-POOL-ETSY,08-TR,4,text t shirt,Top reviews,COMPLETE,2026-09-25T18:01:55.212Z,,YES,United States,English (US),USD,United States,,,,TRACE-P002-OBS-ETSY-08-TR-05,5,1403231592,CANONICAL-FIRST,"Custom Personalized T-Shirt with Name or Message - Perfect Gift for Birthdays, Anniversaries, Weddings, and Special Occasions",ActiveDesignTX,https://www.etsy.com/listing/1403231592/custom-personalized-t-shirt-with-name-or,https://i.etsystatic.com/33594425/r/il/633f06/8186829006/il_510x638.8186829006_oiw7.jpg,PRODUCT-EXCLUDED,PRODUCT-EXCLUDED,custom/personalized message service,NO,,,,,,,NOT-APPLICABLE-EXCLUDED,,,First occurrence retained; not in a cohort queue after evidence/disposition checks; no SDC created.
ORGANIC,TRACE-PILOT-002,TRACE-P002-POOL-ETSY,08-TR,4,text t shirt,Top reviews,COMPLETE,2026-09-25T18:01:55.212Z,,YES,United States,English (US),USD,United States,,,,TRACE-P002-OBS-ETSY-08-TR-06,6,1010901727,CANONICAL-FIRST,"Custom Text Shirt, Personalized T-Shirt",ReguDesigns,https://www.etsy.com/listing/1010901727/custom-text-shirt-personalized-t-shirt,https://i.etsystatic.com/28397297/r/il/b25c53/3365497806/il_510x638.3365497806_7gra.jpg,PRODUCT-EXCLUDED,PRODUCT-EXCLUDED,custom/personalized text service,NO,,,,,,,NOT-APPLICABLE-EXCLUDED,,,First occurrence retained; not in a cohort queue after evidence/disposition checks; no SDC created.
ORGANIC,TRACE-PILOT-002,TRACE-P002-POOL-ETSY,08-TR,4,text t shirt,Top reviews,COMPLETE,2026-09-25T18:01:55.212Z,,YES,United States,English (US),USD,United States,,,,TRACE-P002-OBS-ETSY-08-TR-07,7,792582883,CANONICAL-FIRST,"Personalized Shirt, Add Your Own Text, Custom Logo Shirts, Custom Design Shirt, Customized Shirts, Custom Text on Shirt, Custom Family",GloryTribeUS,https://www.etsy.com/listing/792582883/personalized-shirt-add-your-own-text,https://i.etsystatic.com/22611556/r/il/faec80/2298675367/il_510x638.2298675367_laek.jpg,PRODUCT-EXCLUDED,PRODUCT-EXCLUDED,custom/personalized design service,NO,,,,,,,NOT-APPLICABLE-EXCLUDED,,,First occurrence retained; not in a cohort queue after evidence/disposition checks; no SDC created.
ORGANIC,TRACE-PILOT-002,TRACE-P002-POOL-ETSY,08-TR,4,text t shirt,Top reviews,COMPLETE,2026-09-25T18:01:55.212Z,,YES,United States,English (US),USD,United States,,,,TRACE-P002-OBS-ETSY-08-TR-08,8,940488764,CANONICAL-FIRST,Custom Teddy Bear Shirt - Personalized Photo or Text for 14-16 Inch Plush - Fits BAB,BakersBearsUS,https://www.etsy.com/listing/940488764/custom-plushie-tshirt-fits-16in-stuffed,https://i.etsystatic.com/21784085/r/il/43e1e5/8329595894/il_510x638.8329595894_rzhq.jpg,PRODUCT-EXCLUDED,PRODUCT-EXCLUDED,custom teddy-bear garment; not fixed graphic T-shirt,NO,,,,,,,NOT-APPLICABLE-EXCLUDED,,,First occurrence retained; not in a cohort queue after evidence/disposition checks; no SDC created.
ORGANIC,TRACE-PILOT-002,TRACE-P002-POOL-ETSY,08-TR,4,text t shirt,Top reviews,COMPLETE,2026-09-25T18:01:55.212Z,,YES,United States,English (US),USD,United States,,,,TRACE-P002-OBS-ETSY-08-TR-09,9,458261840,CANONICAL-FIRST,Custom Dog Shirts - Create Your Own Pet Shirts with Personalized Text and Graphics - RUN SMALL,GigraffeDesignStudio,https://www.etsy.com/listing/458261840/custom-dog-shirts-create-your-own-pet,https://i.etsystatic.com/11249239/r/il/fe3d16/5626329594/il_510x638.5626329594_c3of.jpg,PRODUCT-EXCLUDED,PRODUCT-EXCLUDED,custom/personalized pet shirt service,NO,,,,,,,NOT-APPLICABLE-EXCLUDED,,,First occurrence retained; not in a cohort queue after evidence/disposition checks; no SDC created.
ORGANIC,TRACE-PILOT-002,TRACE-P002-POOL-ETSY,08-TR,4,text t shirt,Top reviews,COMPLETE,2026-09-25T18:01:55.212Z,,YES,United States,English (US),USD,United States,,,,TRACE-P002-OBS-ETSY-08-TR-10,10,1737966312,CANONICAL-FIRST,"Custom Company Logo T-shirts, Custom Design Sweatshirts, Personalized Logo Hoodies, Custom Double Sided Print Shirts, Custom Text Shirts",SamsThreadsCo,https://www.etsy.com/listing/1737966312/custom-company-logo-t-shirts-custom,https://i.etsystatic.com/26783283/r/il/eb15a6/6129131203/il_510x638.6129131203_3snv.jpg,PRODUCT-EXCLUDED,PRODUCT-EXCLUDED,custom/personalized logo service,NO,,,,,,,NOT-APPLICABLE-EXCLUDED,,,First occurrence retained; not in a cohort queue after evidence/disposition checks; no SDC created.
ORGANIC,TRACE-PILOT-002,TRACE-P002-POOL-ETSY,08-TR,4,text t shirt,Top reviews,COMPLETE,2026-09-25T18:01:55.212Z,,YES,United States,English (US),USD,United States,,,,TRACE-P002-OBS-ETSY-08-TR-11,11,1520298301,CANONICAL-FIRST,"Front and Back Your Custom Design T-Shirt, Personalized Shirt, Custom Couple Shirts, Your Own Message Slogan Logo T-Shirt, Company Shirt",CustomTeeTops,https://www.etsy.com/listing/1520298301/front-and-back-your-custom-design-t,https://i.etsystatic.com/44052831/r/il/6a7ed9/7191629710/il_510x638.7191629710_kedd.jpg,PRODUCT-EXCLUDED,PRODUCT-EXCLUDED,custom/personalized design service,NO,,,,,,,NOT-APPLICABLE-EXCLUDED,,,First occurrence retained; not in a cohort queue after evidence/disposition checks; no SDC created.
ORGANIC,TRACE-PILOT-002,TRACE-P002-POOL-ETSY,08-TR,4,text t shirt,Top reviews,COMPLETE,2026-09-25T18:01:55.212Z,,YES,United States,English (US),USD,United States,,,,TRACE-P002-OBS-ETSY-08-TR-12,12,4337072335,CANONICAL-FIRST,"Custom Logo Shirt, Personalized Company Logo T-shirts, Photo Shirt, Custom Text Shirt, Your Business Logo or Brand Logo T Shirt, Team Logo",CustomWearify,https://www.etsy.com/listing/4337072335/custom-logo-shirt-personalized-company,https://i.etsystatic.com/57042020/r/il/ba885d/7481780384/il_510x638.7481780384_kmbg.jpg,PRODUCT-EXCLUDED,PRODUCT-EXCLUDED,custom/personalized logo/photo service,NO,,,,,,,NOT-APPLICABLE-EXCLUDED,,,First occurrence retained; not in a cohort queue after evidence/disposition checks; no SDC created.
SURFACE,TRACE-PILOT-002,TRACE-P002-POOL-ETSY,09-MR,5,illustrated t shirt,Most relevant,COMPLETE,2026-09-25T18:01:59.800Z,https://www.etsy.com/search?q=illustrated%20t%20shirt&instant_download=false&order=most_relevant,YES,United States,English (US),USD,United States,0,12,0,,,,,,,,,,,,,,,,,,,,,,No interleaved ad card rendered before organic ordinal 12.
ORGANIC,TRACE-PILOT-002,TRACE-P002-POOL-ETSY,09-MR,5,illustrated t shirt,Most relevant,COMPLETE,2026-09-25T18:01:59.800Z,,YES,United States,English (US),USD,United States,,,,TRACE-P002-OBS-ETSY-09-MR-01,1,4572677796,REPEAT-LISTING,"Dancing Cryptids Graphic Tee, Bigfoot Mothman Alien Vintage Comfort Colors Unisex Shirt, Weirdcore Washed Oversized T-Shirt, Halloween Gift",CitrusTeeShop,https://www.etsy.com/listing/4572677796/dancing-cryptids-graphic-tee-bigfoot,https://i.etsystatic.com/61796851/r/il/6f4cdb/8504144272/il_510x638.8504144272_jtpy.jpg,CANDIDATE,ORIGIN-PENDING,Fixed graphic-shirt candidate; item page opened; mandatory cross-market origin searches not yet run.,YES,2026-09-25T18:06:25.464Z,NO,ITEM-SPECIFIC,1,2026-09-23,EXACT,NOT-RUN,,,Repeated listing occurrence; no first-occurrence or queue credit.
ORGANIC,TRACE-PILOT-002,TRACE-P002-POOL-ETSY,09-MR,5,illustrated t shirt,Most relevant,COMPLETE,2026-09-25T18:01:59.800Z,,YES,United States,English (US),USD,United States,,,,TRACE-P002-OBS-ETSY-09-MR-02,2,4302187056,CANONICAL-FIRST,"Artistic Cats Inspired by Famous Painters, Funny Cat Art, Minimalist Illustration, Gift for Artist or Art Teacher, Art Shirt, Aesthetic Tee",AlanaDesings,https://www.etsy.com/listing/4302187056/artistic-cats-inspired-by-famous,https://i.etsystatic.com/54788924/r/il/44a6a2/6893926233/il_510x638.6893926233_f42s.jpg,CANDIDATE,ORIGIN-PENDING,Fixed graphic-shirt candidate; item page opened; mandatory cross-market origin searches not yet run.,YES,2026-09-25T18:08:28.718Z,YES,ITEM-SPECIFIC,65,2026-08-28,EXACT,NOT-RUN,RECENT-SALES-BADGE,5,Ranked provenance candidate only; all three origin searches and final Gate 0 remain open; no SDC created.
ORGANIC,TRACE-PILOT-002,TRACE-P002-POOL-ETSY,09-MR,5,illustrated t shirt,Most relevant,COMPLETE,2026-09-25T18:01:59.800Z,,YES,United States,English (US),USD,United States,,,,TRACE-P002-OBS-ETSY-09-MR-03,3,4581594447,CANONICAL-FIRST,Maxwind Studios T-Shirt | Minimalist Sailboat Graphic | Original Art Shirt | Unisex Graphic Tee | Screenprint,MaxwindStudios,https://www.etsy.com/listing/4581594447/maxwind-studios-t-shirt-minimalist,https://i.etsystatic.com/61752383/r/il/7aaf4c/8570510178/il_510x638.8570510178_2cuf.jpg,CANDIDATE,EVIDENCE-QUARANTINE,no official badge or attributable item-review evidence,YES,2026-09-25T18:08:30.903Z,NO,NO-ATTRIBUTABLE-ITEM-EVIDENCE,,,UNCLEAR,NOT-RUN-NOT-QUALIFIED,,,First occurrence retained; not in a cohort queue after evidence/disposition checks; no SDC created.
ORGANIC,TRACE-PILOT-002,TRACE-P002-POOL-ETSY,09-MR,5,illustrated t shirt,Most relevant,COMPLETE,2026-09-25T18:01:59.800Z,,YES,United States,English (US),USD,United States,,,,TRACE-P002-OBS-ETSY-09-MR-04,4,4572806375,REPEAT-LISTING,"Dragon Tea Party Shirt, Knight and Pink Dragon Folk Art, Comfort Colors Tee",OddFrogCo,https://www.etsy.com/listing/4572806375/dragon-tea-party-shirt-knight-and-pink,https://i.etsystatic.com/26053729/r/il/67a704/8505209842/il_510x638.8505209842_nom9.jpg,CANDIDATE,ATTRIBUTION-EXCLUDED,no item-specific review section; schema count not attributable to this print,YES,2026-09-25T18:07:36.312Z,NO,SCHEMA-ONLY/UNCLEAR,,,UNCLEAR,NOT-RUN-NOT-QUALIFIED,,,Repeated listing occurrence; no first-occurrence or queue credit. Raw schema aggregate=335 was not treated as item-specific.
ORGANIC,TRACE-PILOT-002,TRACE-P002-POOL-ETSY,09-MR,5,illustrated t shirt,Most relevant,COMPLETE,2026-09-25T18:01:59.800Z,,YES,United States,English (US),USD,United States,,,,TRACE-P002-OBS-ETSY-09-MR-05,5,4305535947,CANONICAL-FIRST,Moths Comfort Colors® Cotton T-Shirt: Nature illustrated graphic adult unisex tee S-4XL Entomology insect bug scientific,Beehive95Designs,https://www.etsy.com/listing/4305535947/moths-comfort-colors-cotton-t-shirt,https://i.etsystatic.com/22733522/r/il/04277c/6891091662/il_510x638.6891091662_q5gd.jpg,CANDIDATE,ORIGIN-PENDING,Fixed graphic-shirt candidate; item page opened; mandatory cross-market origin searches not yet run.,YES,2026-09-25T18:08:33.327Z,NO,ITEM-SPECIFIC,11,2026-09-22,EXACT,NOT-RUN,,,First occurrence retained; not in a cohort queue after evidence/disposition checks; no SDC created.
ORGANIC,TRACE-PILOT-002,TRACE-P002-POOL-ETSY,09-MR,5,illustrated t shirt,Most relevant,COMPLETE,2026-09-25T18:01:59.800Z,,YES,United States,English (US),USD,United States,,,,TRACE-P002-OBS-ETSY-09-MR-06,6,4544854695,CANONICAL-FIRST,"Vintage Insect Collage T-Shirt, Moth Butterfly Beetle Graphic Top",PremiumCustomShirt,https://www.etsy.com/listing/4544854695/vintage-insect-collage-t-shirt-moth,https://i.etsystatic.com/59425020/r/il/b7cab4/8351500617/il_510x638.8351500617_n8iv.jpg,CANDIDATE,ATTRIBUTION-EXCLUDED,no item-specific review section; schema count not attributable to this print,YES,2026-09-25T18:08:35.771Z,NO,SCHEMA-ONLY/UNCLEAR,,,UNCLEAR,NOT-RUN-NOT-QUALIFIED,,,First occurrence retained; not in a cohort queue after evidence/disposition checks; no SDC created. Raw schema aggregate=110 was not treated as item-specific.
ORGANIC,TRACE-PILOT-002,TRACE-P002-POOL-ETSY,09-MR,5,illustrated t shirt,Most relevant,COMPLETE,2026-09-25T18:01:59.800Z,,YES,United States,English (US),USD,United States,,,,TRACE-P002-OBS-ETSY-09-MR-07,7,4574771460,CANONICAL-FIRST,"Yayoi Kusama Polka Dot Flower T-Shirt, Comfort Colors Art Tee (Japan Artist Gift)",PerleaStudio,https://www.etsy.com/listing/4574771460/yayoi-kusama-shirt-comfort-colors-art,https://i.etsystatic.com/63142666/r/il/5cc347/8519582912/il_510x638.8519582912_bg2c.jpg,IP-EXCLUDED,IP-EXCLUDED,Yayoi Kusama named artist/fame dependence,NO,,,,,,,NOT-APPLICABLE-EXCLUDED,,,First occurrence retained; not in a cohort queue after evidence/disposition checks; no SDC created.
ORGANIC,TRACE-PILOT-002,TRACE-P002-POOL-ETSY,09-MR,5,illustrated t shirt,Most relevant,COMPLETE,2026-09-25T18:01:59.800Z,,YES,United States,English (US),USD,United States,,,,TRACE-P002-OBS-ETSY-09-MR-08,8,4554593804,REPEAT-LISTING,"Love The Unloved Shirt, Cute Critter Animal Graphic Tee, Kindness Nature Comfort Colors T-Shirt Gift for Animal Lovers and Kids",CloudCottoNShirt,https://www.etsy.com/listing/4554593804/love-the-unloved-shirt-cute-critter,https://i.etsystatic.com/61872304/r/il/349c56/8420941491/il_510x638.8420941491_7u08.jpg,CANDIDATE,ORIGIN-PENDING,Fixed graphic-shirt candidate; item page opened; mandatory cross-market origin searches not yet run.,YES,2026-09-25T18:07:41.446Z,NO,ITEM-SPECIFIC,1,2026-08-27,EXACT,NOT-RUN,,,Repeated listing occurrence; no first-occurrence or queue credit.
ORGANIC,TRACE-PILOT-002,TRACE-P002-POOL-ETSY,09-MR,5,illustrated t shirt,Most relevant,COMPLETE,2026-09-25T18:01:59.800Z,,YES,United States,English (US),USD,United States,,,,TRACE-P002-OBS-ETSY-09-MR-09,9,4564341312,CANONICAL-FIRST,"Yayoi Kusama Cat Shirt, Comfort Colors Polka Dot Tee, Japanese Art TShirt, Black Cat Lover Gift, Retro Museum Artist Graphic Tee",TrendyShirtUSA,https://www.etsy.com/listing/4564341312/yayoi-kusama-cat-shirt-comfort-colors,https://i.etsystatic.com/65887079/r/il/c83c35/8491979209/il_510x638.8491979209_pbea.jpg,IP-EXCLUDED,IP-EXCLUDED,Yayoi Kusama named artist/fame dependence,NO,,,,,,,NOT-APPLICABLE-EXCLUDED,,,First occurrence retained; not in a cohort queue after evidence/disposition checks; no SDC created.
ORGANIC,TRACE-PILOT-002,TRACE-P002-POOL-ETSY,09-MR,5,illustrated t shirt,Most relevant,COMPLETE,2026-09-25T18:01:59.800Z,,YES,United States,English (US),USD,United States,,,,TRACE-P002-OBS-ETSY-09-MR-10,10,4517356927,REPEAT-LISTING,Vintage Butterfly Botanical Chart Shirt Nature Moth Comfort Colors Tee,BeeDesignCollection,https://www.etsy.com/listing/4517356927/vintage-butterfly-botanical-chart-shirt,https://i.etsystatic.com/36735606/r/il/7f169c/8104212156/il_510x638.8104212156_1h7b.jpg,CANDIDATE,ORIGIN-PENDING,Fixed graphic-shirt candidate; item page opened; mandatory cross-market origin searches not yet run.,YES,2026-09-25T18:06:40.215Z,YES,ITEM-SPECIFIC,5,2026-09-23,EXACT,NOT-RUN,,,Repeated listing occurrence; no first-occurrence or queue credit.
ORGANIC,TRACE-PILOT-002,TRACE-P002-POOL-ETSY,09-MR,5,illustrated t shirt,Most relevant,COMPLETE,2026-09-25T18:01:59.800Z,,YES,United States,English (US),USD,United States,,,,TRACE-P002-OBS-ETSY-09-MR-11,11,4525794363,CANONICAL-FIRST,"Leaf Litter Ecosystem Comfort Colors Shirt, Forest Floor Decomposer Tee, Soil Ecology Science Teacher Gift, Woodland Linocut Nature Graphic",BarnwoodAndButter,https://www.etsy.com/listing/4525794363/leaf-litter-ecosystem-comfort-colors,https://i.etsystatic.com/63794011/r/il/566c62/8183046350/il_510x638.8183046350_jj7a.jpg,CANDIDATE,ATTRIBUTION-EXCLUDED,no item-specific review section; schema count not attributable to this print,YES,2026-09-25T18:08:38.313Z,NO,SCHEMA-ONLY/UNCLEAR,,,UNCLEAR,NOT-RUN-NOT-QUALIFIED,,,First occurrence retained; not in a cohort queue after evidence/disposition checks; no SDC created. Raw schema aggregate=13 was not treated as item-specific.
ORGANIC,TRACE-PILOT-002,TRACE-P002-POOL-ETSY,09-MR,5,illustrated t shirt,Most relevant,COMPLETE,2026-09-25T18:01:59.800Z,,YES,United States,English (US),USD,United States,,,,TRACE-P002-OBS-ETSY-09-MR-12,12,4554918769,CANONICAL-FIRST,"Art History Shirt, Gothic Aesthetic Tee, Retro Museum Tshirt, Classical Fine Art Graphic Tee, Comfort Colors Medieval Gift",OldSchoolStock,https://www.etsy.com/listing/4554918769/art-history-shirt-gothic-aesthetic-tee,https://i.etsystatic.com/63943277/r/il/31ba95/8375399698/il_510x638.8375399698_9acu.jpg,CANDIDATE,ATTRIBUTION-EXCLUDED,no item-specific review section; schema count not attributable to this print,YES,2026-09-25T18:08:41.244Z,NO,SCHEMA-ONLY/UNCLEAR,,,UNCLEAR,NOT-RUN-NOT-QUALIFIED,,,First occurrence retained; not in a cohort queue after evidence/disposition checks; no SDC created. Raw schema aggregate=29 was not treated as item-specific.
SURFACE,TRACE-PILOT-002,TRACE-P002-POOL-ETSY,10-TR,5,illustrated t shirt,Top reviews,COMPLETE,2026-09-25T18:02:04.148Z,https://www.etsy.com/search?q=illustrated%20t%20shirt&instant_download=false&order=highest_reviews,YES,United States,English (US),USD,United States,0,12,0,,,,,,,,,,,,,,,,,,,,,,No interleaved ad card rendered before organic ordinal 12.
ORGANIC,TRACE-PILOT-002,TRACE-P002-POOL-ETSY,10-TR,5,illustrated t shirt,Top reviews,COMPLETE,2026-09-25T18:02:04.148Z,,YES,United States,English (US),USD,United States,,,,TRACE-P002-OBS-ETSY-10-TR-01,1,4521616334,CANONICAL-FIRST,CHAMPS - ADULT – New York Basketball Vintage Illustrated T-Shirt,HenryKayeStudio,https://www.etsy.com/listing/4521616334/champs-adult-new-york-basketball-vintage,https://i.etsystatic.com/37253862/r/il/419195/8134311494/il_510x638.8134311494_df80.jpg,IP-EXCLUDED,IP-EXCLUDED,New York professional-basketball fandom,NO,,,,,,,NOT-APPLICABLE-EXCLUDED,,,First occurrence retained; not in a cohort queue after evidence/disposition checks; no SDC created.
ORGANIC,TRACE-PILOT-002,TRACE-P002-POOL-ETSY,10-TR,5,illustrated t shirt,Top reviews,COMPLETE,2026-09-25T18:02:04.148Z,,YES,United States,English (US),USD,United States,,,,TRACE-P002-OBS-ETSY-10-TR-02,2,4461316236,CANONICAL-FIRST,Retro Trio Music Illustration Shirt Vintage Rush Band Cartoon Style Unisex Comfort Colors Tee Gift,AdaCustomPrints,https://www.etsy.com/listing/4461316236/retro-trio-music-illustration-shirt,https://i.etsystatic.com/64420293/r/il/0b80de/8405291081/il_510x638.8405291081_2qx6.jpg,IP-EXCLUDED,IP-EXCLUDED,Rush band reference,NO,,,,,,,NOT-APPLICABLE-EXCLUDED,,,First occurrence retained; not in a cohort queue after evidence/disposition checks; no SDC created.
ORGANIC,TRACE-PILOT-002,TRACE-P002-POOL-ETSY,10-TR,5,illustrated t shirt,Top reviews,COMPLETE,2026-09-25T18:02:04.148Z,,YES,United States,English (US),USD,United States,,,,TRACE-P002-OBS-ETSY-10-TR-03,3,4565482353,CANONICAL-FIRST,7 Tennis Day Pink Lime Blast Black Phantom Anthracite T Shirt Match FINSTER,EverlastingByMegan,https://www.etsy.com/listing/4565482353/7-tennis-day-pink-lime-blast-black,https://i.etsystatic.com/33294992/r/il/f467f2/8500707227/il_510x638.8500707227_6a0l.jpg,CANDIDATE,ORIGIN-PENDING,Fixed graphic-shirt candidate; item page opened; mandatory cross-market origin searches not yet run.,YES,2026-09-25T18:08:44.113Z,NO,ITEM-SPECIFIC,1,2026-09-23,EXACT,NOT-RUN,,,First occurrence retained; not in a cohort queue after evidence/disposition checks; no SDC created.
ORGANIC,TRACE-PILOT-002,TRACE-P002-POOL-ETSY,10-TR,5,illustrated t shirt,Top reviews,COMPLETE,2026-09-25T18:02:04.148Z,,YES,United States,English (US),USD,United States,,,,TRACE-P002-OBS-ETSY-10-TR-04,4,4444591130,CANONICAL-FIRST,10 Hydrangeas Chalk Wild Grape Lavender Air T Shirt Match NIP,EverlastingByMegan,https://www.etsy.com/listing/4444591130/10-hydrangeas-chalk-wild-grape-lavender,https://i.etsystatic.com/33294992/r/il/5833ce/7719815039/il_510x638.7719815039_g9n3.jpg,CANDIDATE,ORIGIN-PENDING,Fixed graphic-shirt candidate; item page opened; mandatory cross-market origin searches not yet run.,YES,2026-09-25T18:08:46.615Z,NO,ITEM-SPECIFIC,3,2026-07-05,EXACT,NOT-RUN,,,First occurrence retained; not in a cohort queue after evidence/disposition checks; no SDC created.
ORGANIC,TRACE-PILOT-002,TRACE-P002-POOL-ETSY,10-TR,5,illustrated t shirt,Top reviews,COMPLETE,2026-09-25T18:02:04.148Z,,YES,United States,English (US),USD,United States,,,,TRACE-P002-OBS-ETSY-10-TR-05,5,4512962472,CANONICAL-FIRST,Orange & Blue Skies – ADULT - New York Basketball Vintage Illustrated T-Shirt,HenryKayeStudio,https://www.etsy.com/listing/4512962472/orange-blue-skies-adult-new-york,https://i.etsystatic.com/37253862/r/il/67d9f5/8146499823/il_510x638.8146499823_m8xm.jpg,IP-EXCLUDED,IP-EXCLUDED,New York professional-basketball fandom,NO,,,,,,,NOT-APPLICABLE-EXCLUDED,,,First occurrence retained; not in a cohort queue after evidence/disposition checks; no SDC created.
ORGANIC,TRACE-PILOT-002,TRACE-P002-POOL-ETSY,10-TR,5,illustrated t shirt,Top reviews,COMPLETE,2026-09-25T18:02:04.148Z,,YES,United States,English (US),USD,United States,,,,TRACE-P002-OBS-ETSY-10-TR-06,6,4363775899,CANONICAL-FIRST,Halloween Movie TShirt | Illustrated Horror Movie Graphic Tee | Comfort Colors Vintage Inspired Illustrated T-Shirt | Gift for horror lover,LaFumettista,https://www.etsy.com/listing/4363775899/halloween-movie-tshirt-illustrated,https://i.etsystatic.com/15222087/r/il/a54521/7170521208/il_510x638.7170521208_ffmz.jpg,IP-EXCLUDED,IP-EXCLUDED,horror-movie imagery/fandom,NO,,,,,,,NOT-APPLICABLE-EXCLUDED,,,First occurrence retained; not in a cohort queue after evidence/disposition checks; no SDC created.
ORGANIC,TRACE-PILOT-002,TRACE-P002-POOL-ETSY,10-TR,5,illustrated t shirt,Top reviews,COMPLETE,2026-09-25T18:02:04.148Z,,YES,United States,English (US),USD,United States,,,,TRACE-P002-OBS-ETSY-10-TR-07,7,4452916423,CANONICAL-FIRST,"Retro Orca Comfort Colors Shirt, Nature Academia, Marine Biology Nature Orca lover gift, Granola Girl Illustrated T-shirt",VVilaCo,https://www.etsy.com/listing/4452916423/retro-orca-comfort-colors-shirt-nature,https://i.etsystatic.com/51013343/r/il/bb46fc/7678664726/il_510x638.7678664726_d7j0.jpg,CANDIDATE,ORIGIN-PENDING,Fixed graphic-shirt candidate; item page opened; mandatory cross-market origin searches not yet run.,YES,2026-09-25T18:08:49.261Z,NO,ITEM-SPECIFIC,1,2026-07-04,EXACT,NOT-RUN,,,First occurrence retained; not in a cohort queue after evidence/disposition checks; no SDC created.
ORGANIC,TRACE-PILOT-002,TRACE-P002-POOL-ETSY,10-TR,5,illustrated t shirt,Top reviews,COMPLETE,2026-09-25T18:02:04.148Z,,YES,United States,English (US),USD,United States,,,,TRACE-P002-OBS-ETSY-10-TR-08,8,4411044525,CANONICAL-FIRST,740 Cyber Jade Ultra Pink Black Teal Aqua T Shirt Match FINSTER,EverlastingByMegan,https://www.etsy.com/listing/4411044525/740-cyber-jade-ultra-pink-black-teal,https://i.etsystatic.com/33294992/r/il/de632a/7749021643/il_510x638.7749021643_qclq.jpg,CANDIDATE,ORIGIN-PENDING,Fixed graphic-shirt candidate; item page opened; mandatory cross-market origin searches not yet run.,YES,2026-09-25T18:08:51.444Z,NO,ITEM-SPECIFIC,6,2026-08-29,EXACT,NOT-RUN,,,First occurrence retained; not in a cohort queue after evidence/disposition checks; no SDC created.
ORGANIC,TRACE-PILOT-002,TRACE-P002-POOL-ETSY,10-TR,5,illustrated t shirt,Top reviews,COMPLETE,2026-09-25T18:02:04.148Z,,YES,United States,English (US),USD,United States,,,,TRACE-P002-OBS-ETSY-10-TR-09,9,1607031864,CANONICAL-FIRST,"For Charity, Watermelon Palestine (فلسطين) - Gildan Crewneck Cotton Unisex Illustrated T-shirt Print - White",licencetocreate,https://www.etsy.com/listing/1607031864/for-charity-watermelon-palestine-flsyn,https://i.etsystatic.com/25512380/r/il/1188bc/5546840070/il_510x638.5546840070_3wx1.jpg,CANDIDATE,ORIGIN-PENDING,Fixed graphic-shirt candidate; item page opened; mandatory cross-market origin searches not yet run.,YES,2026-09-25T18:08:53.715Z,NO,ITEM-SPECIFIC,11,2025-11-03,EXACT,NOT-RUN,,,First occurrence retained; not in a cohort queue after evidence/disposition checks; no SDC created.
ORGANIC,TRACE-PILOT-002,TRACE-P002-POOL-ETSY,10-TR,5,illustrated t shirt,Top reviews,COMPLETE,2026-09-25T18:02:04.148Z,,YES,United States,English (US),USD,United States,,,,TRACE-P002-OBS-ETSY-10-TR-10,10,4461403185,CANONICAL-FIRST,1 Bordeaux High White Silver Grey Maroon T Shirt Match NIP,EverlastingByMegan,https://www.etsy.com/listing/4461403185/1-bordeaux-high-white-silver-grey-maroon,https://i.etsystatic.com/33294992/r/il/4af147/7735421732/il_510x638.7735421732_cfff.jpg,CANDIDATE,ORIGIN-PENDING,Fixed graphic-shirt candidate; item page opened; mandatory cross-market origin searches not yet run.,YES,2026-09-25T18:08:55.931Z,NO,ITEM-SPECIFIC,3,2026-08-10,EXACT,NOT-RUN,,,First occurrence retained; not in a cohort queue after evidence/disposition checks; no SDC created.
ORGANIC,TRACE-PILOT-002,TRACE-P002-POOL-ETSY,10-TR,5,illustrated t shirt,Top reviews,COMPLETE,2026-09-25T18:02:04.148Z,,YES,United States,English (US),USD,United States,,,,TRACE-P002-OBS-ETSY-10-TR-11,11,549555574,CANONICAL-FIRST,"Breweries Are Calling T-Shirt, Hand Illustrated Beer Lover Tee",brewershirts,https://www.etsy.com/listing/549555574/breweries-are-calling-t-shirt-hand,https://i.etsystatic.com/6056244/r/il/1cb3fd/6695257715/il_510x638.6695257715_c867.jpg,CANDIDATE,ORIGIN-PENDING,Fixed graphic-shirt candidate; item page opened; mandatory cross-market origin searches not yet run.,YES,2026-09-25T18:08:58.395Z,NO,ITEM-SPECIFIC,395,2026-06-21,EXACT,NOT-RUN,ITEM-REVIEW-DEPTH,5,Ranked provenance candidate only; all three origin searches and final Gate 0 remain open; no SDC created.
ORGANIC,TRACE-PILOT-002,TRACE-P002-POOL-ETSY,10-TR,5,illustrated t shirt,Top reviews,COMPLETE,2026-09-25T18:02:04.148Z,,YES,United States,English (US),USD,United States,,,,TRACE-P002-OBS-ETSY-10-TR-12,12,4533066395,CANONICAL-FIRST,Dunk Khaki Team Red Pearl White Baroque Brown Low T Shirt Match VERTBLS,EverlastingByMegan,https://www.etsy.com/listing/4533066395/dunk-khaki-team-red-pearl-white-baroque,https://i.etsystatic.com/33294992/r/il/f18b26/8263783779/il_510x638.8263783779_ctyq.jpg,CANDIDATE,ORIGIN-PENDING,Fixed graphic-shirt candidate; item page opened; mandatory cross-market origin searches not yet run.,YES,2026-09-25T18:09:00.892Z,NO,ITEM-SPECIFIC,1,2026-09-11,EXACT,NOT-RUN,,,First occurrence retained; not in a cohort queue after evidence/disposition checks; no SDC created.
SURFACE,TRACE-PILOT-002,TRACE-P002-POOL-ETSY,11-MR,6,retro graphic t shirt,Most relevant,COMPLETE,2026-09-25T18:02:08.086Z,https://www.etsy.com/search?q=retro%20graphic%20t%20shirt&instant_download=false&order=most_relevant,YES,United States,English (US),USD,United States,0,12,0,,,,,,,,,,,,,,,,,,,,,,No interleaved ad card rendered before organic ordinal 12.
ORGANIC,TRACE-PILOT-002,TRACE-P002-POOL-ETSY,11-MR,6,retro graphic t shirt,Most relevant,COMPLETE,2026-09-25T18:02:08.086Z,,YES,United States,English (US),USD,United States,,,,TRACE-P002-OBS-ETSY-11-MR-01,1,4578956703,CANONICAL-FIRST,"Comfort Colors Halloween Shirt, Retro Spooky Collage Tee, Trick or Treat Shirt, Vintage Halloween Graphic Tee, Colorful Spooky Season Shirt",EverWildTees,https://www.etsy.com/listing/4578956703/comfort-colors-halloween-shirt-retro,https://i.etsystatic.com/36511669/r/il/125d6b/8551697484/il_510x638.8551697484_n9f8.jpg,CANDIDATE,ATTRIBUTION-EXCLUDED,no item-specific review section; schema count not attributable to this print,YES,2026-09-25T18:09:03.263Z,NO,SCHEMA-ONLY/UNCLEAR,,,UNCLEAR,NOT-RUN-NOT-QUALIFIED,,,First occurrence retained; not in a cohort queue after evidence/disposition checks; no SDC created. Raw schema aggregate=32 was not treated as item-specific.
ORGANIC,TRACE-PILOT-002,TRACE-P002-POOL-ETSY,11-MR,6,retro graphic t shirt,Most relevant,COMPLETE,2026-09-25T18:02:08.086Z,,YES,United States,English (US),USD,United States,,,,TRACE-P002-OBS-ETSY-11-MR-02,2,4572306570,REPEAT-LISTING,"Retro Halloween Shirt, Y2K Comfort Colors Tee, Vintage Black Cat Ghost Skeleton T Shirt, Spooky Cute Pumpkin Witch Graphic Tee",EverChangingJourney,https://www.etsy.com/listing/4572306570/retro-halloween-shirt-y2k-comfort-colors,https://i.etsystatic.com/9005412/r/il/ebef48/8549243111/il_510x638.8549243111_62g6.jpg,CANDIDATE,ORIGIN-PENDING,Fixed graphic-shirt candidate; item page opened; mandatory cross-market origin searches not yet run.,YES,2026-09-25T18:06:27.954Z,YES,ITEM-SPECIFIC,3,2026-09-24,EXACT,NOT-RUN,,,Repeated listing occurrence; no first-occurrence or queue credit.
ORGANIC,TRACE-PILOT-002,TRACE-P002-POOL-ETSY,11-MR,6,retro graphic t shirt,Most relevant,COMPLETE,2026-09-25T18:02:08.086Z,,YES,United States,English (US),USD,United States,,,,TRACE-P002-OBS-ETSY-11-MR-03,3,4561561694,REPEAT-LISTING,Vintage Princess Donut and Mongo Shirt Dungeon Crawler Carl Bookish Merch Vintage T-Shirt Fantasy Book Lover Gift LitRPG Graphic Tee,Mantulacreativeart,https://www.etsy.com/listing/4561561694/vintage-princess-donut-and-mongo-shirt,https://i.etsystatic.com/22740522/r/il/09e3db/8471709935/il_510x638.8471709935_rxbo.jpg,IP-EXCLUDED,IP-EXCLUDED,Dungeon Crawler Carl named characters/property,NO,,,,,,,NOT-APPLICABLE-EXCLUDED,,,Repeated listing occurrence; no first-occurrence or queue credit.
ORGANIC,TRACE-PILOT-002,TRACE-P002-POOL-ETSY,11-MR,6,retro graphic t shirt,Most relevant,COMPLETE,2026-09-25T18:02:08.086Z,,YES,United States,English (US),USD,United States,,,,TRACE-P002-OBS-ETSY-11-MR-04,4,4542206896,REPEAT-LISTING,"Jimothy Raccoon Shirt, Viral Seattle Feral Legend Comfort Colors Tee, Retro Jimothy Moon Graphic Tshirt, Round King  Cottagecore Animal Tee",SKWILART,https://www.etsy.com/listing/4542206896/jimothy-raccoon-shirt-viral-seattle,https://i.etsystatic.com/64643122/r/il/1e065b/8284714262/il_510x638.8284714262_o0ui.jpg,IP-EXCLUDED,IP-EXCLUDED,Title/thumbnail depend on the viral/famous Jimothy Seattle raccoon.,YES,2026-09-25T18:06:30.093Z,YES,ITEM-SPECIFIC,81,2026-09-25,EXACT,NOT-APPLICABLE-EXCLUDED,,,Repeated listing occurrence; no first-occurrence or queue credit.
ORGANIC,TRACE-PILOT-002,TRACE-P002-POOL-ETSY,11-MR,6,retro graphic t shirt,Most relevant,COMPLETE,2026-09-25T18:02:08.086Z,,YES,United States,English (US),USD,United States,,,,TRACE-P002-OBS-ETSY-11-MR-05,5,4550187840,REPEAT-LISTING,Princess Donut and Mongo Shirt Dungeon Crawler Carl Bookish Merch Vintage Comfort Colors T-Shirt Fantasy Book Lover Gift LitRPG Graphic Tee,malaniaa,https://www.etsy.com/listing/4550187840/princess-donut-and-mongo-shirt-dungeon,https://i.etsystatic.com/21779919/r/il/3591b6/8389192489/il_510x638.8389192489_73d6.jpg,IP-EXCLUDED,IP-EXCLUDED,Dungeon Crawler Carl named characters/property,NO,,,,,,,NOT-APPLICABLE-EXCLUDED,,,Repeated listing occurrence; no first-occurrence or queue credit.
ORGANIC,TRACE-PILOT-002,TRACE-P002-POOL-ETSY,11-MR,6,retro graphic t shirt,Most relevant,COMPLETE,2026-09-25T18:02:08.086Z,,YES,United States,English (US),USD,United States,,,,TRACE-P002-OBS-ETSY-11-MR-06,6,4461627567,REPEAT-LISTING,Comfort Colors Banjo Bear & Bird T-Shirt | Retro Folk Music Animal Graphic Tee | Nature Lover Gift | Country Bluegrass Art | Unisex,ClothingByShane,https://www.etsy.com/listing/4461627567/comfort-colors-banjo-bear-bird-t-shirt,https://i.etsystatic.com/16458938/r/il/cd33de/8477071984/il_510x638.8477071984_6pse.jpg,CANDIDATE,ORIGIN-PENDING,Fixed graphic-shirt candidate; item page opened; mandatory cross-market origin searches not yet run.,YES,2026-09-25T18:06:37.944Z,NO,ITEM-SPECIFIC,4,2026-07-14,EXACT,NOT-RUN,,,Repeated listing occurrence; no first-occurrence or queue credit.
ORGANIC,TRACE-PILOT-002,TRACE-P002-POOL-ETSY,11-MR,6,retro graphic t shirt,Most relevant,COMPLETE,2026-09-25T18:02:08.086Z,,YES,United States,English (US),USD,United States,,,,TRACE-P002-OBS-ETSY-11-MR-07,7,4489028804,REPEAT-LISTING,"Amaze Rocket Rocky Shirt, Project Hail Mary Comfort Colors® T Shirt, Retro Sci Fi Alien Book Lover Graphic Tee",OldInkStudio,https://www.etsy.com/listing/4489028804/amaze-rocket-rocky-shirt-project-hail,https://i.etsystatic.com/64133416/r/il/adda16/7963125803/il_510x638.7963125803_87i5.jpg,IP-EXCLUDED,IP-EXCLUDED,Project Hail Mary named book/property,NO,,,,,,,NOT-APPLICABLE-EXCLUDED,,,Repeated listing occurrence; no first-occurrence or queue credit.
ORGANIC,TRACE-PILOT-002,TRACE-P002-POOL-ETSY,11-MR,6,retro graphic t shirt,Most relevant,COMPLETE,2026-09-25T18:02:08.086Z,,YES,United States,English (US),USD,United States,,,,TRACE-P002-OBS-ETSY-11-MR-08,8,1800339871,CANONICAL-FIRST,"Three Raccoons Retro Graphic T-shirts, Vintage Comfort Colors® Raccoon Moon Tshirt, Raccoon Lovers, Funny Raccon Tee, Oversized Washed Tee",OldSchoolCulture,https://www.etsy.com/listing/1800339871/three-raccoons-retro-graphic-t-shirts,https://i.etsystatic.com/41371150/r/il/f7873d/7033683897/il_510x638.7033683897_aec7.jpg,CANDIDATE,ORIGIN-PENDING,Fixed graphic-shirt candidate; item page opened; mandatory cross-market origin searches not yet run.,YES,2026-09-25T18:09:06.047Z,YES,ITEM-SPECIFIC,486,2026-09-14,EXACT,NOT-RUN,RECENT-SALES-BADGE,2,Ranked provenance candidate only; all three origin searches and final Gate 0 remain open; no SDC created.
ORGANIC,TRACE-PILOT-002,TRACE-P002-POOL-ETSY,11-MR,6,retro graphic t shirt,Most relevant,COMPLETE,2026-09-25T18:02:08.086Z,,YES,United States,English (US),USD,United States,,,,TRACE-P002-OBS-ETSY-11-MR-09,9,4581350138,CANONICAL-FIRST,Lobster Bake in Space Tee,GrooveGraphicsStudio,https://www.etsy.com/listing/4581350138/lobster-bake-in-space-tee,https://i.etsystatic.com/48107725/r/il/03195e/8616662073/il_510x638.8616662073_11tk.jpg,CANDIDATE,ATTRIBUTION-EXCLUDED,no item-specific review section; schema count not attributable to this print,YES,2026-09-25T18:09:08.258Z,NO,SCHEMA-ONLY/UNCLEAR,,,UNCLEAR,NOT-RUN-NOT-QUALIFIED,,,First occurrence retained; not in a cohort queue after evidence/disposition checks; no SDC created. Raw schema aggregate=1 was not treated as item-specific.
ORGANIC,TRACE-PILOT-002,TRACE-P002-POOL-ETSY,11-MR,6,retro graphic t shirt,Most relevant,COMPLETE,2026-09-25T18:02:08.086Z,,YES,United States,English (US),USD,United States,,,,TRACE-P002-OBS-ETSY-11-MR-10,10,4414449167,REPEAT-LISTING,"Mitochondria Vintage Science T-Shirt, Retro Biology Graphic Tee, 90s Academic Cell Diagram Shirt, Geek Lab Humor Top, STEM Learning Gift",RetroFluent,https://www.etsy.com/listing/4414449167/mitochondria-vintage-science-t-shirt,https://i.etsystatic.com/60918381/r/il/ff42d9/7502890817/il_510x638.7502890817_9wc5.jpg,CANDIDATE,ORIGIN-PENDING,Fixed graphic-shirt candidate; item page opened; mandatory cross-market origin searches not yet run.,YES,2026-09-25T18:07:04.295Z,YES,ITEM-SPECIFIC,127,2026-09-21,EXACT,NOT-RUN,,,Repeated listing occurrence; no first-occurrence or queue credit.
ORGANIC,TRACE-PILOT-002,TRACE-P002-POOL-ETSY,11-MR,6,retro graphic t shirt,Most relevant,COMPLETE,2026-09-25T18:02:08.086Z,,YES,United States,English (US),USD,United States,,,,TRACE-P002-OBS-ETSY-11-MR-11,11,4517356927,REPEAT-LISTING,Vintage Butterfly Botanical Chart Shirt Nature Moth Comfort Colors Tee,BeeDesignCollection,https://www.etsy.com/listing/4517356927/vintage-butterfly-botanical-chart-shirt,https://i.etsystatic.com/36735606/r/il/7f169c/8104212156/il_510x638.8104212156_1h7b.jpg,CANDIDATE,ORIGIN-PENDING,Fixed graphic-shirt candidate; item page opened; mandatory cross-market origin searches not yet run.,YES,2026-09-25T18:06:40.215Z,YES,ITEM-SPECIFIC,5,2026-09-23,EXACT,NOT-RUN,,,Repeated listing occurrence; no first-occurrence or queue credit.
ORGANIC,TRACE-PILOT-002,TRACE-P002-POOL-ETSY,11-MR,6,retro graphic t shirt,Most relevant,COMPLETE,2026-09-25T18:02:08.086Z,,YES,United States,English (US),USD,United States,,,,TRACE-P002-OBS-ETSY-11-MR-12,12,4531565663,CANONICAL-FIRST,"Retro Cat Shirt, Oversize, Womens, Mens, Unisex Comfort Colors T-shirt",KickAshCo,https://www.etsy.com/listing/4531565663/retro-cat-shirt-oversize-womens-mens,https://i.etsystatic.com/5768653/r/il/eb3aee/8252541163/il_510x638.8252541163_sgh2.jpg,CANDIDATE,ORIGIN-PENDING,Fixed graphic-shirt candidate; item page opened; mandatory cross-market origin searches not yet run.,YES,2026-09-25T18:09:10.425Z,YES,ITEM-SPECIFIC,29,2026-09-21,EXACT,NOT-RUN,RECENT-SALES-BADGE,6,Ranked provenance candidate only; all three origin searches and final Gate 0 remain open; no SDC created.
SURFACE,TRACE-PILOT-002,TRACE-P002-POOL-ETSY,12-TR,6,retro graphic t shirt,Top reviews,COMPLETE,2026-09-25T18:02:11.520Z,https://www.etsy.com/search?q=retro%20graphic%20t%20shirt&instant_download=false&order=highest_reviews,YES,United States,English (US),USD,United States,0,12,0,,,,,,,,,,,,,,,,,,,,,,No interleaved ad card rendered before organic ordinal 12.
ORGANIC,TRACE-PILOT-002,TRACE-P002-POOL-ETSY,12-TR,6,retro graphic t shirt,Top reviews,COMPLETE,2026-09-25T18:02:11.520Z,,YES,United States,English (US),USD,United States,,,,TRACE-P002-OBS-ETSY-12-TR-01,1,4567985153,REPEAT-LISTING,"Comfort Colors Amaze T-Shirt, Funny Maze T-Shirt, Space Mary Graphic Tee, Retro Rock Shirt, Meme Graphic Tee, Cosmic Shirt",EverWildTees,https://www.etsy.com/listing/4567985153/comfort-colors-amaze-t-shirt-funny-maze,https://i.etsystatic.com/36511669/r/il/b2a2d8/8471256394/il_510x638.8471256394_6hz7.jpg,CANDIDATE,IP-EXCLUDED,Project Hail Mary/Amaze entertainment-property dependence confirmed by family context,YES,2026-09-25T18:07:22.663Z,YES,ITEM-SPECIFIC,1,2026-09-15,EXACT,NOT-APPLICABLE-EXCLUDED,,,Repeated listing occurrence; no first-occurrence or queue credit.
ORGANIC,TRACE-PILOT-002,TRACE-P002-POOL-ETSY,12-TR,6,retro graphic t shirt,Top reviews,COMPLETE,2026-09-25T18:02:11.520Z,,YES,United States,English (US),USD,United States,,,,TRACE-P002-OBS-ETSY-12-TR-02,2,4570128243,CANONICAL-FIRST,"The Warriors Come Out To Play 1979 Comfort Colors T-Shirt, Vintage NYC Street Gang Tee, Two Sided Cult Movie Tee, Retro Warriors Fan Gift",JacksoneLabel,https://www.etsy.com/listing/4570128243/the-warriors-come-out-to-play-1979,https://i.etsystatic.com/66070876/r/il/8b12b1/8532876979/il_510x638.8532876979_4cct.jpg,IP-EXCLUDED,IP-EXCLUDED,The Warriors film quotation/property,NO,,,,,,,NOT-APPLICABLE-EXCLUDED,,,First occurrence retained; not in a cohort queue after evidence/disposition checks; no SDC created.
ORGANIC,TRACE-PILOT-002,TRACE-P002-POOL-ETSY,12-TR,6,retro graphic t shirt,Top reviews,COMPLETE,2026-09-25T18:02:11.520Z,,YES,United States,English (US),USD,United States,,,,TRACE-P002-OBS-ETSY-12-TR-03,3,4563877335,REPEAT-LISTING,"Lake Ontario Shirt, Great Lakes Sunset Graphic Tee, Retro Canada Vacation Gift, Cottage Country Outdoor Comfort Colors Shirt",TheMeroPixel,https://www.etsy.com/listing/4563877335/lake-ontario-shirt-great-lakes-sunset,https://i.etsystatic.com/60585799/r/il/7c9274/8488789127/il_510x638.8488789127_54dq.jpg,CANDIDATE,ORIGIN-PENDING,Fixed graphic-shirt candidate; item page opened; mandatory cross-market origin searches not yet run.,YES,2026-09-25T18:06:32.712Z,YES,ITEM-SPECIFIC,9,2026-09-17,EXACT,NOT-RUN,,,Repeated listing occurrence; no first-occurrence or queue credit.
ORGANIC,TRACE-PILOT-002,TRACE-P002-POOL-ETSY,12-TR,6,retro graphic t shirt,Top reviews,COMPLETE,2026-09-25T18:02:11.520Z,,YES,United States,English (US),USD,United States,,,,TRACE-P002-OBS-ETSY-12-TR-04,4,4573163328,CANONICAL-FIRST,"Comfort Colors Dolly Day Shirt, Retro Dolly Parton 9 to 5 Country Music Tee, Vintage Nashville Cowgirl Shirt, Country Music Lover Gift",Bluediamondz26,https://www.etsy.com/listing/4573163328/comfort-colors-dolly-day-shirt-retro,https://i.etsystatic.com/67094842/r/il/8408cb/8555512705/il_510x638.8555512705_76g6.jpg,IP-EXCLUDED,IP-EXCLUDED,Dolly Parton celebrity/song dependence,NO,,,,,,,NOT-APPLICABLE-EXCLUDED,,,First occurrence retained; not in a cohort queue after evidence/disposition checks; no SDC created.
ORGANIC,TRACE-PILOT-002,TRACE-P002-POOL-ETSY,12-TR,6,retro graphic t shirt,Top reviews,COMPLETE,2026-09-25T18:02:11.520Z,,YES,United States,English (US),USD,United States,,,,TRACE-P002-OBS-ETSY-12-TR-05,5,4550538854,CANONICAL-FIRST,"TLC Salt-N-Pepa En Vogue It's Iconic Tour T-Shirt, 90s R&B Graphic Tee",Crosswonder,https://www.etsy.com/listing/4550538854/tlc-salt-n-pepa-en-vogue-tour-t-shirt,https://i.etsystatic.com/41878046/r/il/aacc03/8391730205/il_510x638.8391730205_7v5i.jpg,IP-EXCLUDED,IP-EXCLUDED,TLC/Salt-N-Pepa/En Vogue tour and musicians,NO,,,,,,,NOT-APPLICABLE-EXCLUDED,,,First occurrence retained; not in a cohort queue after evidence/disposition checks; no SDC created.
ORGANIC,TRACE-PILOT-002,TRACE-P002-POOL-ETSY,12-TR,6,retro graphic t shirt,Top reviews,COMPLETE,2026-09-25T18:02:11.520Z,,YES,United States,English (US),USD,United States,,,,TRACE-P002-OBS-ETSY-12-TR-06,6,1800339871,REPEAT-LISTING,"Three Raccoons Retro Graphic T-shirts, Vintage Comfort Colors® Raccoon Moon Tshirt, Raccoon Lovers, Funny Raccon Tee, Oversized Washed Tee",OldSchoolCulture,https://www.etsy.com/listing/1800339871/three-raccoons-retro-graphic-t-shirts,https://i.etsystatic.com/41371150/r/il/f7873d/7033683897/il_510x638.7033683897_aec7.jpg,CANDIDATE,ORIGIN-PENDING,Fixed graphic-shirt candidate; item page opened; mandatory cross-market origin searches not yet run.,YES,2026-09-25T18:09:06.047Z,YES,ITEM-SPECIFIC,486,2026-09-14,EXACT,NOT-RUN,,,Repeated listing occurrence; no first-occurrence or queue credit.
ORGANIC,TRACE-PILOT-002,TRACE-P002-POOL-ETSY,12-TR,6,retro graphic t shirt,Top reviews,COMPLETE,2026-09-25T18:02:11.520Z,,YES,United States,English (US),USD,United States,,,,TRACE-P002-OBS-ETSY-12-TR-07,7,4567268999,REPEAT-LISTING,"I Love HS Baby Tee, Pop Music Fan Shirt, Retro Y2K Heart Graphic T-Shirt, Concert Outfit, Celebrity Crush Gift for Women",GofranGoods,https://www.etsy.com/listing/4567268999/i-love-hs-baby-tee-pop-music-fan-shirt,https://i.etsystatic.com/62279557/r/il/b976ef/8466242048/il_510x638.8466242048_8ugo.jpg,IP-EXCLUDED,IP-EXCLUDED,celebrity/pop-music fandom dependence,NO,,,,,,,NOT-APPLICABLE-EXCLUDED,,,Repeated listing occurrence; no first-occurrence or queue credit.
ORGANIC,TRACE-PILOT-002,TRACE-P002-POOL-ETSY,12-TR,6,retro graphic t shirt,Top reviews,COMPLETE,2026-09-25T18:02:11.520Z,,YES,United States,English (US),USD,United States,,,,TRACE-P002-OBS-ETSY-12-TR-08,8,4563184695,REPEAT-LISTING,"Hey Sista Graphic Tee, Retro Typography, Comfort Colors Cotton Shirt",Craftiphy,https://www.etsy.com/listing/4563184695/hey-sista-its-really-really-nice-to-meet,https://i.etsystatic.com/67576393/r/il/bf0a48/8483708693/il_510x638.8483708693_kwwv.jpg,CANDIDATE,ORIGIN-PENDING,Fixed graphic-shirt candidate; item page opened; mandatory cross-market origin searches not yet run.,YES,2026-09-25T18:08:14.386Z,NO,ITEM-SPECIFIC,1,2026-09-22,EXACT,NOT-RUN,,,Repeated listing occurrence; no first-occurrence or queue credit.
ORGANIC,TRACE-PILOT-002,TRACE-P002-POOL-ETSY,12-TR,6,retro graphic t shirt,Top reviews,COMPLETE,2026-09-25T18:02:11.520Z,,YES,United States,English (US),USD,United States,,,,TRACE-P002-OBS-ETSY-12-TR-09,9,4563167155,CANONICAL-FIRST,"Vintage Dolly Parton Tribute Women V-Neck Shirt, Classic Cowgirl Graphic Tee, Retro Country Music Legend Portrait, Bella Canvas®",CustomTeeVibe,https://www.etsy.com/listing/4563167155/vintage-dolly-parton-tribute-v-neck,https://i.etsystatic.com/58437429/r/il/bac7ee/8435723956/il_510x638.8435723956_h3ij.jpg,IP-EXCLUDED,IP-EXCLUDED,Dolly Parton celebrity portrait,NO,,,,,,,NOT-APPLICABLE-EXCLUDED,,,First occurrence retained; not in a cohort queue after evidence/disposition checks; no SDC created.
ORGANIC,TRACE-PILOT-002,TRACE-P002-POOL-ETSY,12-TR,6,retro graphic t shirt,Top reviews,COMPLETE,2026-09-25T18:02:11.520Z,,YES,United States,English (US),USD,United States,,,,TRACE-P002-OBS-ETSY-12-TR-10,10,4351393080,CANONICAL-FIRST,"Custom Pet Vintage Bootleg T-Shirt, Retro Personalized  Pet Photo + Name Comfort Colors® Shirt, Custom Dog Portrait Top,Design Cat Shirt Tee",OldSchoolCulture,https://www.etsy.com/listing/4351393080/custom-pet-vintage-bootleg-t-shirt-retro,https://i.etsystatic.com/41371150/r/il/eb8260/8022774346/il_510x638.8022774346_7rod.jpg,PRODUCT-EXCLUDED,PRODUCT-EXCLUDED,custom/personalized pet-photo service,NO,,,,,,,NOT-APPLICABLE-EXCLUDED,,,First occurrence retained; not in a cohort queue after evidence/disposition checks; no SDC created.
ORGANIC,TRACE-PILOT-002,TRACE-P002-POOL-ETSY,12-TR,6,retro graphic t shirt,Top reviews,COMPLETE,2026-09-25T18:02:11.520Z,,YES,United States,English (US),USD,United States,,,,TRACE-P002-OBS-ETSY-12-TR-11,11,4565752670,CANONICAL-FIRST,"Vote Paul 4 Baker Shirt, Adults Tee, Paul Baker HOA Campaign T-Shirt, Jack Innanen Fan Gift, Comfort Colors Tee",GofranGoods,https://www.etsy.com/listing/4565752670/vote-paul-4-baker-shirt-adults-tee-paul,https://i.etsystatic.com/62279557/r/il/ec7b7d/8502549969/il_510x638.8502549969_bk3t.jpg,IP-EXCLUDED,IP-EXCLUDED,Jack Innanen fandom/public-personality dependence,NO,,,,,,,NOT-APPLICABLE-EXCLUDED,,,First occurrence retained; not in a cohort queue after evidence/disposition checks; no SDC created.
ORGANIC,TRACE-PILOT-002,TRACE-P002-POOL-ETSY,12-TR,6,retro graphic t shirt,Top reviews,COMPLETE,2026-09-25T18:02:11.520Z,,YES,United States,English (US),USD,United States,,,,TRACE-P002-OBS-ETSY-12-TR-12,12,4507117950,CANONICAL-FIRST,"Comfort Colors® Ellas Fellas Club Shirt, Retro Western Cowboy T-Shirt, Country Concert Tee",HoneyTeesUS,https://www.etsy.com/listing/4507117950/comfort-colors-ellas-fellas-club-shirt,https://i.etsystatic.com/65368389/r/il/2c181e/8270565440/il_510x638.8270565440_9rgi.jpg,CANDIDATE,ORIGIN-PENDING,Fixed graphic-shirt candidate; item page opened; mandatory cross-market origin searches not yet run.,YES,2026-09-25T18:09:12.777Z,YES,ITEM-SPECIFIC,22,2026-09-19,SAME-PRINT-VARIANTS,NOT-RUN,RECENT-SALES-BADGE,7,Ranked provenance candidate only; all three origin searches and final Gate 0 remain open; no SDC created.
