row_no,observation_date,scan_no,query,sort,result_type,visible_position,display_loc,listing_id,first_occurrence,family_disposition,scan_treatment,selection_rank,title,shop,canonical_url,search_card_rating,search_card_review_text,search_card_review_scope,official_bestseller,item_review_count,recent_review_dates,evidence_vector,reason,signals,source_family_id,final_audit_disposition
1,2026-09-25,1,graphic t shirt,most_relevant,AD,1,w.1-1,4320632782,,,AD-SKIPPED,,"Comfort Colors®Custom Photo Shirt, Personalized T-Shirt, Custom Picture Tshirt, Your Photo Shirt, Family Picture Tee, Logo Image Shirts Gift",DapperCustomTees,https://www.etsy.com/listing/4320632782,4.8,(23.4k),SHOP-LEVEL/SEARCH-CARD,,,,DISCOVERY-ONLY|UNCLEAR|CURRENT-SNAPSHOT-UNKNOWN-WINDOW|SINGLE-SNAPSHOT,Paid placement recorded separately; excluded from demand inference.,,,
2,2026-09-25,1,graphic t shirt,most_relevant,AD,2,w.1-2,1679237029,,,AD-SKIPPED,,"Custom Logo Shirts, Personalized Logo Shirt, Custom Design Shirt, Custom Text Shirt,Your Business Logo or Brand Logo T Shirt,Team Logo Shirt",TeaShirtsUS,https://www.etsy.com/listing/1679237029,4.8,(14.7k),SHOP-LEVEL/SEARCH-CARD,,,,DISCOVERY-ONLY|UNCLEAR|CURRENT-SNAPSHOT-UNKNOWN-WINDOW|SINGLE-SNAPSHOT,Paid placement recorded separately; excluded from demand inference.,Handmade,,
3,2026-09-25,1,graphic t shirt,most_relevant,AD,3,w.1-3,1849857861,,,AD-SKIPPED,,"Comfort Colors® Custom Girlfriend Shirt, Personalized Bootleg Girlfriend T Shirt, Bootleg Boyfriend Tee",UpTopNorth,https://www.etsy.com/listing/1849857861,4.9,(24.8k),SHOP-LEVEL/SEARCH-CARD,,,,DISCOVERY-ONLY|UNCLEAR|CURRENT-SNAPSHOT-UNKNOWN-WINDOW|SINGLE-SNAPSHOT,Paid placement recorded separately; excluded from demand inference.,,,
4,2026-09-25,1,graphic t shirt,most_relevant,AD,4,w.1-4,4538546086,,,AD-SKIPPED,,"Everything Is Temporary design , Acid Wash Tee, Oversized Unisex Graphic Shirt, Front and Back Print, Vintage Streetwear Gift",Printtostitch,https://www.etsy.com/listing/4538546086,5.0,(22),SHOP-LEVEL/SEARCH-CARD,,,,DISCOVERY-ONLY|UNCLEAR|CURRENT-SNAPSHOT-UNKNOWN-WINDOW|SINGLE-SNAPSHOT,Paid placement recorded separately; excluded from demand inference.,,,
5,2026-09-25,1,graphic t shirt,most_relevant,AD,5,,4494967041,,,AD-SKIPPED,,"Custom Front And Back Comfort Colors® Shirt, Custom T Shirt, Custom Text Sweatshirt,  Tshirt Custom Adult Shirt, Personalized Shirt",ShiningPearlClothing,https://www.etsy.com/listing/4494967041,4.8,(16.8k),SHOP-LEVEL/SEARCH-CARD,,,,DISCOVERY-ONLY|UNCLEAR|CURRENT-SNAPSHOT-UNKNOWN-WINDOW|SINGLE-SNAPSHOT,Paid placement recorded separately; excluded from demand inference.,,,
6,2026-09-25,1,graphic t shirt,most_relevant,AD,6,,4513755161,,,AD-SKIPPED,,Custom Front and Back Full Print Comfort Colors T-Shirt,LilyApperal,https://www.etsy.com/listing/4513755161,4.9,(2.2k),SHOP-LEVEL/SEARCH-CARD,,,,DISCOVERY-ONLY|UNCLEAR|CURRENT-SNAPSHOT-UNKNOWN-WINDOW|SINGLE-SNAPSHOT,Paid placement recorded separately; excluded from demand inference.,,,
7,2026-09-25,1,graphic t shirt,most_relevant,AD,7,,4339600202,,,AD-SKIPPED,,"Comfort Colors® Custom School Mascot T-Shirt, Custom Name Gifts For Back To School, Custom Sports Tee, Team Mascot Shirt, School Logo Tee",ButterflyDesignByEva,https://www.etsy.com/listing/4339600202,4.9,(7.1k),SHOP-LEVEL/SEARCH-CARD,,,,DISCOVERY-ONLY|UNCLEAR|CURRENT-SNAPSHOT-UNKNOWN-WINDOW|SINGLE-SNAPSHOT,Paid placement recorded separately; excluded from demand inference.,,,
8,2026-09-25,1,graphic t shirt,most_relevant,AD,8,,4556269198,,,AD-SKIPPED,,"Comfort Colors® National Geographic Otters ""Go With The Flow"" Graphic Tee, Unisex Cotton Shirt",WearItLoudTee,https://www.etsy.com/listing/4556269198,4.8,(602),SHOP-LEVEL/SEARCH-CARD,,,,DISCOVERY-ONLY|UNCLEAR|CURRENT-SNAPSHOT-UNKNOWN-WINDOW|SINGLE-SNAPSHOT,Paid placement recorded separately; excluded from demand inference.,,,
9,2026-09-25,1,graphic t shirt,most_relevant,ORGANIC,1,w.1-1,1849857861,TRUE,PRODUCT-EXCLUDED,INSPECTED/RETAINED,,"Comfort Colors® Custom Girlfriend Shirt, Personalized Bootleg Girlfriend T Shirt, Bootleg Boyfriend Tee",UpTopNorth,https://www.etsy.com/listing/1849857861,4.9,(24.8k),SHOP-LEVEL/SEARCH-CARD,,,,DISCOVERY-ONLY|UNCLEAR|CURRENT-SNAPSHOT-UNKNOWN-WINDOW|SINGLE-SNAPSHOT,Custom/personalized/service/add-on or non-fixed graphic-shirt unit.,,,
10,2026-09-25,1,graphic t shirt,most_relevant,ORGANIC,2,w.1-2,4572306570,TRUE,ELIGIBLE,INSPECTED/RETAINED,,"Retro Halloween Shirt, Y2K Comfort Colors Tee, Vintage Black Cat Ghost Skeleton T Shirt, Spooky Cute Pumpkin Witch Graphic Tee",EverChangingJourney,https://www.etsy.com/listing/4572306570,4.9,(15k),SHOP-LEVEL/SEARCH-CARD,TRUE,3,"Sep 24, 2026|Sep 22, 2026",PLATFORM-BADGED|SAME-PRINT-VARIANTS|RECENT|SINGLE-SNAPSHOT,Fixed graphic-shirt candidate; no title-level prohibited dependency identified. Evidence qualification was checked on the listing page.,,,
11,2026-09-25,1,graphic t shirt,most_relevant,ORGANIC,3,w.1-3,4472721533,TRUE,ELIGIBLE,SELECTED,6,"Rock Star Cat Shirt, Vintage Kitten Y2K TShirt, Rock and Roll Cat Shirt, Electric Guitar Kitty Tee, Cat Grunge Punk Music Lover Gift for Him",CitrusTeeShop,https://www.etsy.com/listing/4472721533,4.9,(303),SHOP-LEVEL/SEARCH-CARD,TRUE,79,"Sep 25, 2026|Sep 24, 2026|Sep 23, 2026",PLATFORM-BADGED|SAME-PRINT-VARIANTS|RECENT|SINGLE-SNAPSHOT,"Selected under frozen Etsy rule: official platform Bestseller badge, item-specific reviews/recency, clean same-print attribution, then first occurrence.",,TRACE-P001-ETSY-06,IP-QUARANTINE
12,2026-09-25,1,graphic t shirt,most_relevant,ORGANIC,4,w.1-4,4479114940,TRUE,PRODUCT-EXCLUDED,INSPECTED/RETAINED,,"Comfort Colors® Custom Your Photo Shirt, Personalized Picture Tee, Girlfriend or Boyfriend, Upload Your Own Image, Vintage Custom Photo Gift",TheHeavenBlue,https://www.etsy.com/listing/4479114940,4.9,(7.2k),SHOP-LEVEL/SEARCH-CARD,,,,DISCOVERY-ONLY|UNCLEAR|CURRENT-SNAPSHOT-UNKNOWN-WINDOW|SINGLE-SNAPSHOT,Custom/personalized/service/add-on or non-fixed graphic-shirt unit.,,,
13,2026-09-25,1,graphic t shirt,most_relevant,ORGANIC,5,w.1-5,4428013128,TRUE,PRODUCT-EXCLUDED,INSPECTED/RETAINED,,"Comfort Colors® Custom Your Photo Shirt, Personalized Picture Tee, Girlfriend or Boyfriend, Upload Your Own Image, Vintage Custom Photo Gift",CreativeDesignNancy,https://www.etsy.com/listing/4428013128,4.9,(1.2k),SHOP-LEVEL/SEARCH-CARD,,,,DISCOVERY-ONLY|UNCLEAR|CURRENT-SNAPSHOT-UNKNOWN-WINDOW|SINGLE-SNAPSHOT,Custom/personalized/service/add-on or non-fixed graphic-shirt unit.,,,
14,2026-09-25,1,graphic t shirt,most_relevant,ORGANIC,6,w.1-6,4521474627,TRUE,ELIGIBLE,SELECTED,11,"Boho Sun T-Shirt, Retro Celestial Sky Tee, Vintage Hippie Festival Top, Groovy Minimalist Summer Nature Lover Gift Shirt",RetroFluent,https://www.etsy.com/listing/4521474627,4.9,(919),SHOP-LEVEL/SEARCH-CARD,TRUE,10,"Sep 20, 2026|Sep 18, 2026|Sep 7, 2026|Aug 25, 2026",PLATFORM-BADGED|SAME-PRINT-VARIANTS|RECENT|SINGLE-SNAPSHOT,"Selected under frozen Etsy rule: official platform Bestseller badge, item-specific reviews/recency, clean same-print attribution, then first occurrence.",,TRACE-P001-ETSY-11,IP-QUARANTINE
15,2026-09-25,1,graphic t shirt,most_relevant,ORGANIC,7,w.1-7,4479852711,TRUE,ELIGIBLE,SELECTED,5,"Funny Gangster Cat Shirt, Meme Cats Graphic Tee, Vintage Cat Lover Shirt, Funny Cat Meme Tee, Edgy Cat Shirt, Cat Dad Gift, Cat Mom Shirt",CatDistributor,https://www.etsy.com/listing/4479852711,4.9,(1.5k),SHOP-LEVEL/SEARCH-CARD,TRUE,102,"Sep 24, 2026|Sep 22, 2026|Sep 21, 2026",PLATFORM-BADGED|SAME-PRINT-VARIANTS|RECENT|SINGLE-SNAPSHOT,"Selected under frozen Etsy rule: official platform Bestseller badge, item-specific reviews/recency, clean same-print attribution, then first occurrence.",,TRACE-P001-ETSY-05,IP-QUARANTINE
16,2026-09-25,1,graphic t shirt,most_relevant,ORGANIC,8,w.1-8,4496061696,TRUE,ELIGIBLE,SELECTED,7,"Vintage Leopard Fighting Graphic Tee, Wild Big Cat Engraved Style Shirt, Retro Jungle Wildlife Aesthetic Top, Comfort Colors® Animal Gift",ThreadPeakShop,https://www.etsy.com/listing/4496061696,4.9,(591),SHOP-LEVEL/SEARCH-CARD,TRUE,36,"Sep 22, 2026|Sep 21, 2026|Sep 18, 2026",PLATFORM-BADGED|SAME-PRINT-VARIANTS|RECENT|SINGLE-SNAPSHOT,"Selected under frozen Etsy rule: official platform Bestseller badge, item-specific reviews/recency, clean same-print attribution, then first occurrence.",,TRACE-P001-ETSY-07,IP-QUARANTINE
17,2026-09-25,1,graphic t shirt,most_relevant,ORGANIC,9,,4521023403,TRUE,ELIGIBLE,INSPECTED/RETAINED,,Cryptid National Parks Shirt Comfort Colors® 90s Protect Our Parks Vintage Camping Hiking Tee Retro Wanderlust Shirt Fantasy Creatures Tee,ShopJuneCollective,https://www.etsy.com/listing/4521023403,4.9,(1.2k),SHOP-LEVEL/SEARCH-CARD,FALSE,41,"Sep 24, 2026|Sep 19, 2026|Sep 17, 2026",STRONG-PROXY|SAME-PRINT-VARIANTS|RECENT|SINGLE-SNAPSHOT,Fixed graphic-shirt candidate; no title-level prohibited dependency identified. Evidence qualification was checked on the listing page.,,,
18,2026-09-25,1,graphic t shirt,most_relevant,ORGANIC,10,,1538649658,TRUE,PRODUCT-EXCLUDED,INSPECTED/RETAINED,,"Comfort Colors Custom Face Shirt, Vintage Girlfriend Shirt, Boyfriend Bootleg Graphic Tee, Personalize Birthday Bootleg Gift, Bachelor Party",MKsSoul,https://www.etsy.com/listing/1538649658,4.9,(7k),SHOP-LEVEL/SEARCH-CARD,,,,DISCOVERY-ONLY|UNCLEAR|CURRENT-SNAPSHOT-UNKNOWN-WINDOW|SINGLE-SNAPSHOT,Custom/personalized/service/add-on or non-fixed graphic-shirt unit.,,,
19,2026-09-25,1,graphic t shirt,most_relevant,ORGANIC,11,,4542206896,TRUE,IP-QUARANTINE,INSPECTED/RETAINED,,"Jimothy Raccoon Shirt, Viral Seattle Feral Legend Comfort Colors Tee, Retro Jimothy Moon Graphic Tshirt, Round King  Cottagecore Animal Tee",SKWILART,https://www.etsy.com/listing/4542206896,5.0,(125),SHOP-LEVEL/SEARCH-CARD,TRUE,80,"Sep 24, 2026|Sep 21, 2026|Sep 20, 2026|Sep 19, 2026",PLATFORM-BADGED|SAME-PRINT-VARIANTS|RECENT|SINGLE-SNAPSHOT,"Origin, public-personality/cause dependence, quotation, or artwork provenance remains unresolved.",,,
20,2026-09-25,1,graphic t shirt,most_relevant,ORGANIC,12,,4538546086,TRUE,ELIGIBLE,SELECTED,9,"Everything Is Temporary design , Acid Wash Tee, Oversized Unisex Graphic Shirt, Front and Back Print, Vintage Streetwear Gift",Printtostitch,https://www.etsy.com/listing/4538546086,5.0,(22),SHOP-LEVEL/SEARCH-CARD,TRUE,14,"Sep 24, 2026|Sep 19, 2026|Sep 15, 2026|Sep 14, 2026",PLATFORM-BADGED|SAME-PRINT-VARIANTS|RECENT|SINGLE-SNAPSHOT,"Selected under frozen Etsy rule: official platform Bestseller badge, item-specific reviews/recency, clean same-print attribution, then first occurrence.",,TRACE-P001-ETSY-09,IP-QUARANTINE
21,2026-09-25,2,graphic t shirt,highest_reviews,AD,1,w.1-1,4320632782,,,AD-SKIPPED,,"Comfort Colors®Custom Photo Shirt, Personalized T-Shirt, Custom Picture Tshirt, Your Photo Shirt, Family Picture Tee, Logo Image Shirts Gift",DapperCustomTees,https://www.etsy.com/listing/4320632782,4.8,(23.4k),SHOP-LEVEL/SEARCH-CARD,,,,DISCOVERY-ONLY|UNCLEAR|CURRENT-SNAPSHOT-UNKNOWN-WINDOW|SINGLE-SNAPSHOT,Paid placement recorded separately; excluded from demand inference.,,,
22,2026-09-25,2,graphic t shirt,highest_reviews,AD,2,w.1-2,1679237029,,,AD-SKIPPED,,"Custom Logo Shirts, Personalized Logo Shirt, Custom Design Shirt, Custom Text Shirt,Your Business Logo or Brand Logo T Shirt,Team Logo Shirt",TeaShirtsUS,https://www.etsy.com/listing/1679237029,4.8,(14.7k),SHOP-LEVEL/SEARCH-CARD,,,,DISCOVERY-ONLY|UNCLEAR|CURRENT-SNAPSHOT-UNKNOWN-WINDOW|SINGLE-SNAPSHOT,Paid placement recorded separately; excluded from demand inference.,Handmade,,
23,2026-09-25,2,graphic t shirt,highest_reviews,AD,3,w.1-3,1849857861,,,AD-SKIPPED,,"Comfort Colors® Custom Girlfriend Shirt, Personalized Bootleg Girlfriend T Shirt, Bootleg Boyfriend Tee",UpTopNorth,https://www.etsy.com/listing/1849857861,4.9,(24.8k),SHOP-LEVEL/SEARCH-CARD,,,,DISCOVERY-ONLY|UNCLEAR|CURRENT-SNAPSHOT-UNKNOWN-WINDOW|SINGLE-SNAPSHOT,Paid placement recorded separately; excluded from demand inference.,,,
24,2026-09-25,2,graphic t shirt,highest_reviews,AD,4,w.1-4,4538546086,,,AD-SKIPPED,,"Everything Is Temporary design , Acid Wash Tee, Oversized Unisex Graphic Shirt, Front and Back Print, Vintage Streetwear Gift",Printtostitch,https://www.etsy.com/listing/4538546086,5.0,(22),SHOP-LEVEL/SEARCH-CARD,,,,DISCOVERY-ONLY|UNCLEAR|CURRENT-SNAPSHOT-UNKNOWN-WINDOW|SINGLE-SNAPSHOT,Paid placement recorded separately; excluded from demand inference.,,,
25,2026-09-25,2,graphic t shirt,highest_reviews,AD,5,,4494967041,,,AD-SKIPPED,,"Custom Front And Back Comfort Colors® Shirt, Custom T Shirt, Custom Text Sweatshirt,  Tshirt Custom Adult Shirt, Personalized Shirt",ShiningPearlClothing,https://www.etsy.com/listing/4494967041,4.8,(16.8k),SHOP-LEVEL/SEARCH-CARD,,,,DISCOVERY-ONLY|UNCLEAR|CURRENT-SNAPSHOT-UNKNOWN-WINDOW|SINGLE-SNAPSHOT,Paid placement recorded separately; excluded from demand inference.,,,
26,2026-09-25,2,graphic t shirt,highest_reviews,AD,6,,4513755161,,,AD-SKIPPED,,Custom Front and Back Full Print Comfort Colors T-Shirt,LilyApperal,https://www.etsy.com/listing/4513755161,4.9,(2.2k),SHOP-LEVEL/SEARCH-CARD,,,,DISCOVERY-ONLY|UNCLEAR|CURRENT-SNAPSHOT-UNKNOWN-WINDOW|SINGLE-SNAPSHOT,Paid placement recorded separately; excluded from demand inference.,,,
27,2026-09-25,2,graphic t shirt,highest_reviews,AD,7,,4339600202,,,AD-SKIPPED,,"Comfort Colors® Custom School Mascot T-Shirt, Custom Name Gifts For Back To School, Custom Sports Tee, Team Mascot Shirt, School Logo Tee",ButterflyDesignByEva,https://www.etsy.com/listing/4339600202,4.9,(7.1k),SHOP-LEVEL/SEARCH-CARD,,,,DISCOVERY-ONLY|UNCLEAR|CURRENT-SNAPSHOT-UNKNOWN-WINDOW|SINGLE-SNAPSHOT,Paid placement recorded separately; excluded from demand inference.,,,
28,2026-09-25,2,graphic t shirt,highest_reviews,AD,8,,4556269198,,,AD-SKIPPED,,"Comfort Colors® National Geographic Otters ""Go With The Flow"" Graphic Tee, Unisex Cotton Shirt",WearItLoudTee,https://www.etsy.com/listing/4556269198,4.8,(602),SHOP-LEVEL/SEARCH-CARD,,,,DISCOVERY-ONLY|UNCLEAR|CURRENT-SNAPSHOT-UNKNOWN-WINDOW|SINGLE-SNAPSHOT,Paid placement recorded separately; excluded from demand inference.,,,
29,2026-09-25,2,graphic t shirt,highest_reviews,AD,9,,4485968024,,,AD-SKIPPED,,"Comfort Colors® Ocean Waves Graphic Tee, Abstract Sea Pattern Shirt, Aesthetic Beach Vibes T-Shirt",HeartfulGiftShirt,https://www.etsy.com/listing/4485968024,4.9,(491),SHOP-LEVEL/SEARCH-CARD,,,,DISCOVERY-ONLY|UNCLEAR|CURRENT-SNAPSHOT-UNKNOWN-WINDOW|SINGLE-SNAPSHOT,Paid placement recorded separately; excluded from demand inference.,,,
30,2026-09-25,2,graphic t shirt,highest_reviews,AD,10,,1085278109,,,AD-SKIPPED,,Custom Text Shirt | Personalized Custom T-Shirt | Make Your Own Shirt | Matching Personalized TShirts | Your Custom Text Shirt,FluffyBearCo,https://www.etsy.com/listing/1085278109,4.8,(6.9k),SHOP-LEVEL/SEARCH-CARD,,,,DISCOVERY-ONLY|UNCLEAR|CURRENT-SNAPSHOT-UNKNOWN-WINDOW|SINGLE-SNAPSHOT,Paid placement recorded separately; excluded from demand inference.,Handmade,,
31,2026-09-25,2,graphic t shirt,highest_reviews,AD,11,,4510502723,,,AD-SKIPPED,,"Women's T-shirt with floral back print ""Still Blooming"" – Floral retro back print & classic fit, black – 100% cotton",smygfashion,https://www.etsy.com/listing/4510502723,4.9,(160),SHOP-LEVEL/SEARCH-CARD,,,,DISCOVERY-ONLY|UNCLEAR|CURRENT-SNAPSHOT-UNKNOWN-WINDOW|SINGLE-SNAPSHOT,Paid placement recorded separately; excluded from demand inference.,,,
32,2026-09-25,2,graphic t shirt,highest_reviews,AD,12,,4545932867,,,AD-SKIPPED,,"Le Boop Dragon Shirt, Comfort Colors Medieval Tee, Funny Knight and Dragon Sweatshirt, Fantasy Meme Lover Gift, Renaissance Fair Apparel",SunsetAndStitchCo,https://www.etsy.com/listing/4545932867,4.8,(594),SHOP-LEVEL/SEARCH-CARD,,,,DISCOVERY-ONLY|UNCLEAR|CURRENT-SNAPSHOT-UNKNOWN-WINDOW|SINGLE-SNAPSHOT,Paid placement recorded separately; excluded from demand inference.,,,
33,2026-09-25,2,graphic t shirt,highest_reviews,ORGANIC,1,w.1-1,1679237029,TRUE,PRODUCT-EXCLUDED,INSPECTED/RETAINED,,"Custom Logo Shirts, Personalized Logo Shirt, Custom Design Shirt, Custom Text Shirt,Your Business Logo or Brand Logo T Shirt,Team Logo Shirt",TeaShirtsUS,https://www.etsy.com/listing/1679237029,4.8,(14.7k),SHOP-LEVEL/SEARCH-CARD,,,,DISCOVERY-ONLY|UNCLEAR|CURRENT-SNAPSHOT-UNKNOWN-WINDOW|SINGLE-SNAPSHOT,Custom/personalized/service/add-on or non-fixed graphic-shirt unit.,Handmade,,
34,2026-09-25,2,graphic t shirt,highest_reviews,ORGANIC,2,w.1-2,1538649658,FALSE,DUPLICATE-FAMILY,DEDUPED,,"Comfort Colors Custom Face Shirt, Vintage Girlfriend Shirt, Boyfriend Bootleg Graphic Tee, Personalize Birthday Bootleg Gift, Bachelor Party",MKsSoul,https://www.etsy.com/listing/1538649658,4.9,(7k),SHOP-LEVEL/SEARCH-CARD,,,,DISCOVERY-ONLY|UNCLEAR|CURRENT-SNAPSHOT-UNKNOWN-WINDOW|SINGLE-SNAPSHOT,Exact listing ID already observed earlier; retained as repeated-presence evidence only.,,,
35,2026-09-25,2,graphic t shirt,highest_reviews,ORGANIC,3,w.1-3,4542961857,TRUE,ELIGIBLE,INSPECTED/RETAINED,,"HELLOW! Text Graphic T-Shirt | Bold Stencil Lettering, Navy Tee",ShepherdFarmsGoods,https://www.etsy.com/listing/4542961857,5.0,(103),SHOP-LEVEL/SEARCH-CARD,TRUE,7,"Sep 24, 2026|Sep 23, 2026|Sep 16, 2026",PLATFORM-BADGED|SAME-PRINT-VARIANTS|RECENT|SINGLE-SNAPSHOT,Fixed graphic-shirt candidate; no title-level prohibited dependency identified. Evidence qualification was checked on the listing page.,,,
36,2026-09-25,2,graphic t shirt,highest_reviews,ORGANIC,4,w.1-4,1237462309,TRUE,PRODUCT-EXCLUDED,INSPECTED/RETAINED,,BACKSIDE UPGRADE,ActiveDesignTX,https://www.etsy.com/listing/1237462309,4.8,(22.3k),SHOP-LEVEL/SEARCH-CARD,,,,DISCOVERY-ONLY|UNCLEAR|CURRENT-SNAPSHOT-UNKNOWN-WINDOW|SINGLE-SNAPSHOT,Custom/personalized/service/add-on or non-fixed graphic-shirt unit.,Handmade,,
37,2026-09-25,2,graphic t shirt,highest_reviews,ORGANIC,5,w.1-5,4508570426,TRUE,IP-EXCLUDED,INSPECTED/RETAINED,,"Westlife T Shirt, Westlife 25th Anniversary Tour 2026 T Shirt, The Anniversary Tour Shirt, Westlife Concert Top, Concert Inspired Shirt, V25",kabir2026,https://www.etsy.com/listing/4508570426,4.8,(30),SHOP-LEVEL/SEARCH-CARD,,,,DISCOVERY-ONLY|UNCLEAR|CURRENT-SNAPSHOT-UNKNOWN-WINDOW|SINGLE-SNAPSHOT,"Demand materially depends on a named franchise, entertainer, athlete/team, song/film/game, brand-led identity, or named public-figure fame.",Handmade,,
38,2026-09-25,2,graphic t shirt,highest_reviews,ORGANIC,6,w.1-6,4515992177,TRUE,IP-EXCLUDED,INSPECTED/RETAINED,,Descendants Zombies Camp Rock Worlds Collide Concert Tour Shirt 2026,DanteTeeUS,https://www.etsy.com/listing/4515992177,4.9,(782),SHOP-LEVEL/SEARCH-CARD,,,,DISCOVERY-ONLY|UNCLEAR|CURRENT-SNAPSHOT-UNKNOWN-WINDOW|SINGLE-SNAPSHOT,"Demand materially depends on a named franchise, entertainer, athlete/team, song/film/game, brand-led identity, or named public-figure fame.",,,
39,2026-09-25,2,graphic t shirt,highest_reviews,ORGANIC,7,w.1-7,1182132019,TRUE,PRODUCT-EXCLUDED,INSPECTED/RETAINED,,"Personalized Bella Canvas T-shirt: Custom Text Shirt, Custom logo - Photo print shirt",QualitySoftDesign,https://www.etsy.com/listing/1182132019,4.9,(15.1k),SHOP-LEVEL/SEARCH-CARD,,,,DISCOVERY-ONLY|UNCLEAR|CURRENT-SNAPSHOT-UNKNOWN-WINDOW|SINGLE-SNAPSHOT,Custom/personalized/service/add-on or non-fixed graphic-shirt unit.,Handmade,,
40,2026-09-25,2,graphic t shirt,highest_reviews,ORGANIC,8,w.1-8,4568785018,TRUE,ELIGIBLE,INSPECTED/RETAINED,,Dear BER Months Shirt | Fall Halloween Thanksgiving Christmas Tee | Cozy Autumn Graphic T-Shirt | Holiday Season Gift | Cute Fall Shirt,CanyonLandsTee,https://www.etsy.com/listing/4568785018,5.0,(58),SHOP-LEVEL/SEARCH-CARD,FALSE,2,"Sep 24, 2026|Sep 19, 2026",STRONG-PROXY|SAME-PRINT-VARIANTS|RECENT|SINGLE-SNAPSHOT,Fixed graphic-shirt candidate; no title-level prohibited dependency identified. Evidence qualification was checked on the listing page.,,,
41,2026-09-25,2,graphic t shirt,highest_reviews,ORGANIC,9,,4563871414,TRUE,IP-EXCLUDED,INSPECTED/RETAINED,,"FDT Lake Ontario Kennedy Center Shirt, Funny Protest Tee, Comfort Colors® Anti-Tr*mp Pro-Democracy Activism Gift, Subtle FDT Shirt",MillieLaneTees,https://www.etsy.com/listing/4563871414,4.9,(1.9k),SHOP-LEVEL/SEARCH-CARD,TRUE,54,"Sep 23, 2026|Sep 17, 2026",PLATFORM-BADGED|SAME-PRINT-VARIANTS|RECENT|SINGLE-SNAPSHOT,"Demand materially depends on a named franchise, entertainer, athlete/team, song/film/game, brand-led identity, or named public-figure fame.",,,
42,2026-09-25,2,graphic t shirt,highest_reviews,ORGANIC,10,,4567026619,TRUE,ELIGIBLE,INSPECTED/RETAINED,,"Respect Your Mother  Rhinestone T-Shirt, Unisex Short Sleeve Statement Top for Casual Everyday Wear",DailyCraftTexas,https://www.etsy.com/listing/4567026619,4.8,(75),SHOP-LEVEL/SEARCH-CARD,TRUE,7,"Sep 22, 2026|Sep 21, 2026|Sep 20, 2026",PLATFORM-BADGED|SAME-PRINT-VARIANTS|RECENT|SINGLE-SNAPSHOT,Fixed graphic-shirt candidate; no title-level prohibited dependency identified. Evidence qualification was checked on the listing page.,,,
43,2026-09-25,2,graphic t shirt,highest_reviews,ORGANIC,11,,4567268999,TRUE,IP-EXCLUDED,INSPECTED/RETAINED,,"I Love HS Baby Tee, Pop Music Fan Shirt, Retro Y2K Heart Graphic T-Shirt, Concert Outfit, Celebrity Crush Gift for Women",GofranGoods,https://www.etsy.com/listing/4567268999,4.8,(94),SHOP-LEVEL/SEARCH-CARD,,,,DISCOVERY-ONLY|UNCLEAR|CURRENT-SNAPSHOT-UNKNOWN-WINDOW|SINGLE-SNAPSHOT,"Demand materially depends on a named franchise, entertainer, athlete/team, song/film/game, brand-led identity, or named public-figure fame.",,,
44,2026-09-25,2,graphic t shirt,highest_reviews,ORGANIC,12,,4556778646,TRUE,IP-EXCLUDED,INSPECTED/RETAINED,,Radiostatic SparksDuo T-shirt,Pinkcink,https://www.etsy.com/listing/4556778646,5.0,(1.1k),SHOP-LEVEL/SEARCH-CARD,,,,DISCOVERY-ONLY|UNCLEAR|CURRENT-SNAPSHOT-UNKNOWN-WINDOW|SINGLE-SNAPSHOT,"Demand materially depends on a named franchise, entertainer, athlete/team, song/film/game, brand-led identity, or named public-figure fame.",,,
45,2026-09-25,3,funny t shirt,most_relevant,ORGANIC,1,w.1-1,1900103353,TRUE,ELIGIBLE,INSPECTED/RETAINED,,Have The Day You Deserve Shirt: Sarcastic Skeleton Graphic Tee,NonVolleyZen,https://www.etsy.com/listing/1900103353,4.9,(204),SHOP-LEVEL/SEARCH-CARD,FALSE,,,DISCOVERY-ONLY|SAME-PRINT-VARIANTS|CURRENT-SNAPSHOT-UNKNOWN-WINDOW|SINGLE-SNAPSHOT,Fixed graphic-shirt candidate; no title-level prohibited dependency identified. Evidence qualification was checked on the listing page.,,,
46,2026-09-25,3,funny t shirt,most_relevant,ORGANIC,2,w.1-2,4456120192,TRUE,ELIGIBLE,INSPECTED/RETAINED,,"Comfort colors funny tshirt, I gotta see the candy first then I get in the van, not stupid shirt, sarcastic graphic tee, gag gift",ClothingByShane,https://www.etsy.com/listing/4456120192,4.8,(3.3k),SHOP-LEVEL/SEARCH-CARD,FALSE,,,DISCOVERY-ONLY|SAME-PRINT-VARIANTS|CURRENT-SNAPSHOT-UNKNOWN-WINDOW|SINGLE-SNAPSHOT,Fixed graphic-shirt candidate; no title-level prohibited dependency identified. Evidence qualification was checked on the listing page.,,,
47,2026-09-25,3,funny t shirt,most_relevant,ORGANIC,3,w.1-3,4580302922,TRUE,ELIGIBLE,INSPECTED/RETAINED,,Christmas Cat Shirt Funny Christmas Cats In Glasses Tee Comfort Colors® Cat Lover Gift Holiday Cat Mom TShirt Santa Cat Xmas T Shirt,TheTeeLabel,https://www.etsy.com/listing/4580302922,,,SHOP-LEVEL/SEARCH-CARD,FALSE,,,DISCOVERY-ONLY|SAME-PRINT-VARIANTS|CURRENT-SNAPSHOT-UNKNOWN-WINDOW|SINGLE-SNAPSHOT,Fixed graphic-shirt candidate; no title-level prohibited dependency identified. Evidence qualification was checked on the listing page.,,,
48,2026-09-25,3,funny t shirt,most_relevant,ORGANIC,4,w.1-4,4566790833,TRUE,PRODUCT-EXCLUDED,INSPECTED/RETAINED,,"It's Fine I'm Fine Shirt, Personalized Sarcastic Humor Gift, Comfort Colors Tee",IndoorvoiceCo,https://www.etsy.com/listing/4566790833,5.0,(3),SHOP-LEVEL/SEARCH-CARD,,,,DISCOVERY-ONLY|UNCLEAR|CURRENT-SNAPSHOT-UNKNOWN-WINDOW|SINGLE-SNAPSHOT,Custom/personalized/service/add-on or non-fixed graphic-shirt unit.,,,
49,2026-09-25,3,funny t shirt,most_relevant,ORGANIC,5,w.1-5,4573061467,TRUE,ELIGIBLE,INSPECTED/RETAINED,,"Comfort Colors Pasta Pups Shirt, Dachshund Pasta Tee, Funny Wiener Dog Shirt, Italian Food Dog Tee, Pasta Lover Gift, Dachshund Lover Shirt",EverWildTees,https://www.etsy.com/listing/4573061467,5.0,(32),SHOP-LEVEL/SEARCH-CARD,FALSE,,,DISCOVERY-ONLY|SAME-PRINT-VARIANTS|CURRENT-SNAPSHOT-UNKNOWN-WINDOW|SINGLE-SNAPSHOT,Fixed graphic-shirt candidate; no title-level prohibited dependency identified. Evidence qualification was checked on the listing page.,,,
50,2026-09-25,3,funny t shirt,most_relevant,ORGANIC,6,w.1-6,4545423365,TRUE,IP-QUARANTINE,INSPECTED/RETAINED,,"Well Shit Skeleton Shirt, Funny Skeleton Red Balloon T-Shirt, Sarcastic Halloween Gift, Vintage Spooky Season Tee, Retro Skeleton Shirt",ozunallc,https://www.etsy.com/listing/4545423365,4.7,(22),SHOP-LEVEL/SEARCH-CARD,,,,DISCOVERY-ONLY|UNCLEAR|CURRENT-SNAPSHOT-UNKNOWN-WINDOW|SINGLE-SNAPSHOT,"Origin, public-personality/cause dependence, quotation, or artwork provenance remains unresolved.",,,
51,2026-09-25,3,funny t shirt,most_relevant,ORGANIC,7,w.1-7,4472721533,FALSE,DUPLICATE-FAMILY,DEDUPED,,"Rock Star Cat Shirt, Vintage Kitten Y2K TShirt, Rock and Roll Cat Shirt, Electric Guitar Kitty Tee, Cat Grunge Punk Music Lover Gift for Him",CitrusTeeShop,https://www.etsy.com/listing/4472721533,4.9,(303),SHOP-LEVEL/SEARCH-CARD,TRUE,79,"Sep 25, 2026|Sep 24, 2026|Sep 23, 2026",PLATFORM-BADGED|SAME-PRINT-VARIANTS|RECENT|SINGLE-SNAPSHOT,Exact listing ID already observed earlier; retained as repeated-presence evidence only.,,,
52,2026-09-25,3,funny t shirt,most_relevant,ORGANIC,8,w.1-8,4524665092,TRUE,DUPLICATE-FAMILY,INSPECTED/RETAINED,,"Comfort Colors Pasta Pups Shirt, Funny Dachshund Spagetti Shirt, Italian Foodie  Gift",ZibbyStore,https://www.etsy.com/listing/4524665092,4.7,(316),SHOP-LEVEL/SEARCH-CARD,FALSE,13,"Sep 24, 2026|Sep 21, 2026|Sep 20, 2026|Sep 17, 2026",STRONG-PROXY|SAME-PRINT-VARIANTS|RECENT|SINGLE-SNAPSHOT,Pasta Pups dachshund/spaghetti expression duplicates earlier family 4573061467; retained only as spread evidence.,Handmade,,
53,2026-09-25,3,funny t shirt,most_relevant,ORGANIC,9,w.1-9,4527566723,TRUE,ELIGIBLE,INSPECTED/RETAINED,,Funny Menopause Shirt Funny Political T Shirt Feminist Shirt Perimenopause Tee I Love It When Women Subtle Anti Trump,NonVolleyZen,https://www.etsy.com/listing/4527566723,4.9,(204),SHOP-LEVEL/SEARCH-CARD,FALSE,,,DISCOVERY-ONLY|SAME-PRINT-VARIANTS|CURRENT-SNAPSHOT-UNKNOWN-WINDOW|SINGLE-SNAPSHOT,Fixed graphic-shirt candidate; no title-level prohibited dependency identified. Evidence qualification was checked on the listing page.,,,
54,2026-09-25,3,funny t shirt,most_relevant,ORGANIC,10,w.1-10,4436576215,TRUE,ELIGIBLE,INSPECTED/RETAINED,,Funny Knitting Shirt Cute Protest T Shirt Crafty Shirt Gift Knitting Subtle Anti Trump Tee Mad at the Government Shirt Funny Knitting Quote,NonVolleyZen,https://www.etsy.com/listing/4436576215,4.9,(204),SHOP-LEVEL/SEARCH-CARD,FALSE,3,"Mar 18, 2026|Feb 7, 2026|May 21, 2026",STRONG-PROXY|SAME-PRINT-VARIANTS|RECENT|SINGLE-SNAPSHOT,Fixed graphic-shirt candidate; no title-level prohibited dependency identified. Evidence qualification was checked on the listing page.,,,
55,2026-09-25,3,funny t shirt,most_relevant,ORGANIC,11,w.1-11,4479852711,FALSE,DUPLICATE-FAMILY,DEDUPED,,"Funny Gangster Cat Shirt, Meme Cats Graphic Tee, Vintage Cat Lover Shirt, Funny Cat Meme Tee, Edgy Cat Shirt, Cat Dad Gift, Cat Mom Shirt",CatDistributor,https://www.etsy.com/listing/4479852711,4.9,(1.5k),SHOP-LEVEL/SEARCH-CARD,TRUE,102,"Sep 24, 2026|Sep 22, 2026|Sep 21, 2026",PLATFORM-BADGED|SAME-PRINT-VARIANTS|RECENT|SINGLE-SNAPSHOT,Exact listing ID already observed earlier; retained as repeated-presence evidence only.,,,
56,2026-09-25,3,funny t shirt,most_relevant,ORGANIC,12,w.1-12,4490363105,TRUE,ELIGIBLE,SELECTED,10,"Funny Husband Shirt, I Never Question My Wifes Choices Tee, Anniversary Gift For Him",BlazingBrite,https://www.etsy.com/listing/4490363105,4.9,(7.7k),SHOP-LEVEL/SEARCH-CARD,TRUE,10,"Sep 22, 2026|Sep 11, 2026|Sep 6, 2026|Sep 4, 2026",PLATFORM-BADGED|SAME-PRINT-VARIANTS|RECENT|SINGLE-SNAPSHOT,"Selected under frozen Etsy rule: official platform Bestseller badge, item-specific reviews/recency, clean same-print attribution, then first occurrence.",,TRACE-P001-ETSY-10,IP-QUARANTINE
57,2026-09-25,4,funny t shirt,highest_reviews,AD,1,w.1-1,4566110490,,,AD-SKIPPED,,"What Is Even Happening Raccoon Shirt, Funny Confused Raccoon Tee, Retro Sunset Animal Humor T-Shirt, Sarcastic Gift",FavourArtCo,https://www.etsy.com/listing/4566110490,4.8,(4.8k),SHOP-LEVEL/SEARCH-CARD,,,,DISCOVERY-ONLY|UNCLEAR|CURRENT-SNAPSHOT-UNKNOWN-WINDOW|SINGLE-SNAPSHOT,Paid placement recorded separately; excluded from demand inference.,,,
58,2026-09-25,4,funny t shirt,highest_reviews,AD,2,w.1-2,4533207681,,,AD-SKIPPED,,"Widow's Bay Travel T-Shirt, Funny Retro TV Graphic Tee",Streetwear314,https://www.etsy.com/listing/4533207681,4.8,(372),SHOP-LEVEL/SEARCH-CARD,,,,DISCOVERY-ONLY|UNCLEAR|CURRENT-SNAPSHOT-UNKNOWN-WINDOW|SINGLE-SNAPSHOT,Paid placement recorded separately; excluded from demand inference.,,,
59,2026-09-25,4,funny t shirt,highest_reviews,AD,3,w.1-3,4528452017,,,AD-SKIPPED,,"Grumpy Crow Shirt, I Got Up Early No Worm Tee, Bird Lover Humor T-Shirt",thunderated,https://www.etsy.com/listing/4528452017,4.9,(930),SHOP-LEVEL/SEARCH-CARD,,,,DISCOVERY-ONLY|UNCLEAR|CURRENT-SNAPSHOT-UNKNOWN-WINDOW|SINGLE-SNAPSHOT,Paid placement recorded separately; excluded from demand inference.,,,
60,2026-09-25,4,funny t shirt,highest_reviews,AD,4,w.1-4,4577680802,,,AD-SKIPPED,,"Comfort Colors® Thanksgiving Skeleton T-Shirt, Funny Turkey Shirt, Fall Halloween Tee",ColorfulComfortTees,https://www.etsy.com/listing/4577680802,4.9,(15.8k),SHOP-LEVEL/SEARCH-CARD,,,,DISCOVERY-ONLY|UNCLEAR|CURRENT-SNAPSHOT-UNKNOWN-WINDOW|SINGLE-SNAPSHOT,Paid placement recorded separately; excluded from demand inference.,,,
61,2026-09-25,4,funny t shirt,highest_reviews,AD,5,,4482634380,,,AD-SKIPPED,,"Sarcastic Shirt, I Don't Get Enough Credit For Things I Manage Not To Say",TeeIslandCo,https://www.etsy.com/listing/4482634380,4.8,(15.1k),SHOP-LEVEL/SEARCH-CARD,,,,DISCOVERY-ONLY|UNCLEAR|CURRENT-SNAPSHOT-UNKNOWN-WINDOW|SINGLE-SNAPSHOT,Paid placement recorded separately; excluded from demand inference.,,,
62,2026-09-25,4,funny t shirt,highest_reviews,AD,6,,4533838820,,,AD-SKIPPED,,"Bald Men Motorcycle Graphic T-Shirt, Skeleton Biker Flame Tee with Hair Would Only Slow Me Down Design",LifeBySimon,https://www.etsy.com/listing/4533838820,4.9,(1.3k),SHOP-LEVEL/SEARCH-CARD,,,,DISCOVERY-ONLY|UNCLEAR|CURRENT-SNAPSHOT-UNKNOWN-WINDOW|SINGLE-SNAPSHOT,Paid placement recorded separately; excluded from demand inference.,,,
63,2026-09-25,4,funny t shirt,highest_reviews,AD,7,,1252513606,,,AD-SKIPPED,,No Sweat Halloween Short Sleeve T-Shirt,JustinsShirtStore,https://www.etsy.com/listing/1252513606,5.0,(13.2k),SHOP-LEVEL/SEARCH-CARD,,,,DISCOVERY-ONLY|UNCLEAR|CURRENT-SNAPSHOT-UNKNOWN-WINDOW|SINGLE-SNAPSHOT,Paid placement recorded separately; excluded from demand inference.,,,
64,2026-09-25,4,funny t shirt,highest_reviews,AD,8,,4494095899,,,AD-SKIPPED,,Comfort Colors® Undiagnosed But Something Ain’t Right Shirt Funny Sarcasm Humor Tee Relatable Quote Shirt Casual Comfy Outfit Gift,FastCustomTees,https://www.etsy.com/listing/4494095899,4.8,(61.4k),SHOP-LEVEL/SEARCH-CARD,,,,DISCOVERY-ONLY|UNCLEAR|CURRENT-SNAPSHOT-UNKNOWN-WINDOW|SINGLE-SNAPSHOT,Paid placement recorded separately; excluded from demand inference.,,,
65,2026-09-25,4,funny t shirt,highest_reviews,AD,9,,1885326092,,,AD-SKIPPED,,"Comfort Colors® I Got That Dog In Me Shirt, Funny Meme Shirt, Costco Hot Dog Shirt, Keep 150 Dank Meme Shirt, Trendy Shirts, Hot Dog Lover",CuppaTeeClothing,https://www.etsy.com/listing/1885326092,4.9,(9.9k),SHOP-LEVEL/SEARCH-CARD,,,,DISCOVERY-ONLY|UNCLEAR|CURRENT-SNAPSHOT-UNKNOWN-WINDOW|SINGLE-SNAPSHOT,Paid placement recorded separately; excluded from demand inference.,Handmade,,
66,2026-09-25,4,funny t shirt,highest_reviews,AD,10,,1849857861,,,AD-SKIPPED,,"Comfort Colors® Custom Girlfriend Shirt, Personalized Bootleg Girlfriend T Shirt, Bootleg Boyfriend Tee",UpTopNorth,https://www.etsy.com/listing/1849857861,4.9,(24.8k),SHOP-LEVEL/SEARCH-CARD,,,,DISCOVERY-ONLY|UNCLEAR|CURRENT-SNAPSHOT-UNKNOWN-WINDOW|SINGLE-SNAPSHOT,Paid placement recorded separately; excluded from demand inference.,,,
67,2026-09-25,4,funny t shirt,highest_reviews,AD,11,,4359726643,,,AD-SKIPPED,,"Halloween Taco Sauce Shirt, Matching Family Tshirt, Hot Sauce Group Costumes for Friends Teachers, Funny Taco Tees, Taco Sauce Party T shirt",CustomWearify,https://www.etsy.com/listing/4359726643,4.9,(1.6k),SHOP-LEVEL/SEARCH-CARD,,,,DISCOVERY-ONLY|UNCLEAR|CURRENT-SNAPSHOT-UNKNOWN-WINDOW|SINGLE-SNAPSHOT,Paid placement recorded separately; excluded from demand inference.,,,
68,2026-09-25,4,funny t shirt,highest_reviews,AD,12,,4472276694,,,AD-SKIPPED,,"What a F*cked Up Time to Be Alive Shirt, Adult Humor Sweatshirt, Funny Sweater, Dark Humor Tee, Sarcastic Comfort Colors T-Shirt",CloudCottoNShirt,https://www.etsy.com/listing/4472276694,4.9,(1.6k),SHOP-LEVEL/SEARCH-CARD,,,,DISCOVERY-ONLY|UNCLEAR|CURRENT-SNAPSHOT-UNKNOWN-WINDOW|SINGLE-SNAPSHOT,Paid placement recorded separately; excluded from demand inference.,,,
69,2026-09-25,4,funny t shirt,highest_reviews,ORGANIC,1,w.1-1,1679237029,FALSE,DUPLICATE-FAMILY,DEDUPED,,"Custom Logo Shirts, Personalized Logo Shirt, Custom Design Shirt, Custom Text Shirt,Your Business Logo or Brand Logo T Shirt,Team Logo Shirt",TeaShirtsUS,https://www.etsy.com/listing/1679237029,4.8,(14.7k),SHOP-LEVEL/SEARCH-CARD,,,,DISCOVERY-ONLY|UNCLEAR|CURRENT-SNAPSHOT-UNKNOWN-WINDOW|SINGLE-SNAPSHOT,Exact listing ID already observed earlier; retained as repeated-presence evidence only.,Handmade,,
70,2026-09-25,4,funny t shirt,highest_reviews,ORGANIC,2,w.1-2,1448684964,TRUE,PRODUCT-EXCLUDED,INSPECTED/RETAINED,,"Upgrade backside listing, Purchased together with the main product!",SweeTeeShirt,https://www.etsy.com/listing/1448684964,4.9,(6.4k),SHOP-LEVEL/SEARCH-CARD,,,,DISCOVERY-ONLY|UNCLEAR|CURRENT-SNAPSHOT-UNKNOWN-WINDOW|SINGLE-SNAPSHOT,Custom/personalized/service/add-on or non-fixed graphic-shirt unit.,Handmade,,
71,2026-09-25,4,funny t shirt,highest_reviews,ORGANIC,3,w.1-3,1800226651,TRUE,ATTRIBUTION-EXCLUDED,INSPECTED/RETAINED,,"Funny 770 Quotes Most Likely Christmas Tee, Matching Family Christmas 2026 T-Shirt, Holiday Pjs",TrendyGiftsUSA,https://www.etsy.com/listing/1800226651,4.8,(3.6k),SHOP-LEVEL/SEARCH-CARD,,,,DISCOVERY-ONLY|UNCLEAR|CURRENT-SNAPSHOT-UNKNOWN-WINDOW|SINGLE-SNAPSHOT,Listing exposes multiple quote/design outcomes; design-level review attribution is not clean.,,,
72,2026-09-25,4,funny t shirt,highest_reviews,ORGANIC,4,w.1-4,4329676522,TRUE,PRODUCT-EXCLUDED,INSPECTED/RETAINED,,"Comfort Colors® Custom Vintage 90s T-Shirt, Personalized Retro Bootleg Shirt, Pet Photo on Tshirt, 90s Rap Group Bootleg Tee",ArtsifOfficial,https://www.etsy.com/listing/4329676522,4.9,(22.4k),SHOP-LEVEL/SEARCH-CARD,,,,DISCOVERY-ONLY|UNCLEAR|CURRENT-SNAPSHOT-UNKNOWN-WINDOW|SINGLE-SNAPSHOT,Custom/personalized/service/add-on or non-fixed graphic-shirt unit.,,,
73,2026-09-25,4,funny t shirt,highest_reviews,ORGANIC,5,w.1-5,4518683637,TRUE,ELIGIBLE,INSPECTED/RETAINED,,"Funny Major Jackpot T-Shirt, Casino Slot Machine Attire, Gambling Theme Apparel, Fun Las Vegas Clothing, Unique Gift Him or Her",SMILINGSUNFLOWER,https://www.etsy.com/listing/4518683637,4.9,(214),SHOP-LEVEL/SEARCH-CARD,FALSE,3,"Jul 9, 2026",STRONG-PROXY|SAME-PRINT-VARIANTS|RECENT|SINGLE-SNAPSHOT,Fixed graphic-shirt candidate; no title-level prohibited dependency identified. Evidence qualification was checked on the listing page.,,,
74,2026-09-25,4,funny t shirt,highest_reviews,ORGANIC,6,w.1-6,4563871414,FALSE,DUPLICATE-FAMILY,DEDUPED,,"FDT Lake Ontario Kennedy Center Shirt, Funny Protest Tee, Comfort Colors® Anti-Tr*mp Pro-Democracy Activism Gift, Subtle FDT Shirt",MillieLaneTees,https://www.etsy.com/listing/4563871414,4.9,(1.9k),SHOP-LEVEL/SEARCH-CARD,TRUE,54,"Sep 23, 2026|Sep 17, 2026",PLATFORM-BADGED|SAME-PRINT-VARIANTS|RECENT|SINGLE-SNAPSHOT,Exact listing ID already observed earlier; retained as repeated-presence evidence only.,,,
75,2026-09-25,4,funny t shirt,highest_reviews,ORGANIC,7,w.1-7,1012093892,TRUE,ELIGIBLE,INSPECTED/RETAINED,,"Funny Dad Jokes T-Shirt, Father's Day Gift",CrazyDogTshirts,https://www.etsy.com/listing/1012093892,4.9,(79.3k),SHOP-LEVEL/SEARCH-CARD,FALSE,857,"Sep 8, 2026|Sep 2, 2026|Aug 23, 2026|Aug 3, 2026",STRONG-PROXY|SAME-PRINT-VARIANTS|RECENT|SINGLE-SNAPSHOT,Fixed graphic-shirt candidate; no title-level prohibited dependency identified. Evidence qualification was checked on the listing page.,,,
76,2026-09-25,4,funny t shirt,highest_reviews,ORGANIC,8,w.1-8,4567985153,TRUE,IP-QUARANTINE,INSPECTED/RETAINED,,"Comfort Colors Amaze T-Shirt, Funny Maze T-Shirt, Space Mary Graphic Tee, Retro Rock Shirt, Meme Graphic Tee, Cosmic Shirt",EverWildTees,https://www.etsy.com/listing/4567985153,5.0,(32),SHOP-LEVEL/SEARCH-CARD,TRUE,1,"Sep 15, 2026",PLATFORM-BADGED|SAME-PRINT-VARIANTS|RECENT|SINGLE-SNAPSHOT,"Origin, public-personality/cause dependence, quotation, or artwork provenance remains unresolved.",,,
77,2026-09-25,4,funny t shirt,highest_reviews,ORGANIC,9,,560142098,TRUE,ELIGIBLE,INSPECTED/RETAINED,,Jesus Riding Dinosaur T Shirt Funny T Shirts for Men Women UFO T Shirt Offensive Shirt Cool Graphic T Shirts Crazy Shirts T Rex Novelty Tee,Shirtmandude,https://www.etsy.com/listing/560142098,5.0,(31.9k),SHOP-LEVEL/SEARCH-CARD,FALSE,1k,"Jul 14, 2026|May 18, 2026|Dec 29, 2025|Nov 19, 2025",STRONG-PROXY|SAME-PRINT-VARIANTS|RECENT|SINGLE-SNAPSHOT,Fixed graphic-shirt candidate; no title-level prohibited dependency identified. Evidence qualification was checked on the listing page.,,,
78,2026-09-25,4,funny t shirt,highest_reviews,ORGANIC,10,,4562494437,TRUE,IP-QUARANTINE,INSPECTED/RETAINED,,"Lake Ontario Est. 1660 T-Shirt, Funny Canada Trump Tariff Shirt, Great Lakes Political Satire Tee, Canadian Lake Lover Gift, Lake of America",ShopGratefulThreadCo,https://www.etsy.com/listing/4562494437,4.9,(5k),SHOP-LEVEL/SEARCH-CARD,TRUE,27,"Sep 23, 2026|Sep 22, 2026|Sep 19, 2026|Sep 18, 2026",PLATFORM-BADGED|SAME-PRINT-VARIANTS|RECENT|SINGLE-SNAPSHOT,"Origin, public-personality/cause dependence, quotation, or artwork provenance remains unresolved.",,,
79,2026-09-25,4,funny t shirt,highest_reviews,ORGANIC,11,,4500373887,TRUE,ELIGIBLE,INSPECTED/RETAINED,,"Comfort Colors Funny Dad Shirt, Outnumbered by Girls Gift, Father's Day Gift for Him, Dad Shirt, Gift for Dad of Girls Gift From Daughter",ChupchupShop,https://www.etsy.com/listing/4500373887,4.9,(1.1k),SHOP-LEVEL/SEARCH-CARD,FALSE,8,"Aug 23, 2026|Jul 15, 2026|Jul 7, 2026|Jul 6, 2026",STRONG-PROXY|SAME-PRINT-VARIANTS|RECENT|SINGLE-SNAPSHOT,Fixed graphic-shirt candidate; no title-level prohibited dependency identified. Evidence qualification was checked on the listing page.,,,
80,2026-09-25,4,funny t shirt,highest_reviews,ORGANIC,12,,4542961857,FALSE,DUPLICATE-FAMILY,DEDUPED,,"HELLOW! Text Graphic T-Shirt | Bold Stencil Lettering, Navy Tee",ShepherdFarmsGoods,https://www.etsy.com/listing/4542961857,5.0,(103),SHOP-LEVEL/SEARCH-CARD,TRUE,7,"Sep 24, 2026|Sep 23, 2026|Sep 16, 2026",PLATFORM-BADGED|SAME-PRINT-VARIANTS|RECENT|SINGLE-SNAPSHOT,Exact listing ID already observed earlier; retained as repeated-presence evidence only.,,,
81,2026-09-25,5,novelty t shirt,most_relevant,ORGANIC,1,w.1-1,4510419565,TRUE,IP-EXCLUDED,INSPECTED/RETAINED,,"Vintage Thiccolas Cage Meme Shirt, Funny Unhinged Absurd Cringe T-Shirt",VibeByLayda,https://www.etsy.com/listing/4510419565,4.8,(50),SHOP-LEVEL/SEARCH-CARD,,,,DISCOVERY-ONLY|UNCLEAR|CURRENT-SNAPSHOT-UNKNOWN-WINDOW|SINGLE-SNAPSHOT,"Demand materially depends on a named franchise, entertainer, athlete/team, song/film/game, brand-led identity, or named public-figure fame.",,,
82,2026-09-25,5,novelty t shirt,most_relevant,ORGANIC,2,w.1-2,4472721533,FALSE,DUPLICATE-FAMILY,DEDUPED,,"Rock Star Cat Shirt, Vintage Kitten Y2K TShirt, Rock and Roll Cat Shirt, Electric Guitar Kitty Tee, Cat Grunge Punk Music Lover Gift for Him",CitrusTeeShop,https://www.etsy.com/listing/4472721533,4.9,(303),SHOP-LEVEL/SEARCH-CARD,TRUE,79,"Sep 25, 2026|Sep 24, 2026|Sep 23, 2026",PLATFORM-BADGED|SAME-PRINT-VARIANTS|RECENT|SINGLE-SNAPSHOT,Exact listing ID already observed earlier; retained as repeated-presence evidence only.,,,
83,2026-09-25,5,novelty t shirt,most_relevant,ORGANIC,3,w.1-3,4527566723,FALSE,DUPLICATE-FAMILY,DEDUPED,,Funny Menopause Shirt Funny Political T Shirt Feminist Shirt Perimenopause Tee I Love It When Women Subtle Anti Trump,NonVolleyZen,https://www.etsy.com/listing/4527566723,4.9,(204),SHOP-LEVEL/SEARCH-CARD,FALSE,,,DISCOVERY-ONLY|SAME-PRINT-VARIANTS|CURRENT-SNAPSHOT-UNKNOWN-WINDOW|SINGLE-SNAPSHOT,Exact listing ID already observed earlier; retained as repeated-presence evidence only.,,,
84,2026-09-25,5,novelty t shirt,most_relevant,ORGANIC,4,w.1-4,4350974897,TRUE,ELIGIBLE,SELECTED,3,"Huzzah Frog with Sword Tee, Embroidered Medieval Frog Shirt, Comfort Colors 1717, Funny DnD T-Shirt, Renaissance Faire Frog Gift",PineSpiceBooks,https://www.etsy.com/listing/4350974897,4.9,(5.6k),SHOP-LEVEL/SEARCH-CARD,TRUE,269,"Sep 19, 2026|Sep 13, 2026|Sep 8, 2026|Sep 1, 2026",PLATFORM-BADGED|SAME-PRINT-VARIANTS|RECENT|SINGLE-SNAPSHOT,"Selected under frozen Etsy rule: official platform Bestseller badge, item-specific reviews/recency, clean same-print attribution, then first occurrence.",,TRACE-P001-ETSY-03,IP-QUARANTINE
85,2026-09-25,5,novelty t shirt,most_relevant,ORGANIC,5,w.1-5,4414449167,TRUE,ELIGIBLE,SELECTED,4,"Mitochondria Vintage Science T-Shirt, Retro Biology Graphic Tee, 90s Academic Cell Diagram Shirt, Geek Lab Humor Top, STEM Learning Gift",RetroFluent,https://www.etsy.com/listing/4414449167,4.9,(919),SHOP-LEVEL/SEARCH-CARD,TRUE,127,"Sep 21, 2026|Sep 19, 2026|Sep 18, 2026|Sep 15, 2026",PLATFORM-BADGED|SAME-PRINT-VARIANTS|RECENT|SINGLE-SNAPSHOT,"Selected under frozen Etsy rule: official platform Bestseller badge, item-specific reviews/recency, clean same-print attribution, then first occurrence.",,TRACE-P001-ETSY-04,IP-QUARANTINE
86,2026-09-25,5,novelty t shirt,most_relevant,ORGANIC,6,w.1-6,1617608764,TRUE,ELIGIBLE,INSPECTED/RETAINED,,Wanted Have You Seen This Chicken? Funny T Shirt Tee,MyRadioActiveWear,https://www.etsy.com/listing/1617608764,4.9,(3.7k),SHOP-LEVEL/SEARCH-CARD,FALSE,28,"Sep 15, 2026|Sep 3, 2026|Aug 26, 2026|Jun 25, 2026",STRONG-PROXY|SAME-PRINT-VARIANTS|RECENT|SINGLE-SNAPSHOT,Fixed graphic-shirt candidate; no title-level prohibited dependency identified. Evidence qualification was checked on the listing page.,,,
87,2026-09-25,5,novelty t shirt,most_relevant,ORGANIC,7,w.1-7,4521023403,FALSE,DUPLICATE-FAMILY,DEDUPED,,Cryptid National Parks Shirt Comfort Colors® 90s Protect Our Parks Vintage Camping Hiking Tee Retro Wanderlust Shirt Fantasy Creatures Tee,ShopJuneCollective,https://www.etsy.com/listing/4521023403,4.9,(1.2k),SHOP-LEVEL/SEARCH-CARD,FALSE,41,"Sep 24, 2026|Sep 19, 2026|Sep 17, 2026",STRONG-PROXY|SAME-PRINT-VARIANTS|RECENT|SINGLE-SNAPSHOT,Exact listing ID already observed earlier; retained as repeated-presence evidence only.,,,
88,2026-09-25,5,novelty t shirt,most_relevant,ORGANIC,8,w.1-8,4524665092,FALSE,DUPLICATE-FAMILY,DEDUPED,,"Comfort Colors Pasta Pups Shirt, Funny Dachshund Spagetti Shirt, Italian Foodie  Gift",ZibbyStore,https://www.etsy.com/listing/4524665092,4.7,(316),SHOP-LEVEL/SEARCH-CARD,FALSE,13,"Sep 24, 2026|Sep 21, 2026|Sep 20, 2026|Sep 17, 2026",STRONG-PROXY|SAME-PRINT-VARIANTS|RECENT|SINGLE-SNAPSHOT,Exact listing ID already observed earlier; retained as repeated-presence evidence only.,Handmade,,
89,2026-09-25,5,novelty t shirt,most_relevant,ORGANIC,9,w.1-9,4444727416,TRUE,ELIGIBLE,SELECTED,8,"Poker Cats Vintage Graphic T Shirt, Retro Funny Gambling Cat Graphic Tee, Kitten Card Game Gift",OldSchoolCulture,https://www.etsy.com/listing/4444727416,4.9,(15k),SHOP-LEVEL/SEARCH-CARD,TRUE,20,"Sep 16, 2026|Sep 7, 2026|Sep 6, 2026",PLATFORM-BADGED|SAME-PRINT-VARIANTS|RECENT|SINGLE-SNAPSHOT,"Selected under frozen Etsy rule: official platform Bestseller badge, item-specific reviews/recency, clean same-print attribution, then first occurrence.",,TRACE-P001-ETSY-08,IP-QUARANTINE
90,2026-09-25,5,novelty t shirt,most_relevant,ORGANIC,10,w.1-10,4332571417,TRUE,ELIGIBLE,SELECTED,1,Salty Girl Tee: Women's Vintage Cotton Blend T-Shirt,Tokfun,https://www.etsy.com/listing/4332571417,4.8,(1k),SHOP-LEVEL/SEARCH-CARD,TRUE,814,"Sep 23, 2026|Sep 21, 2026|Sep 20, 2026",PLATFORM-BADGED|SAME-PRINT-VARIANTS|RECENT|SINGLE-SNAPSHOT,"Selected under frozen Etsy rule: official platform Bestseller badge, item-specific reviews/recency, clean same-print attribution, then first occurrence.",,TRACE-P001-ETSY-01,IP-QUARANTINE
91,2026-09-25,5,novelty t shirt,most_relevant,ORGANIC,11,w.1-11,4305406291,TRUE,ELIGIBLE,INSPECTED/RETAINED,,"Embroidered Penguin Pocket Tee, Comfort Colors Vintage Style Garment-Dyed T-Shirt, Unisex Adult",TheEmbroideryGeek,https://www.etsy.com/listing/4305406291,5.0,(1.4k),SHOP-LEVEL/SEARCH-CARD,FALSE,160,"Sep 23, 2026|Sep 20, 2026|Sep 19, 2026",STRONG-PROXY|SAME-PRINT-VARIANTS|RECENT|SINGLE-SNAPSHOT,Fixed graphic-shirt candidate; no title-level prohibited dependency identified. Evidence qualification was checked on the listing page.,Handmade,,
92,2026-09-25,5,novelty t shirt,most_relevant,ORGANIC,12,w.1-12,4479852711,FALSE,DUPLICATE-FAMILY,DEDUPED,,"Funny Gangster Cat Shirt, Meme Cats Graphic Tee, Vintage Cat Lover Shirt, Funny Cat Meme Tee, Edgy Cat Shirt, Cat Dad Gift, Cat Mom Shirt",CatDistributor,https://www.etsy.com/listing/4479852711,4.9,(1.5k),SHOP-LEVEL/SEARCH-CARD,TRUE,102,"Sep 24, 2026|Sep 22, 2026|Sep 21, 2026",PLATFORM-BADGED|SAME-PRINT-VARIANTS|RECENT|SINGLE-SNAPSHOT,Exact listing ID already observed earlier; retained as repeated-presence evidence only.,,,
93,2026-09-25,6,novelty t shirt,highest_reviews,AD,1,w.1-1,4570040692,,,AD-SKIPPED,,"This Shirt Cost Me 50,000 Dollars T-Shirt, Funny Graphic Tee, Expensive Shirt Joke, Viral Meme Shirt, Unisex Humor T-Shirt Gift",NYprintco,https://www.etsy.com/listing/4570040692,,,SHOP-LEVEL/SEARCH-CARD,,,,DISCOVERY-ONLY|UNCLEAR|CURRENT-SNAPSHOT-UNKNOWN-WINDOW|SINGLE-SNAPSHOT,Paid placement recorded separately; excluded from demand inference.,,,
94,2026-09-25,6,novelty t shirt,highest_reviews,AD,2,w.1-2,4566110490,,,AD-SKIPPED,,"What Is Even Happening Raccoon Shirt, Funny Confused Raccoon Tee, Retro Sunset Animal Humor T-Shirt, Sarcastic Gift",FavourArtCo,https://www.etsy.com/listing/4566110490,4.8,(4.8k),SHOP-LEVEL/SEARCH-CARD,,,,DISCOVERY-ONLY|UNCLEAR|CURRENT-SNAPSHOT-UNKNOWN-WINDOW|SINGLE-SNAPSHOT,Paid placement recorded separately; excluded from demand inference.,,,
95,2026-09-25,6,novelty t shirt,highest_reviews,AD,3,w.1-3,1884298680,,,AD-SKIPPED,,"Funny Shirt for Women and Men, Sarcastic Shirt, Funny Gift, 5'2 But My Attitude 6'1 Shirt, Funny Birthday Gift Shirt, Funny Attitude Shirt",CustomTrendyShiirts,https://www.etsy.com/listing/1884298680,4.8,(1.3k),SHOP-LEVEL/SEARCH-CARD,,,,DISCOVERY-ONLY|UNCLEAR|CURRENT-SNAPSHOT-UNKNOWN-WINDOW|SINGLE-SNAPSHOT,Paid placement recorded separately; excluded from demand inference.,,,
96,2026-09-25,6,novelty t shirt,highest_reviews,AD,4,w.1-4,4533838820,,,AD-SKIPPED,,"Bald Men Motorcycle Graphic T-Shirt, Skeleton Biker Flame Tee with Hair Would Only Slow Me Down Design",LifeBySimon,https://www.etsy.com/listing/4533838820,4.9,(1.3k),SHOP-LEVEL/SEARCH-CARD,,,,DISCOVERY-ONLY|UNCLEAR|CURRENT-SNAPSHOT-UNKNOWN-WINDOW|SINGLE-SNAPSHOT,Paid placement recorded separately; excluded from demand inference.,,,
97,2026-09-25,6,novelty t shirt,highest_reviews,AD,5,,1252513606,,,AD-SKIPPED,,No Sweat Halloween Short Sleeve T-Shirt,JustinsShirtStore,https://www.etsy.com/listing/1252513606,5.0,(13.2k),SHOP-LEVEL/SEARCH-CARD,,,,DISCOVERY-ONLY|UNCLEAR|CURRENT-SNAPSHOT-UNKNOWN-WINDOW|SINGLE-SNAPSHOT,Paid placement recorded separately; excluded from demand inference.,,,
98,2026-09-25,6,novelty t shirt,highest_reviews,AD,6,,4367038950,,,AD-SKIPPED,,"Comfort Colors® I Squirt On Juicy Wieners Tee, Inappropriate Tee, Raunchy Humor, Cute Gag Gift, Exchange Gen Z Meme Shirt",CustomDesignTDestiny,https://www.etsy.com/listing/4367038950,4.7,(57),SHOP-LEVEL/SEARCH-CARD,,,,DISCOVERY-ONLY|UNCLEAR|CURRENT-SNAPSHOT-UNKNOWN-WINDOW|SINGLE-SNAPSHOT,Paid placement recorded separately; excluded from demand inference.,Handmade,,
99,2026-09-25,6,novelty t shirt,highest_reviews,AD,7,,4482634380,,,AD-SKIPPED,,"Sarcastic Shirt, I Don't Get Enough Credit For Things I Manage Not To Say",TeeIslandCo,https://www.etsy.com/listing/4482634380,4.8,(15.1k),SHOP-LEVEL/SEARCH-CARD,,,,DISCOVERY-ONLY|UNCLEAR|CURRENT-SNAPSHOT-UNKNOWN-WINDOW|SINGLE-SNAPSHOT,Paid placement recorded separately; excluded from demand inference.,,,
100,2026-09-25,6,novelty t shirt,highest_reviews,AD,8,,4528452017,,,AD-SKIPPED,,"Grumpy Crow Shirt, I Got Up Early No Worm Tee, Bird Lover Humor T-Shirt",thunderated,https://www.etsy.com/listing/4528452017,4.9,(930),SHOP-LEVEL/SEARCH-CARD,,,,DISCOVERY-ONLY|UNCLEAR|CURRENT-SNAPSHOT-UNKNOWN-WINDOW|SINGLE-SNAPSHOT,Paid placement recorded separately; excluded from demand inference.,,,
101,2026-09-25,6,novelty t shirt,highest_reviews,AD,9,,4521276180,,,AD-SKIPPED,,"I Support Women's Sports Shirt,Funny Offensive Sarcastic Humor Shirt,Gag Gifts Shirt,Embarassing Shirt,Cringy Shirts,Gen Z Humor Shirt",TeeThales,https://www.etsy.com/listing/4521276180,4.4,(47),SHOP-LEVEL/SEARCH-CARD,,,,DISCOVERY-ONLY|UNCLEAR|CURRENT-SNAPSHOT-UNKNOWN-WINDOW|SINGLE-SNAPSHOT,Paid placement recorded separately; excluded from demand inference.,,,
102,2026-09-25,6,novelty t shirt,highest_reviews,AD,10,,1885326092,,,AD-SKIPPED,,"Comfort Colors® I Got That Dog In Me Shirt, Funny Meme Shirt, Costco Hot Dog Shirt, Keep 150 Dank Meme Shirt, Trendy Shirts, Hot Dog Lover",CuppaTeeClothing,https://www.etsy.com/listing/1885326092,4.9,(9.9k),SHOP-LEVEL/SEARCH-CARD,,,,DISCOVERY-ONLY|UNCLEAR|CURRENT-SNAPSHOT-UNKNOWN-WINDOW|SINGLE-SNAPSHOT,Paid placement recorded separately; excluded from demand inference.,Handmade,,
103,2026-09-25,6,novelty t shirt,highest_reviews,AD,11,,1766081890,,,AD-SKIPPED,,"Shit List Shirt, Hilarious Shirt, Sarcastic shirt, Swearing Tees, Shit I dont Have Time For T-Shirt, Funny quotes shirt, Mens Funny T-Shirt",DaisyShirts,https://www.etsy.com/listing/1766081890,4.8,(5.2k),SHOP-LEVEL/SEARCH-CARD,,,,DISCOVERY-ONLY|UNCLEAR|CURRENT-SNAPSHOT-UNKNOWN-WINDOW|SINGLE-SNAPSHOT,Paid placement recorded separately; excluded from demand inference.,,,
104,2026-09-25,6,novelty t shirt,highest_reviews,AD,12,,1634569642,,,AD-SKIPPED,,"Comfort Colors® Cute Cat Valentine  T-Shirt, Valentines Day T-Shirt, Meowentine Valentine Shirt, Funny Valentine Shirt, Valentine Cat Shirt",ColorfulComfortTees,https://www.etsy.com/listing/1634569642,4.9,(15.8k),SHOP-LEVEL/SEARCH-CARD,,,,DISCOVERY-ONLY|UNCLEAR|CURRENT-SNAPSHOT-UNKNOWN-WINDOW|SINGLE-SNAPSHOT,Paid placement recorded separately; excluded from demand inference.,Handmade,,
105,2026-09-25,6,novelty t shirt,highest_reviews,ORGANIC,1,w.1-1,4542961857,FALSE,DUPLICATE-FAMILY,DEDUPED,,"HELLOW! Text Graphic T-Shirt | Bold Stencil Lettering, Navy Tee",ShepherdFarmsGoods,https://www.etsy.com/listing/4542961857,5.0,(103),SHOP-LEVEL/SEARCH-CARD,TRUE,7,"Sep 24, 2026|Sep 23, 2026|Sep 16, 2026",PLATFORM-BADGED|SAME-PRINT-VARIANTS|RECENT|SINGLE-SNAPSHOT,Exact listing ID already observed earlier; retained as repeated-presence evidence only.,,,
106,2026-09-25,6,novelty t shirt,highest_reviews,ORGANIC,2,w.1-2,671213378,TRUE,ELIGIBLE,INSPECTED/RETAINED,,Cat Guitarist Men's Tee: Funny Feline Playing Music Graphic Novelty Shirt for Animal Lovers,missionthread,https://www.etsy.com/listing/671213378,4.9,(6.5k),SHOP-LEVEL/SEARCH-CARD,FALSE,1.7k,"Apr 24, 2026|Dec 24, 2025|Dec 22, 2025|Dec 4, 2025",STRONG-PROXY|SAME-PRINT-VARIANTS|RECENT|SINGLE-SNAPSHOT,Fixed graphic-shirt candidate; no title-level prohibited dependency identified. Evidence qualification was checked on the listing page.,,,
107,2026-09-25,6,novelty t shirt,highest_reviews,ORGANIC,3,w.1-3,4318276128,TRUE,IP-EXCLUDED,INSPECTED/RETAINED,,"Sprunki Game Character Shirt, Roblox Fan Tee, Kids Owakcx T-shirt",FluffyCottonTeez,https://www.etsy.com/listing/4318276128,4.8,(867),SHOP-LEVEL/SEARCH-CARD,,,,DISCOVERY-ONLY|UNCLEAR|CURRENT-SNAPSHOT-UNKNOWN-WINDOW|SINGLE-SNAPSHOT,"Demand materially depends on a named franchise, entertainer, athlete/team, song/film/game, brand-led identity, or named public-figure fame.",,,
108,2026-09-25,6,novelty t shirt,highest_reviews,ORGANIC,4,w.1-4,560142098,FALSE,DUPLICATE-FAMILY,DEDUPED,,Jesus Riding Dinosaur T Shirt Funny T Shirts for Men Women UFO T Shirt Offensive Shirt Cool Graphic T Shirts Crazy Shirts T Rex Novelty Tee,Shirtmandude,https://www.etsy.com/listing/560142098,5.0,(31.9k),SHOP-LEVEL/SEARCH-CARD,FALSE,1k,"Jul 14, 2026|May 18, 2026|Dec 29, 2025|Nov 19, 2025",STRONG-PROXY|SAME-PRINT-VARIANTS|RECENT|SINGLE-SNAPSHOT,Exact listing ID already observed earlier; retained as repeated-presence evidence only.,,,
109,2026-09-25,6,novelty t shirt,highest_reviews,ORGANIC,5,w.1-5,4332275569,TRUE,IP-EXCLUDED,INSPECTED/RETAINED,,GUNNERS novelty t-shirt,StudioOneMerch,https://www.etsy.com/listing/4332275569,5.0,(19),SHOP-LEVEL/SEARCH-CARD,,,,DISCOVERY-ONLY|UNCLEAR|CURRENT-SNAPSHOT-UNKNOWN-WINDOW|SINGLE-SNAPSHOT,"Demand materially depends on a named franchise, entertainer, athlete/team, song/film/game, brand-led identity, or named public-figure fame.",Handmade,,
110,2026-09-25,6,novelty t shirt,highest_reviews,ORGANIC,6,w.1-6,4562804200,TRUE,ELIGIBLE,INSPECTED/RETAINED,,"I Got Up Early There Was No Worm Shirt, Funny Crow Comfort Colors Tee, Sarcastic Raven Tshirt, Bird Lover Gift, Morning Person Humor Sweater",SunsetAndStitchCo,https://www.etsy.com/listing/4562804200,4.8,(594),SHOP-LEVEL/SEARCH-CARD,FALSE,2,"Sep 24, 2026|Sep 21, 2026",STRONG-PROXY|SAME-PRINT-VARIANTS|RECENT|SINGLE-SNAPSHOT,Fixed graphic-shirt candidate; no title-level prohibited dependency identified. Evidence qualification was checked on the listing page.,,,
111,2026-09-25,6,novelty t shirt,highest_reviews,ORGANIC,7,w.1-7,4532612141,TRUE,IP-EXCLUDED,INSPECTED/RETAINED,,"JAWS at Walnut Beach Vintage Merch | Adult & Youth T-Shirts | Vinyl Beach Sticker | Milford, Connecticut Souvenirs + Gifts",nefarmhousedesign,https://www.etsy.com/listing/4532612141,4.9,(6.3k),SHOP-LEVEL/SEARCH-CARD,,,,DISCOVERY-ONLY|UNCLEAR|CURRENT-SNAPSHOT-UNKNOWN-WINDOW|SINGLE-SNAPSHOT,"Demand materially depends on a named franchise, entertainer, athlete/team, song/film/game, brand-led identity, or named public-figure fame.",,,
112,2026-09-25,6,novelty t shirt,highest_reviews,ORGANIC,8,w.1-8,4547937348,TRUE,ELIGIBLE,INSPECTED/RETAINED,,Triangull Triangle Seagull Bird Pun T-Shirt Funny Geometric Sea Gull Tee Cute Animal Wordplay Graphic Shirt Clever Math Joke Apparel,WhimsicalLoreStudio,https://www.etsy.com/listing/4547937348,5.0,(2),SHOP-LEVEL/SEARCH-CARD,FALSE,1,"Sep 18, 2026",STRONG-PROXY|SAME-PRINT-VARIANTS|RECENT|SINGLE-SNAPSHOT,Fixed graphic-shirt candidate; no title-level prohibited dependency identified. Evidence qualification was checked on the listing page.,,,
113,2026-09-25,6,novelty t shirt,highest_reviews,ORGANIC,9,,982743651,TRUE,ELIGIBLE,INSPECTED/RETAINED,,Best Dog Dad Ever Celebrate the Bond Between You and Your Furry Friend Gift for dog Father Gift for Dog and Animal Lover Novelty T Shirt,RoadkillTees,https://www.etsy.com/listing/982743651,4.8,(3.9k),SHOP-LEVEL/SEARCH-CARD,FALSE,1,"Jan 26, 2022",STRONG-PROXY|SAME-PRINT-VARIANTS|CURRENT-SNAPSHOT-UNKNOWN-WINDOW|SINGLE-SNAPSHOT,Fixed graphic-shirt candidate; no title-level prohibited dependency identified. Evidence qualification was checked on the listing page.,,,
114,2026-09-25,6,novelty t shirt,highest_reviews,ORGANIC,10,,759163386,TRUE,ELIGIBLE,INSPECTED/RETAINED,,Funny Possum Shirt T Shirt for Men Women Guys Possum T Shirt Cool Animal Graphic Tshirt Raccoon Live Weird Fake Your Death Silly Graphic Tee,Shirtmandude,https://www.etsy.com/listing/759163386,5.0,(31.9k),SHOP-LEVEL/SEARCH-CARD,FALSE,518,"Jul 31, 2026|Jul 19, 2026|May 6, 2026|Mar 5, 2026",STRONG-PROXY|SAME-PRINT-VARIANTS|RECENT|SINGLE-SNAPSHOT,Fixed graphic-shirt candidate; no title-level prohibited dependency identified. Evidence qualification was checked on the listing page.,,,
115,2026-09-25,6,novelty t shirt,highest_reviews,ORGANIC,11,,4502714567,TRUE,ELIGIBLE,INSPECTED/RETAINED,,"Funny Border Collie Drinking Beer Shirt, Silly Sarcastic Border Collie Novelty Meme Graphic Tee, Funny Dog Gift Men Women, T-Shirt",PixelThreadAlchemy,https://www.etsy.com/listing/4502714567,4.9,(767),SHOP-LEVEL/SEARCH-CARD,FALSE,3,"Jul 30, 2026|Jul 22, 2026|Jun 22, 2026",STRONG-PROXY|SAME-PRINT-VARIANTS|RECENT|SINGLE-SNAPSHOT,Fixed graphic-shirt candidate; no title-level prohibited dependency identified. Evidence qualification was checked on the listing page.,,,
116,2026-09-25,6,novelty t shirt,highest_reviews,ORGANIC,12,,150936726,TRUE,ELIGIBLE,INSPECTED/RETAINED,,Master Baiter T Shirt Funny Fishing Shirt For Men Guys Offensive T Shirt Novelty T Shirt Saying Hilarious Slogan Tee Fisherman Adult Humor,Shirtmandude,https://www.etsy.com/listing/150936726,5.0,(31.9k),SHOP-LEVEL/SEARCH-CARD,FALSE,182,"Jan 15, 2026|Dec 18, 2025|Jun 30, 2025|Dec 20, 2024",STRONG-PROXY|SAME-PRINT-VARIANTS|RECENT|SINGLE-SNAPSHOT,Fixed graphic-shirt candidate; no title-level prohibited dependency identified. Evidence qualification was checked on the listing page.,,,
117,2026-09-25,7,text t shirt,most_relevant,AD,1,,4445179863,,,AD-SKIPPED,,"Personalized Front & Back Print Shirt, Custom Design Tee",TeaShirtsUS,https://www.etsy.com/listing/4445179863,4.8,(14.7k),SHOP-LEVEL/SEARCH-CARD,,,,DISCOVERY-ONLY|UNCLEAR|CURRENT-SNAPSHOT-UNKNOWN-WINDOW|SINGLE-SNAPSHOT,Paid placement recorded separately; excluded from demand inference.,,,
118,2026-09-25,7,text t shirt,most_relevant,ORGANIC,1,w.1-1,4343268015,TRUE,PRODUCT-EXCLUDED,INSPECTED/RETAINED,,Comfort Colors Custom Text Shirt: Personalized Soft Cotton Tee,TheMuryTee,https://www.etsy.com/listing/4343268015,4.9,(847),SHOP-LEVEL/SEARCH-CARD,,,,DISCOVERY-ONLY|UNCLEAR|CURRENT-SNAPSHOT-UNKNOWN-WINDOW|SINGLE-SNAPSHOT,Custom/personalized/service/add-on or non-fixed graphic-shirt unit.,,,
119,2026-09-25,7,text t shirt,most_relevant,ORGANIC,2,w.1-2,4323289814,TRUE,PRODUCT-EXCLUDED,INSPECTED/RETAINED,,"Comfort Colors® Custom Text Shirt – Personalized Quote, Inside Joke, Name Tee",GiftGoodz,https://www.etsy.com/listing/4323289814,4.9,(1.1k),SHOP-LEVEL/SEARCH-CARD,,,,DISCOVERY-ONLY|UNCLEAR|CURRENT-SNAPSHOT-UNKNOWN-WINDOW|SINGLE-SNAPSHOT,Custom/personalized/service/add-on or non-fixed graphic-shirt unit.,,,
120,2026-09-25,7,text t shirt,most_relevant,ORGANIC,3,w.1-3,4575412179,TRUE,PRODUCT-EXCLUDED,INSPECTED/RETAINED,,Personalized Comfort Colors© Tee - Custom Text Quote Lyrics Movie Saying Shirt - Personal Message T-Shirt,IndoorvoiceCo,https://www.etsy.com/listing/4575412179,5.0,(3),SHOP-LEVEL/SEARCH-CARD,,,,DISCOVERY-ONLY|UNCLEAR|CURRENT-SNAPSHOT-UNKNOWN-WINDOW|SINGLE-SNAPSHOT,Custom/personalized/service/add-on or non-fixed graphic-shirt unit.,,,
121,2026-09-25,7,text t shirt,most_relevant,ORGANIC,4,w.1-4,4372290926,TRUE,PRODUCT-EXCLUDED,INSPECTED/RETAINED,,"Personalized Women's Baby Tee, Custom Y2K Baby Tee For Women, Custom Text Y2K Clothing Gift For Daughter, Custom Text Shirt, Youth Sizing",BadSFits,https://www.etsy.com/listing/4372290926,4.7,(153),SHOP-LEVEL/SEARCH-CARD,,,,DISCOVERY-ONLY|UNCLEAR|CURRENT-SNAPSHOT-UNKNOWN-WINDOW|SINGLE-SNAPSHOT,Custom/personalized/service/add-on or non-fixed graphic-shirt unit.,,,
122,2026-09-25,7,text t shirt,most_relevant,ORGANIC,5,w.1-5,1425039325,TRUE,PRODUCT-EXCLUDED,INSPECTED/RETAINED,,"Custom Comfort Colors Shirt, Custom T Shirt, Custom Text Shirt, Custom Bachelorette Tshirt Custom Adult Shirt, Personalized Shirt, boho",HopifyCustomTees,https://www.etsy.com/listing/1425039325,4.9,(5.2k),SHOP-LEVEL/SEARCH-CARD,,,,DISCOVERY-ONLY|UNCLEAR|CURRENT-SNAPSHOT-UNKNOWN-WINDOW|SINGLE-SNAPSHOT,Custom/personalized/service/add-on or non-fixed graphic-shirt unit.,,,
123,2026-09-25,7,text t shirt,most_relevant,ORGANIC,6,w.1-6,4428953124,TRUE,PRODUCT-EXCLUDED,INSPECTED/RETAINED,,"Custom Text Shirt, Personalized TShirt, Oversized Womens T-Shirt, Personalized Text Boyfriend Tee, Custom 90s Shirt, Custom Birthday Shirt",CozyCreationsBtq,https://www.etsy.com/listing/4428953124,4.9,(2k),SHOP-LEVEL/SEARCH-CARD,,,,DISCOVERY-ONLY|UNCLEAR|CURRENT-SNAPSHOT-UNKNOWN-WINDOW|SINGLE-SNAPSHOT,Custom/personalized/service/add-on or non-fixed graphic-shirt unit.,,,
124,2026-09-25,7,text t shirt,most_relevant,ORGANIC,7,w.1-7,1801884628,TRUE,PRODUCT-EXCLUDED,INSPECTED/RETAINED,,Custom Embroidered T-Shirt Personalized Text Shirt Custom Tee with Small Text Holiday Shirt Couples Matching Gift,CustomExpression4You,https://www.etsy.com/listing/1801884628,5.0,(207),SHOP-LEVEL/SEARCH-CARD,,,,DISCOVERY-ONLY|UNCLEAR|CURRENT-SNAPSHOT-UNKNOWN-WINDOW|SINGLE-SNAPSHOT,Custom/personalized/service/add-on or non-fixed graphic-shirt unit.,,,
125,2026-09-25,7,text t shirt,most_relevant,ORGANIC,8,w.1-8,1085278109,TRUE,PRODUCT-EXCLUDED,INSPECTED/RETAINED,,Custom Text Shirt | Personalized Custom T-Shirt | Make Your Own Shirt | Matching Personalized TShirts | Your Custom Text Shirt,FluffyBearCo,https://www.etsy.com/listing/1085278109,4.8,(6.9k),SHOP-LEVEL/SEARCH-CARD,,,,DISCOVERY-ONLY|UNCLEAR|CURRENT-SNAPSHOT-UNKNOWN-WINDOW|SINGLE-SNAPSHOT,Custom/personalized/service/add-on or non-fixed graphic-shirt unit.,Handmade,,
126,2026-09-25,7,text t shirt,most_relevant,ORGANIC,9,w.1-9,4330869777,TRUE,PRODUCT-EXCLUDED,INSPECTED/RETAINED,,Comfort Colors Custom Text T-Shirt: Personalized Quote Short Sleeve Tee,HolistyleShop,https://www.etsy.com/listing/4330869777,5.0,(2k),SHOP-LEVEL/SEARCH-CARD,,,,DISCOVERY-ONLY|UNCLEAR|CURRENT-SNAPSHOT-UNKNOWN-WINDOW|SINGLE-SNAPSHOT,Custom/personalized/service/add-on or non-fixed graphic-shirt unit.,,,
127,2026-09-25,7,text t shirt,most_relevant,ORGANIC,10,w.1-10,4486915913,TRUE,PRODUCT-EXCLUDED,INSPECTED/RETAINED,,Comfort Colors® Custom Text Shirt Personalized Comfort Colors Shirt Personalized Name Shirt Custom Shirt for Women Gift for Mom,spiffytouches,https://www.etsy.com/listing/4486915913,4.8,(10k),SHOP-LEVEL/SEARCH-CARD,,,,DISCOVERY-ONLY|UNCLEAR|CURRENT-SNAPSHOT-UNKNOWN-WINDOW|SINGLE-SNAPSHOT,Custom/personalized/service/add-on or non-fixed graphic-shirt unit.,,,
128,2026-09-25,7,text t shirt,most_relevant,ORGANIC,11,w.1-11,1435730474,TRUE,PRODUCT-EXCLUDED,INSPECTED/RETAINED,,"Custom Text T-Shirt, Customized Unisex Shirt, Personalized Writing Graphic Tee",SpunkyPineappleCo,https://www.etsy.com/listing/1435730474,4.9,(23.6k),SHOP-LEVEL/SEARCH-CARD,,,,DISCOVERY-ONLY|UNCLEAR|CURRENT-SNAPSHOT-UNKNOWN-WINDOW|SINGLE-SNAPSHOT,Custom/personalized/service/add-on or non-fixed graphic-shirt unit.,,,
129,2026-09-25,7,text t shirt,most_relevant,ORGANIC,12,w.1-12,1520031601,TRUE,PRODUCT-EXCLUDED,INSPECTED/RETAINED,,"Custom Embroidered Comfort Colors Tshirt, Personalized Embroidered Shirt, Minimalistic Text Tee, Varsity Outfit, Christmas gift",CreativEmbroideryCo,https://www.etsy.com/listing/1520031601,4.9,(6.1k),SHOP-LEVEL/SEARCH-CARD,,,,DISCOVERY-ONLY|UNCLEAR|CURRENT-SNAPSHOT-UNKNOWN-WINDOW|SINGLE-SNAPSHOT,Custom/personalized/service/add-on or non-fixed graphic-shirt unit.,Handmade,,
130,2026-09-25,8,text t shirt,highest_reviews,AD,1,w.1-1,4445179863,,,AD-SKIPPED,,"Personalized Front & Back Print Shirt, Custom Design Tee",TeaShirtsUS,https://www.etsy.com/listing/4445179863,4.8,(14.7k),SHOP-LEVEL/SEARCH-CARD,,,,DISCOVERY-ONLY|UNCLEAR|CURRENT-SNAPSHOT-UNKNOWN-WINDOW|SINGLE-SNAPSHOT,Paid placement recorded separately; excluded from demand inference.,,,
131,2026-09-25,8,text t shirt,highest_reviews,AD,2,w.1-2,1085278109,,,AD-SKIPPED,,Custom Text Shirt | Personalized Custom T-Shirt | Make Your Own Shirt | Matching Personalized TShirts | Your Custom Text Shirt,FluffyBearCo,https://www.etsy.com/listing/1085278109,4.8,(6.9k),SHOP-LEVEL/SEARCH-CARD,,,,DISCOVERY-ONLY|UNCLEAR|CURRENT-SNAPSHOT-UNKNOWN-WINDOW|SINGLE-SNAPSHOT,Paid placement recorded separately; excluded from demand inference.,Handmade,,
132,2026-09-25,8,text t shirt,highest_reviews,AD,3,w.1-3,4494967041,,,AD-SKIPPED,,"Custom Front And Back Comfort Colors® Shirt, Custom T Shirt, Custom Text Sweatshirt,  Tshirt Custom Adult Shirt, Personalized Shirt",ShiningPearlClothing,https://www.etsy.com/listing/4494967041,4.8,(16.8k),SHOP-LEVEL/SEARCH-CARD,,,,DISCOVERY-ONLY|UNCLEAR|CURRENT-SNAPSHOT-UNKNOWN-WINDOW|SINGLE-SNAPSHOT,Paid placement recorded separately; excluded from demand inference.,,,
133,2026-09-25,8,text t shirt,highest_reviews,AD,4,w.1-4,4560274339,,,AD-SKIPPED,,Custom Text Embroidered Tshirt - Funny Custom Text Shirt - Embroidery Comfort Colors Tee - Personalized Text Shirt,RewindPremiumTees,https://www.etsy.com/listing/4560274339,4.9,(2.2k),SHOP-LEVEL/SEARCH-CARD,,,,DISCOVERY-ONLY|UNCLEAR|CURRENT-SNAPSHOT-UNKNOWN-WINDOW|SINGLE-SNAPSHOT,Paid placement recorded separately; excluded from demand inference.,,,
134,2026-09-25,8,text t shirt,highest_reviews,AD,5,,4526835573,,,AD-SKIPPED,,"Comfort Colors Custom Text On Neck Shirt: Your Text Here, Make Your Own Tshirt, Custom Name Quote Shirt Personalized Text Tee NOT EMBROIDERY",EliteApparelFashion,https://www.etsy.com/listing/4526835573,4.9,(9k),SHOP-LEVEL/SEARCH-CARD,,,,DISCOVERY-ONLY|UNCLEAR|CURRENT-SNAPSHOT-UNKNOWN-WINDOW|SINGLE-SNAPSHOT,Paid placement recorded separately; excluded from demand inference.,,,
135,2026-09-25,8,text t shirt,highest_reviews,AD,6,,4320632782,,,AD-SKIPPED,,"Comfort Colors®Custom Photo Shirt, Personalized T-Shirt, Custom Picture Tshirt, Your Photo Shirt, Family Picture Tee, Logo Image Shirts Gift",DapperCustomTees,https://www.etsy.com/listing/4320632782,4.8,(23.4k),SHOP-LEVEL/SEARCH-CARD,,,,DISCOVERY-ONLY|UNCLEAR|CURRENT-SNAPSHOT-UNKNOWN-WINDOW|SINGLE-SNAPSHOT,Paid placement recorded separately; excluded from demand inference.,,,
136,2026-09-25,8,text t shirt,highest_reviews,AD,7,,4305439041,,,AD-SKIPPED,,"Custom Photo Text Shirt, Personalized Design, Logo Apparel",TeeCraftForYou,https://www.etsy.com/listing/4305439041,4.9,(12.3k),SHOP-LEVEL/SEARCH-CARD,,,,DISCOVERY-ONLY|UNCLEAR|CURRENT-SNAPSHOT-UNKNOWN-WINDOW|SINGLE-SNAPSHOT,Paid placement recorded separately; excluded from demand inference.,,,
137,2026-09-25,8,text t shirt,highest_reviews,AD,8,,4561213549,,,AD-SKIPPED,,"Custom Text T-Shirt with Red Minimalist Chest Print for Women, Personalized Phrase Tee, Simple Typography Shirt, Custom Message Gift Idea",BudakstudioCH,https://www.etsy.com/listing/4561213549,4.7,(14),SHOP-LEVEL/SEARCH-CARD,,,,DISCOVERY-ONLY|UNCLEAR|CURRENT-SNAPSHOT-UNKNOWN-WINDOW|SINGLE-SNAPSHOT,Paid placement recorded separately; excluded from demand inference.,,,
138,2026-09-25,8,text t shirt,highest_reviews,AD,9,,4443903623,,,AD-SKIPPED,,Personalized Comfort Colors Garment Dyed Shirt - Custom Text Minimalist Style,ActiveDesignTX,https://www.etsy.com/listing/4443903623,4.8,(22.3k),SHOP-LEVEL/SEARCH-CARD,,,,DISCOVERY-ONLY|UNCLEAR|CURRENT-SNAPSHOT-UNKNOWN-WINDOW|SINGLE-SNAPSHOT,Paid placement recorded separately; excluded from demand inference.,,,
139,2026-09-25,8,text t shirt,highest_reviews,AD,10,,1182132019,,,AD-SKIPPED,,"Personalized Bella Canvas T-shirt: Custom Text Shirt, Custom logo - Photo print shirt",QualitySoftDesign,https://www.etsy.com/listing/1182132019,4.9,(15.1k),SHOP-LEVEL/SEARCH-CARD,,,,DISCOVERY-ONLY|UNCLEAR|CURRENT-SNAPSHOT-UNKNOWN-WINDOW|SINGLE-SNAPSHOT,Paid placement recorded separately; excluded from demand inference.,Handmade,,
140,2026-09-25,8,text t shirt,highest_reviews,AD,11,,4560798633,,,AD-SKIPPED,,"Custom Text Shirt, Personalized T-Shirt, Design Your Own Shirt, Comfort Colors 1717 Custom Tee, Custom Quote Shirt",TheDustyFlyer,https://www.etsy.com/listing/4560798633,5.0,(75),SHOP-LEVEL/SEARCH-CARD,,,,DISCOVERY-ONLY|UNCLEAR|CURRENT-SNAPSHOT-UNKNOWN-WINDOW|SINGLE-SNAPSHOT,Paid placement recorded separately; excluded from demand inference.,,,
141,2026-09-25,8,text t shirt,highest_reviews,AD,12,,4312340469,,,AD-SKIPPED,,"Custom Text Comfort Colors® Embroidered Shirt, Personalized Embroidered Minimalistic Your Text Tee, Personalized Varsity Embroidery Outfit",ThreadHavenUSco,https://www.etsy.com/listing/4312340469,4.7,(5.4k),SHOP-LEVEL/SEARCH-CARD,,,,DISCOVERY-ONLY|UNCLEAR|CURRENT-SNAPSHOT-UNKNOWN-WINDOW|SINGLE-SNAPSHOT,Paid placement recorded separately; excluded from demand inference.,,,
142,2026-09-25,8,text t shirt,highest_reviews,ORGANIC,1,w.1-1,4320632782,TRUE,PRODUCT-EXCLUDED,INSPECTED/RETAINED,,"Comfort Colors®Custom Photo Shirt, Personalized T-Shirt, Custom Picture Tshirt, Your Photo Shirt, Family Picture Tee, Logo Image Shirts Gift",DapperCustomTees,https://www.etsy.com/listing/4320632782,4.8,(23.4k),SHOP-LEVEL/SEARCH-CARD,,,,DISCOVERY-ONLY|UNCLEAR|CURRENT-SNAPSHOT-UNKNOWN-WINDOW|SINGLE-SNAPSHOT,Custom/personalized/service/add-on or non-fixed graphic-shirt unit.,,,
143,2026-09-25,8,text t shirt,highest_reviews,ORGANIC,2,w.1-2,1679237029,FALSE,DUPLICATE-FAMILY,DEDUPED,,"Custom Logo Shirts, Personalized Logo Shirt, Custom Design Shirt, Custom Text Shirt,Your Business Logo or Brand Logo T Shirt,Team Logo Shirt",TeaShirtsUS,https://www.etsy.com/listing/1679237029,4.8,(14.7k),SHOP-LEVEL/SEARCH-CARD,,,,DISCOVERY-ONLY|UNCLEAR|CURRENT-SNAPSHOT-UNKNOWN-WINDOW|SINGLE-SNAPSHOT,Exact listing ID already observed earlier; retained as repeated-presence evidence only.,Handmade,,
144,2026-09-25,8,text t shirt,highest_reviews,ORGANIC,3,w.1-3,1425039325,FALSE,DUPLICATE-FAMILY,DEDUPED,,"Custom Comfort Colors Shirt, Custom T Shirt, Custom Text Shirt, Custom Bachelorette Tshirt Custom Adult Shirt, Personalized Shirt, boho",HopifyCustomTees,https://www.etsy.com/listing/1425039325,4.9,(5.2k),SHOP-LEVEL/SEARCH-CARD,,,,DISCOVERY-ONLY|UNCLEAR|CURRENT-SNAPSHOT-UNKNOWN-WINDOW|SINGLE-SNAPSHOT,Exact listing ID already observed earlier; retained as repeated-presence evidence only.,,,
145,2026-09-25,8,text t shirt,highest_reviews,ORGANIC,4,w.1-4,1428179942,TRUE,PRODUCT-EXCLUDED,INSPECTED/RETAINED,,"Custom Logo Shirts, Personalized Logo Shirt, Custom Design Shirt, Custom Text Shirt, Your Business Logo or Brand Logo Shirt, Team Logo Shirt",SweeTeeShirt,https://www.etsy.com/listing/1428179942,4.9,(6.4k),SHOP-LEVEL/SEARCH-CARD,,,,DISCOVERY-ONLY|UNCLEAR|CURRENT-SNAPSHOT-UNKNOWN-WINDOW|SINGLE-SNAPSHOT,Custom/personalized/service/add-on or non-fixed graphic-shirt unit.,,,
146,2026-09-25,8,text t shirt,highest_reviews,ORGANIC,5,w.1-5,1403231592,TRUE,PRODUCT-EXCLUDED,INSPECTED/RETAINED,,"Custom Personalized T-Shirt with Name or Message - Perfect Gift for Birthdays, Anniversaries, Weddings, and Special Occasions",ActiveDesignTX,https://www.etsy.com/listing/1403231592,4.8,(22.3k),SHOP-LEVEL/SEARCH-CARD,,,,DISCOVERY-ONLY|UNCLEAR|CURRENT-SNAPSHOT-UNKNOWN-WINDOW|SINGLE-SNAPSHOT,Custom/personalized/service/add-on or non-fixed graphic-shirt unit.,,,
147,2026-09-25,8,text t shirt,highest_reviews,ORGANIC,6,w.1-6,1010901727,TRUE,PRODUCT-EXCLUDED,INSPECTED/RETAINED,,"Custom Text Shirt, Personalized T-Shirt",ReguDesigns,https://www.etsy.com/listing/1010901727,4.8,(4.3k),SHOP-LEVEL/SEARCH-CARD,,,,DISCOVERY-ONLY|UNCLEAR|CURRENT-SNAPSHOT-UNKNOWN-WINDOW|SINGLE-SNAPSHOT,Custom/personalized/service/add-on or non-fixed graphic-shirt unit.,,,
148,2026-09-25,8,text t shirt,highest_reviews,ORGANIC,7,w.1-7,792582883,TRUE,PRODUCT-EXCLUDED,INSPECTED/RETAINED,,"Personalized Shirt, Add Your Own Text, Custom Logo Shirts, Custom Design Shirt, Customized Shirts, Custom Text on Shirt, Custom Family",GloryTribeUS,https://www.etsy.com/listing/792582883,4.8,(16.8k),SHOP-LEVEL/SEARCH-CARD,,,,DISCOVERY-ONLY|UNCLEAR|CURRENT-SNAPSHOT-UNKNOWN-WINDOW|SINGLE-SNAPSHOT,Custom/personalized/service/add-on or non-fixed graphic-shirt unit.,,,
149,2026-09-25,8,text t shirt,highest_reviews,ORGANIC,8,w.1-8,940488764,TRUE,PRODUCT-EXCLUDED,INSPECTED/RETAINED,,Custom Teddy Bear Shirt - Personalized Photo or Text for 14-16 Inch Plush - Fits BAB,BakersBearsUS,https://www.etsy.com/listing/940488764,4.9,(8.7k),SHOP-LEVEL/SEARCH-CARD,,,,DISCOVERY-ONLY|UNCLEAR|CURRENT-SNAPSHOT-UNKNOWN-WINDOW|SINGLE-SNAPSHOT,Custom/personalized/service/add-on or non-fixed graphic-shirt unit.,,,
150,2026-09-25,8,text t shirt,highest_reviews,ORGANIC,9,,458261840,TRUE,PRODUCT-EXCLUDED,INSPECTED/RETAINED,,Custom Dog Shirts - Create Your Own Pet Shirts with Personalized Text and Graphics - RUN SMALL,GigraffeDesignStudio,https://www.etsy.com/listing/458261840,5.0,(12.8k),SHOP-LEVEL/SEARCH-CARD,,,,DISCOVERY-ONLY|UNCLEAR|CURRENT-SNAPSHOT-UNKNOWN-WINDOW|SINGLE-SNAPSHOT,Custom/personalized/service/add-on or non-fixed graphic-shirt unit.,,,
151,2026-09-25,8,text t shirt,highest_reviews,ORGANIC,10,,1737966312,TRUE,PRODUCT-EXCLUDED,INSPECTED/RETAINED,,"Custom Company Logo T-shirts, Custom Design Sweatshirts, Personalized Logo Hoodies, Custom Double Sided Print Shirts, Custom Text Shirts",SamsThreadsCo,https://www.etsy.com/listing/1737966312,4.8,(18.8k),SHOP-LEVEL/SEARCH-CARD,,,,DISCOVERY-ONLY|UNCLEAR|CURRENT-SNAPSHOT-UNKNOWN-WINDOW|SINGLE-SNAPSHOT,Custom/personalized/service/add-on or non-fixed graphic-shirt unit.,,,
152,2026-09-25,8,text t shirt,highest_reviews,ORGANIC,11,,1520298301,TRUE,PRODUCT-EXCLUDED,INSPECTED/RETAINED,,"Front and Back Your Custom Design T-Shirt, Personalized Shirt, Custom Couple Shirts, Your Own Message Slogan Logo T-Shirt, Company Shirt",CustomTeeTops,https://www.etsy.com/listing/1520298301,5.0,(3.2k),SHOP-LEVEL/SEARCH-CARD,,,,DISCOVERY-ONLY|UNCLEAR|CURRENT-SNAPSHOT-UNKNOWN-WINDOW|SINGLE-SNAPSHOT,Custom/personalized/service/add-on or non-fixed graphic-shirt unit.,,,
153,2026-09-25,8,text t shirt,highest_reviews,ORGANIC,12,,4337072335,TRUE,PRODUCT-EXCLUDED,INSPECTED/RETAINED,,"Custom Logo Shirt, Personalized Company Logo T-shirts, Photo Shirt, Custom Text Shirt, Your Business Logo or Brand Logo T Shirt, Team Logo",CustomWearify,https://www.etsy.com/listing/4337072335,4.9,(1.6k),SHOP-LEVEL/SEARCH-CARD,,,,DISCOVERY-ONLY|UNCLEAR|CURRENT-SNAPSHOT-UNKNOWN-WINDOW|SINGLE-SNAPSHOT,Custom/personalized/service/add-on or non-fixed graphic-shirt unit.,Handmade,,
154,2026-09-25,9,illustrated t shirt,most_relevant,AD,1,w.1-1,4445179863,,,AD-SKIPPED,,"Personalized Front & Back Print Shirt, Custom Design Tee",TeaShirtsUS,https://www.etsy.com/listing/4445179863,4.8,(14.7k),SHOP-LEVEL/SEARCH-CARD,,,,DISCOVERY-ONLY|UNCLEAR|CURRENT-SNAPSHOT-UNKNOWN-WINDOW|SINGLE-SNAPSHOT,Paid placement recorded separately; excluded from demand inference.,,,
155,2026-09-25,9,illustrated t shirt,most_relevant,AD,2,,4494967041,,,AD-SKIPPED,,"Custom Front And Back Comfort Colors® Shirt, Custom T Shirt, Custom Text Sweatshirt,  Tshirt Custom Adult Shirt, Personalized Shirt",ShiningPearlClothing,https://www.etsy.com/listing/4494967041,4.8,(16.8k),SHOP-LEVEL/SEARCH-CARD,,,,DISCOVERY-ONLY|UNCLEAR|CURRENT-SNAPSHOT-UNKNOWN-WINDOW|SINGLE-SNAPSHOT,Paid placement recorded separately; excluded from demand inference.,,,
156,2026-09-25,9,illustrated t shirt,most_relevant,AD,3,,1085278109,,,AD-SKIPPED,,Custom Text Shirt | Personalized Custom T-Shirt | Make Your Own Shirt | Matching Personalized TShirts | Your Custom Text Shirt,FluffyBearCo,https://www.etsy.com/listing/1085278109,4.8,(6.9k),SHOP-LEVEL/SEARCH-CARD,,,,DISCOVERY-ONLY|UNCLEAR|CURRENT-SNAPSHOT-UNKNOWN-WINDOW|SINGLE-SNAPSHOT,Paid placement recorded separately; excluded from demand inference.,Handmade,,
157,2026-09-25,9,illustrated t shirt,most_relevant,AD,4,,1687366433,,,AD-SKIPPED,,Custom Comfort Colors® Vintage Bootleg Pet Shirt Pet Photo + Name Custom Dog Portrait Personalized Shirt Custom T Shirts Cat Shirt 90's Tee,ModPawsUS,https://www.etsy.com/listing/1687366433,4.8,(74.2k),SHOP-LEVEL/SEARCH-CARD,,,,DISCOVERY-ONLY|UNCLEAR|CURRENT-SNAPSHOT-UNKNOWN-WINDOW|SINGLE-SNAPSHOT,Paid placement recorded separately; excluded from demand inference.,Handmade,,
158,2026-09-25,9,illustrated t shirt,most_relevant,ORGANIC,1,w.1-1,4572806375,TRUE,ELIGIBLE,INSPECTED/RETAINED,,"Dragon Tea Party Shirt, Knight and Pink Dragon Folk Art, Comfort Colors Tee",OddFrogCo,https://www.etsy.com/listing/4572806375,4.4,(335),SHOP-LEVEL/SEARCH-CARD,FALSE,,,DISCOVERY-ONLY|SAME-PRINT-VARIANTS|CURRENT-SNAPSHOT-UNKNOWN-WINDOW|SINGLE-SNAPSHOT,Fixed graphic-shirt candidate; no title-level prohibited dependency identified. Evidence qualification was checked on the listing page.,,,
159,2026-09-25,9,illustrated t shirt,most_relevant,ORGANIC,2,w.1-2,4443906535,TRUE,ELIGIBLE,SELECTED,12,ART T Shirt | Minimal Typography Tee | Modern Graphic Shirt,UnrushedGoods,https://www.etsy.com/listing/4443906535,4.8,(33),SHOP-LEVEL/SEARCH-CARD,TRUE,9,"Sep 23, 2026|Sep 18, 2026|Sep 8, 2026",PLATFORM-BADGED|SAME-PRINT-VARIANTS|RECENT|SINGLE-SNAPSHOT,"Selected under frozen Etsy rule: official platform Bestseller badge, item-specific reviews/recency, clean same-print attribution, then first occurrence.",Handmade,TRACE-P001-ETSY-12,ELIGIBLE
160,2026-09-25,9,illustrated t shirt,most_relevant,ORGANIC,3,w.1-3,4572677796,TRUE,ELIGIBLE,INSPECTED/RETAINED,,"Dancing Cryptids Graphic Tee, Bigfoot Mothman Alien Vintage Comfort Colors Unisex Shirt, Weirdcore Washed Oversized T-Shirt, Halloween Gift",CitrusTeeShop,https://www.etsy.com/listing/4572677796,4.9,(303),SHOP-LEVEL/SEARCH-CARD,FALSE,1,"Sep 23, 2026",STRONG-PROXY|SAME-PRINT-VARIANTS|RECENT|SINGLE-SNAPSHOT,Fixed graphic-shirt candidate; no title-level prohibited dependency identified. Evidence qualification was checked on the listing page.,,,
161,2026-09-25,9,illustrated t shirt,most_relevant,ORGANIC,4,w.1-4,1168349885,TRUE,ELIGIBLE,INSPECTED/RETAINED,,Hand Drawn Faces Graphic Tee  Art tshirt Art Lover Gift  Indie Clothing Cute Illustration Trendy Vintage Surreal Art Aesthetic Line Drawing,ShirtsAreSaying,https://www.etsy.com/listing/1168349885,4.9,(247),SHOP-LEVEL/SEARCH-CARD,FALSE,11,"Jul 17, 2025|Jul 24, 2024|Jun 28, 2024|Jun 13, 2024",STRONG-PROXY|SAME-PRINT-VARIANTS|CURRENT-SNAPSHOT-UNKNOWN-WINDOW|SINGLE-SNAPSHOT,Fixed graphic-shirt candidate; no title-level prohibited dependency identified. Evidence qualification was checked on the listing page.,,,
162,2026-09-25,9,illustrated t shirt,most_relevant,ORGANIC,5,w.1-5,4574771460,TRUE,IP-EXCLUDED,INSPECTED/RETAINED,,"Yayoi Kusama Polka Dot Flower T-Shirt, Comfort Colors Art Tee (Japan Artist Gift)",PerleaStudio,https://www.etsy.com/listing/4574771460,5.0,(16),SHOP-LEVEL/SEARCH-CARD,,,,DISCOVERY-ONLY|UNCLEAR|CURRENT-SNAPSHOT-UNKNOWN-WINDOW|SINGLE-SNAPSHOT,"Demand materially depends on a named franchise, entertainer, athlete/team, song/film/game, brand-led identity, or named public-figure fame.",,,
163,2026-09-25,9,illustrated t shirt,most_relevant,ORGANIC,6,w.1-6,4521023403,FALSE,DUPLICATE-FAMILY,DEDUPED,,Cryptid National Parks Shirt Comfort Colors® 90s Protect Our Parks Vintage Camping Hiking Tee Retro Wanderlust Shirt Fantasy Creatures Tee,ShopJuneCollective,https://www.etsy.com/listing/4521023403,4.9,(1.2k),SHOP-LEVEL/SEARCH-CARD,FALSE,41,"Sep 24, 2026|Sep 19, 2026|Sep 17, 2026",STRONG-PROXY|SAME-PRINT-VARIANTS|RECENT|SINGLE-SNAPSHOT,Exact listing ID already observed earlier; retained as repeated-presence evidence only.,,,
164,2026-09-25,9,illustrated t shirt,most_relevant,ORGANIC,7,w.1-7,4581594447,TRUE,ELIGIBLE,INSPECTED/RETAINED,,Maxwind Studios T-Shirt | Minimalist Sailboat Graphic | Original Art Shirt | Unisex Graphic Tee | Screenprint,MaxwindStudios,https://www.etsy.com/listing/4581594447,,,SHOP-LEVEL/SEARCH-CARD,FALSE,,,DISCOVERY-ONLY|SAME-PRINT-VARIANTS|CURRENT-SNAPSHOT-UNKNOWN-WINDOW|SINGLE-SNAPSHOT,Fixed graphic-shirt candidate; no title-level prohibited dependency identified. Evidence qualification was checked on the listing page.,,,
165,2026-09-25,9,illustrated t shirt,most_relevant,ORGANIC,8,w.1-8,4517356927,TRUE,ELIGIBLE,INSPECTED/RETAINED,,Vintage Butterfly Botanical Chart Shirt Nature Moth Comfort Colors Tee,BeeDesignCollection,https://www.etsy.com/listing/4517356927,4.9,(2.8k),SHOP-LEVEL/SEARCH-CARD,TRUE,5,"Sep 23, 2026|Sep 22, 2026|Sep 20, 2026|Sep 12, 2026",PLATFORM-BADGED|SAME-PRINT-VARIANTS|RECENT|SINGLE-SNAPSHOT,Fixed graphic-shirt candidate; no title-level prohibited dependency identified. Evidence qualification was checked on the listing page.,,,
166,2026-09-25,9,illustrated t shirt,most_relevant,ORGANIC,9,w.1-9,1891921335,TRUE,ELIGIBLE,INSPECTED/RETAINED,,"Bookworm Embroidered Tee – Cute Comfort Colors Shirt for Book Lovers, Bookish Gifts",PineSpiceBooks,https://www.etsy.com/listing/1891921335,4.9,(5.6k),SHOP-LEVEL/SEARCH-CARD,FALSE,279,"Sep 18, 2026|Sep 13, 2026|Sep 11, 2026",STRONG-PROXY|SAME-PRINT-VARIANTS|RECENT|SINGLE-SNAPSHOT,Fixed graphic-shirt candidate; no title-level prohibited dependency identified. Evidence qualification was checked on the listing page.,,,
167,2026-09-25,9,illustrated t shirt,most_relevant,ORGANIC,10,w.1-10,4377475466,TRUE,ELIGIBLE,INSPECTED/RETAINED,,ART tee - graphic front print,morninghumans,https://www.etsy.com/listing/4377475466,4.4,(29),SHOP-LEVEL/SEARCH-CARD,FALSE,1,"Aug 16, 2026",STRONG-PROXY|SAME-PRINT-VARIANTS|RECENT|SINGLE-SNAPSHOT,Fixed graphic-shirt candidate; no title-level prohibited dependency identified. Evidence qualification was checked on the listing page.,,,
168,2026-09-25,9,illustrated t shirt,most_relevant,ORGANIC,11,w.1-11,4554918769,TRUE,IP-QUARANTINE,INSPECTED/RETAINED,,"Art History Shirt, Gothic Aesthetic Tee, Retro Museum Tshirt, Classical Fine Art Graphic Tee, Comfort Colors Medieval Gift",OldSchoolStock,https://www.etsy.com/listing/4554918769,5.0,(29),SHOP-LEVEL/SEARCH-CARD,FALSE,,,DISCOVERY-ONLY|SAME-PRINT-VARIANTS|CURRENT-SNAPSHOT-UNKNOWN-WINDOW|SINGLE-SNAPSHOT,"Origin, public-personality/cause dependence, quotation, or artwork provenance remains unresolved.",,,
169,2026-09-25,9,illustrated t shirt,most_relevant,ORGANIC,12,,4302187056,TRUE,IP-QUARANTINE,INSPECTED/RETAINED,,"Artistic Cats Inspired by Famous Painters, Funny Cat Art, Minimalist Illustration, Gift for Artist or Art Teacher, Art Shirt, Aesthetic Tee",AlanaDesings,https://www.etsy.com/listing/4302187056,5.0,(90),SHOP-LEVEL/SEARCH-CARD,TRUE,65,"Aug 28, 2026|Aug 22, 2026|Aug 16, 2026|Aug 11, 2026",PLATFORM-BADGED|SAME-PRINT-VARIANTS|RECENT|SINGLE-SNAPSHOT,"Origin, public-personality/cause dependence, quotation, or artwork provenance remains unresolved.",,,
170,2026-09-25,10,illustrated t shirt,highest_reviews,AD,1,w.1-1,4445179863,,,AD-SKIPPED,,"Personalized Front & Back Print Shirt, Custom Design Tee",TeaShirtsUS,https://www.etsy.com/listing/4445179863,4.8,(14.7k),SHOP-LEVEL/SEARCH-CARD,,,,DISCOVERY-ONLY|UNCLEAR|CURRENT-SNAPSHOT-UNKNOWN-WINDOW|SINGLE-SNAPSHOT,Paid placement recorded separately; excluded from demand inference.,,,
171,2026-09-25,10,illustrated t shirt,highest_reviews,AD,2,w.1-2,4494967041,,,AD-SKIPPED,,"Custom Front And Back Comfort Colors® Shirt, Custom T Shirt, Custom Text Sweatshirt,  Tshirt Custom Adult Shirt, Personalized Shirt",ShiningPearlClothing,https://www.etsy.com/listing/4494967041,4.8,(16.8k),SHOP-LEVEL/SEARCH-CARD,,,,DISCOVERY-ONLY|UNCLEAR|CURRENT-SNAPSHOT-UNKNOWN-WINDOW|SINGLE-SNAPSHOT,Paid placement recorded separately; excluded from demand inference.,,,
172,2026-09-25,10,illustrated t shirt,highest_reviews,AD,3,w.1-3,1085278109,,,AD-SKIPPED,,Custom Text Shirt | Personalized Custom T-Shirt | Make Your Own Shirt | Matching Personalized TShirts | Your Custom Text Shirt,FluffyBearCo,https://www.etsy.com/listing/1085278109,4.8,(6.9k),SHOP-LEVEL/SEARCH-CARD,,,,DISCOVERY-ONLY|UNCLEAR|CURRENT-SNAPSHOT-UNKNOWN-WINDOW|SINGLE-SNAPSHOT,Paid placement recorded separately; excluded from demand inference.,Handmade,,
173,2026-09-25,10,illustrated t shirt,highest_reviews,AD,4,w.1-4,1687366433,,,AD-SKIPPED,,Custom Comfort Colors® Vintage Bootleg Pet Shirt Pet Photo + Name Custom Dog Portrait Personalized Shirt Custom T Shirts Cat Shirt 90's Tee,ModPawsUS,https://www.etsy.com/listing/1687366433,4.8,(74.2k),SHOP-LEVEL/SEARCH-CARD,,,,DISCOVERY-ONLY|UNCLEAR|CURRENT-SNAPSHOT-UNKNOWN-WINDOW|SINGLE-SNAPSHOT,Paid placement recorded separately; excluded from demand inference.,Handmade,,
174,2026-09-25,10,illustrated t shirt,highest_reviews,AD,5,,4329676522,,,AD-SKIPPED,,"Comfort Colors® Custom Vintage 90s T-Shirt, Personalized Retro Bootleg Shirt, Pet Photo on Tshirt, 90s Rap Group Bootleg Tee",ArtsifOfficial,https://www.etsy.com/listing/4329676522,4.9,(22.4k),SHOP-LEVEL/SEARCH-CARD,,,,DISCOVERY-ONLY|UNCLEAR|CURRENT-SNAPSHOT-UNKNOWN-WINDOW|SINGLE-SNAPSHOT,Paid placement recorded separately; excluded from demand inference.,,,
175,2026-09-25,10,illustrated t shirt,highest_reviews,AD,6,,4568105237,,,AD-SKIPPED,,"Custom Vintage Photo And Name Shirt, Custom Photo Shirt, Custom Picture Tshirt, Personalized T-Shirt, Your Photo Shirt, Family Photo Tee",FuturisticPajamas,https://www.etsy.com/listing/4568105237,5.0,(59),SHOP-LEVEL/SEARCH-CARD,,,,DISCOVERY-ONLY|UNCLEAR|CURRENT-SNAPSHOT-UNKNOWN-WINDOW|SINGLE-SNAPSHOT,Paid placement recorded separately; excluded from demand inference.,Handmade,,
176,2026-09-25,10,illustrated t shirt,highest_reviews,AD,7,,4566110490,,,AD-SKIPPED,,"What Is Even Happening Raccoon Shirt, Funny Confused Raccoon Tee, Retro Sunset Animal Humor T-Shirt, Sarcastic Gift",FavourArtCo,https://www.etsy.com/listing/4566110490,4.8,(4.8k),SHOP-LEVEL/SEARCH-CARD,,,,DISCOVERY-ONLY|UNCLEAR|CURRENT-SNAPSHOT-UNKNOWN-WINDOW|SINGLE-SNAPSHOT,Paid placement recorded separately; excluded from demand inference.,,,
177,2026-09-25,10,illustrated t shirt,highest_reviews,AD,8,,4444338764,,,AD-SKIPPED,,Air Diamond Turf 2 Red Gold Fire White Black 2026 T Shirt Match AINT ME,EverlastingByMegan,https://www.etsy.com/listing/4444338764,4.7,(11.5k),SHOP-LEVEL/SEARCH-CARD,,,,DISCOVERY-ONLY|UNCLEAR|CURRENT-SNAPSHOT-UNKNOWN-WINDOW|SINGLE-SNAPSHOT,Paid placement recorded separately; excluded from demand inference.,,,
178,2026-09-25,10,illustrated t shirt,highest_reviews,AD,9,,4534805051,,,AD-SKIPPED,,"Comfort Colors® Custom Photo Shirt, Personalized Picture Tee, Upload Your Own Image, Vintage Custom Photo Gift, Family Picture Shirt",NewTeeApparel,https://www.etsy.com/listing/4534805051,4.9,(12.6k),SHOP-LEVEL/SEARCH-CARD,,,,DISCOVERY-ONLY|UNCLEAR|CURRENT-SNAPSHOT-UNKNOWN-WINDOW|SINGLE-SNAPSHOT,Paid placement recorded separately; excluded from demand inference.,,,
179,2026-09-25,10,illustrated t shirt,highest_reviews,AD,10,,4578253266,,,AD-SKIPPED,,Love the unloved pigeon shirt,angiepea,https://www.etsy.com/listing/4578253266,5.0,(21.9k),SHOP-LEVEL/SEARCH-CARD,,,,DISCOVERY-ONLY|UNCLEAR|CURRENT-SNAPSHOT-UNKNOWN-WINDOW|SINGLE-SNAPSHOT,Paid placement recorded separately; excluded from demand inference.,,,
180,2026-09-25,10,illustrated t shirt,highest_reviews,AD,11,,4497640938,,,AD-SKIPPED,,"every single day there is something to do, Unisex T Shirt, Unhinged, silly t shirt, weird graphic shirt, relatable t shirt, vintage style",SillyCityCo,https://www.etsy.com/listing/4497640938,4.8,(4.1k),SHOP-LEVEL/SEARCH-CARD,,,,DISCOVERY-ONLY|UNCLEAR|CURRENT-SNAPSHOT-UNKNOWN-WINDOW|SINGLE-SNAPSHOT,Paid placement recorded separately; excluded from demand inference.,,,
181,2026-09-25,10,illustrated t shirt,highest_reviews,AD,12,,4579104157,,,AD-SKIPPED,,"Istanbul Türkiye Travel T-Shirt, Unisex Illustrated City Design",ZicoCollectionAU,https://www.etsy.com/listing/4579104157,,,SHOP-LEVEL/SEARCH-CARD,,,,DISCOVERY-ONLY|UNCLEAR|CURRENT-SNAPSHOT-UNKNOWN-WINDOW|SINGLE-SNAPSHOT,Paid placement recorded separately; excluded from demand inference.,,,
182,2026-09-25,10,illustrated t shirt,highest_reviews,ORGANIC,1,w.1-1,4521616334,TRUE,IP-EXCLUDED,INSPECTED/RETAINED,,CHAMPS - ADULT – New York Basketball Vintage Illustrated T-Shirt,HenryKayeStudio,https://www.etsy.com/listing/4521616334,4.9,(248),SHOP-LEVEL/SEARCH-CARD,,,,DISCOVERY-ONLY|UNCLEAR|CURRENT-SNAPSHOT-UNKNOWN-WINDOW|SINGLE-SNAPSHOT,"Demand materially depends on a named franchise, entertainer, athlete/team, song/film/game, brand-led identity, or named public-figure fame.",,,
183,2026-09-25,10,illustrated t shirt,highest_reviews,ORGANIC,2,w.1-2,4461316236,TRUE,IP-EXCLUDED,INSPECTED/RETAINED,,Retro Trio Music Illustration Shirt Vintage Rush Band Cartoon Style Unisex Comfort Colors Tee Gift,AdaCustomPrints,https://www.etsy.com/listing/4461316236,4.9,(62),SHOP-LEVEL/SEARCH-CARD,,,,DISCOVERY-ONLY|UNCLEAR|CURRENT-SNAPSHOT-UNKNOWN-WINDOW|SINGLE-SNAPSHOT,"Demand materially depends on a named franchise, entertainer, athlete/team, song/film/game, brand-led identity, or named public-figure fame.",Handmade,,
184,2026-09-25,10,illustrated t shirt,highest_reviews,ORGANIC,3,w.1-3,4565482353,TRUE,IP-EXCLUDED,INSPECTED/RETAINED,,7 Tennis Day Pink Lime Blast Black Phantom Anthracite T Shirt Match FINSTER,EverlastingByMegan,https://www.etsy.com/listing/4565482353,4.7,(11.5k),SHOP-LEVEL/SEARCH-CARD,,,,DISCOVERY-ONLY|UNCLEAR|CURRENT-SNAPSHOT-UNKNOWN-WINDOW|SINGLE-SNAPSHOT,"Demand materially depends on a named franchise, entertainer, athlete/team, song/film/game, brand-led identity, or named public-figure fame.",,,
185,2026-09-25,10,illustrated t shirt,highest_reviews,ORGANIC,4,w.1-4,4444591130,TRUE,IP-EXCLUDED,INSPECTED/RETAINED,,10 Hydrangeas Chalk Wild Grape Lavender Air T Shirt Match NIP,EverlastingByMegan,https://www.etsy.com/listing/4444591130,4.7,(11.5k),SHOP-LEVEL/SEARCH-CARD,,,,DISCOVERY-ONLY|UNCLEAR|CURRENT-SNAPSHOT-UNKNOWN-WINDOW|SINGLE-SNAPSHOT,"Demand materially depends on a named franchise, entertainer, athlete/team, song/film/game, brand-led identity, or named public-figure fame.",,,
186,2026-09-25,10,illustrated t shirt,highest_reviews,ORGANIC,5,w.1-5,4512962472,TRUE,IP-EXCLUDED,INSPECTED/RETAINED,,Orange & Blue Skies – ADULT - New York Basketball Vintage Illustrated T-Shirt,HenryKayeStudio,https://www.etsy.com/listing/4512962472,4.9,(248),SHOP-LEVEL/SEARCH-CARD,,,,DISCOVERY-ONLY|UNCLEAR|CURRENT-SNAPSHOT-UNKNOWN-WINDOW|SINGLE-SNAPSHOT,"Demand materially depends on a named franchise, entertainer, athlete/team, song/film/game, brand-led identity, or named public-figure fame.",,,
187,2026-09-25,10,illustrated t shirt,highest_reviews,ORGANIC,6,w.1-6,4363775899,TRUE,IP-EXCLUDED,INSPECTED/RETAINED,,Halloween Movie TShirt | Illustrated Horror Movie Graphic Tee | Comfort Colors Vintage Inspired Illustrated T-Shirt | Gift for horror lover,LaFumettista,https://www.etsy.com/listing/4363775899,5.0,(2k),SHOP-LEVEL/SEARCH-CARD,,,,DISCOVERY-ONLY|UNCLEAR|CURRENT-SNAPSHOT-UNKNOWN-WINDOW|SINGLE-SNAPSHOT,"Demand materially depends on a named franchise, entertainer, athlete/team, song/film/game, brand-led identity, or named public-figure fame.",,,
188,2026-09-25,10,illustrated t shirt,highest_reviews,ORGANIC,7,w.1-7,4452916423,TRUE,ELIGIBLE,INSPECTED/RETAINED,,"Retro Orca Comfort Colors Shirt, Nature Academia, Marine Biology Nature Orca lover gift, Granola Girl Illustrated T-shirt",VVilaCo,https://www.etsy.com/listing/4452916423,5.0,(551),SHOP-LEVEL/SEARCH-CARD,FALSE,1,"Jul 4, 2026",STRONG-PROXY|SAME-PRINT-VARIANTS|RECENT|SINGLE-SNAPSHOT,Fixed graphic-shirt candidate; no title-level prohibited dependency identified. Evidence qualification was checked on the listing page.,,,
189,2026-09-25,10,illustrated t shirt,highest_reviews,ORGANIC,8,w.1-8,4411044525,TRUE,IP-EXCLUDED,INSPECTED/RETAINED,,740 Cyber Jade Ultra Pink Black Teal Aqua T Shirt Match FINSTER,EverlastingByMegan,https://www.etsy.com/listing/4411044525,4.7,(11.5k),SHOP-LEVEL/SEARCH-CARD,,,,DISCOVERY-ONLY|UNCLEAR|CURRENT-SNAPSHOT-UNKNOWN-WINDOW|SINGLE-SNAPSHOT,"Demand materially depends on a named franchise, entertainer, athlete/team, song/film/game, brand-led identity, or named public-figure fame.",,,
190,2026-09-25,10,illustrated t shirt,highest_reviews,ORGANIC,9,,1607031864,TRUE,ELIGIBLE,INSPECTED/RETAINED,,"For Charity, Watermelon Palestine (فلسطين) - Gildan Crewneck Cotton Unisex Illustrated T-shirt Print - White",licencetocreate,https://www.etsy.com/listing/1607031864,5.0,(69),SHOP-LEVEL/SEARCH-CARD,FALSE,11,"Nov 3, 2025|Sep 9, 2025|Mar 28, 2024|Feb 26, 2024",STRONG-PROXY|SAME-PRINT-VARIANTS|CURRENT-SNAPSHOT-UNKNOWN-WINDOW|SINGLE-SNAPSHOT,Fixed graphic-shirt candidate; no title-level prohibited dependency identified. Evidence qualification was checked on the listing page.,,,
191,2026-09-25,10,illustrated t shirt,highest_reviews,ORGANIC,10,,549555574,TRUE,ELIGIBLE,INSPECTED/RETAINED,,"Breweries Are Calling T-Shirt, Hand Illustrated Beer Lover Tee",brewershirts,https://www.etsy.com/listing/549555574,5.0,(5.9k),SHOP-LEVEL/SEARCH-CARD,FALSE,395,"Jun 21, 2026|Dec 29, 2025|Dec 25, 2025|Dec 23, 2025",STRONG-PROXY|SAME-PRINT-VARIANTS|RECENT|SINGLE-SNAPSHOT,Fixed graphic-shirt candidate; no title-level prohibited dependency identified. Evidence qualification was checked on the listing page.,,,
192,2026-09-25,10,illustrated t shirt,highest_reviews,ORGANIC,11,,4461403185,TRUE,IP-EXCLUDED,INSPECTED/RETAINED,,1 Bordeaux High White Silver Grey Maroon T Shirt Match NIP,EverlastingByMegan,https://www.etsy.com/listing/4461403185,4.7,(11.5k),SHOP-LEVEL/SEARCH-CARD,,,,DISCOVERY-ONLY|UNCLEAR|CURRENT-SNAPSHOT-UNKNOWN-WINDOW|SINGLE-SNAPSHOT,"Demand materially depends on a named franchise, entertainer, athlete/team, song/film/game, brand-led identity, or named public-figure fame.",,,
193,2026-09-25,10,illustrated t shirt,highest_reviews,ORGANIC,12,,4533066395,TRUE,IP-EXCLUDED,INSPECTED/RETAINED,,Dunk Khaki Team Red Pearl White Baroque Brown Low T Shirt Match VERTBLS,EverlastingByMegan,https://www.etsy.com/listing/4533066395,4.7,(11.5k),SHOP-LEVEL/SEARCH-CARD,,,,DISCOVERY-ONLY|UNCLEAR|CURRENT-SNAPSHOT-UNKNOWN-WINDOW|SINGLE-SNAPSHOT,"Demand materially depends on a named franchise, entertainer, athlete/team, song/film/game, brand-led identity, or named public-figure fame.",,,
194,2026-09-25,11,retro graphic t shirt,most_relevant,ORGANIC,1,w.1-1,4572306570,FALSE,DUPLICATE-FAMILY,DEDUPED,,"Retro Halloween Shirt, Y2K Comfort Colors Tee, Vintage Black Cat Ghost Skeleton T Shirt, Spooky Cute Pumpkin Witch Graphic Tee",EverChangingJourney,https://www.etsy.com/listing/4572306570,4.9,(15k),SHOP-LEVEL/SEARCH-CARD,TRUE,3,"Sep 24, 2026|Sep 22, 2026",PLATFORM-BADGED|SAME-PRINT-VARIANTS|RECENT|SINGLE-SNAPSHOT,Exact listing ID already observed earlier; retained as repeated-presence evidence only.,,,
195,2026-09-25,11,retro graphic t shirt,most_relevant,ORGANIC,2,w.1-2,4434973869,TRUE,PRODUCT-EXCLUDED,INSPECTED/RETAINED,,"Custom Vintage Bootleg T-Shirt, Retro Personalized Boyfriend, Girlfriend  Photo + Name Comfort Colors® Shirt, Custom Wife Portrait Gift",OldSchoolCulture,https://www.etsy.com/listing/4434973869,4.9,(15k),SHOP-LEVEL/SEARCH-CARD,,,,DISCOVERY-ONLY|UNCLEAR|CURRENT-SNAPSHOT-UNKNOWN-WINDOW|SINGLE-SNAPSHOT,Custom/personalized/service/add-on or non-fixed graphic-shirt unit.,,,
196,2026-09-25,11,retro graphic t shirt,most_relevant,ORGANIC,3,w.1-3,4578956703,TRUE,ELIGIBLE,INSPECTED/RETAINED,,"Comfort Colors Halloween Shirt, Retro Spooky Collage Tee, Trick or Treat Shirt, Vintage Halloween Graphic Tee, Colorful Spooky Season Shirt",EverWildTees,https://www.etsy.com/listing/4578956703,5.0,(32),SHOP-LEVEL/SEARCH-CARD,FALSE,,,DISCOVERY-ONLY|SAME-PRINT-VARIANTS|CURRENT-SNAPSHOT-UNKNOWN-WINDOW|SINGLE-SNAPSHOT,Fixed graphic-shirt candidate; no title-level prohibited dependency identified. Evidence qualification was checked on the listing page.,,,
197,2026-09-25,11,retro graphic t shirt,most_relevant,ORGANIC,4,w.1-4,1849857861,FALSE,DUPLICATE-FAMILY,DEDUPED,,"Comfort Colors® Custom Girlfriend Shirt, Personalized Bootleg Girlfriend T Shirt, Bootleg Boyfriend Tee",UpTopNorth,https://www.etsy.com/listing/1849857861,4.9,(24.8k),SHOP-LEVEL/SEARCH-CARD,,,,DISCOVERY-ONLY|UNCLEAR|CURRENT-SNAPSHOT-UNKNOWN-WINDOW|SINGLE-SNAPSHOT,Exact listing ID already observed earlier; retained as repeated-presence evidence only.,,,
198,2026-09-25,11,retro graphic t shirt,most_relevant,ORGANIC,5,w.1-5,4455461780,TRUE,PRODUCT-EXCLUDED,INSPECTED/RETAINED,,"Personalised Vintage Photo And Year Shirt, Custom Picture Birthday Shirt, 30th Birthday Gift, 40th Birthday Gift, Retro 30th Birthday Shirt",CuteLoveGiftsShop,https://www.etsy.com/listing/4455461780,4.9,(10k),SHOP-LEVEL/SEARCH-CARD,,,,DISCOVERY-ONLY|UNCLEAR|CURRENT-SNAPSHOT-UNKNOWN-WINDOW|SINGLE-SNAPSHOT,Custom/personalized/service/add-on or non-fixed graphic-shirt unit.,,,
199,2026-09-25,11,retro graphic t shirt,most_relevant,ORGANIC,6,w.1-6,4521474627,FALSE,DUPLICATE-FAMILY,DEDUPED,,"Boho Sun T-Shirt, Retro Celestial Sky Tee, Vintage Hippie Festival Top, Groovy Minimalist Summer Nature Lover Gift Shirt",RetroFluent,https://www.etsy.com/listing/4521474627,4.9,(919),SHOP-LEVEL/SEARCH-CARD,TRUE,10,"Sep 20, 2026|Sep 18, 2026|Sep 7, 2026|Aug 25, 2026",PLATFORM-BADGED|SAME-PRINT-VARIANTS|RECENT|SINGLE-SNAPSHOT,Exact listing ID already observed earlier; retained as repeated-presence evidence only.,,,
200,2026-09-25,11,retro graphic t shirt,most_relevant,ORGANIC,7,w.1-7,4461627567,TRUE,ELIGIBLE,INSPECTED/RETAINED,,Comfort Colors Banjo Bear & Bird T-Shirt | Retro Folk Music Animal Graphic Tee | Nature Lover Gift | Country Bluegrass Art | Unisex,ClothingByShane,https://www.etsy.com/listing/4461627567,4.8,(3.3k),SHOP-LEVEL/SEARCH-CARD,FALSE,4,"Jul 14, 2026|Jun 19, 2026|Jun 2, 2026|May 1, 2026",STRONG-PROXY|SAME-PRINT-VARIANTS|RECENT|SINGLE-SNAPSHOT,Fixed graphic-shirt candidate; no title-level prohibited dependency identified. Evidence qualification was checked on the listing page.,,,
201,2026-09-25,11,retro graphic t shirt,most_relevant,ORGANIC,8,w.1-8,4472721533,FALSE,DUPLICATE-FAMILY,DEDUPED,,"Rock Star Cat Shirt, Vintage Kitten Y2K TShirt, Rock and Roll Cat Shirt, Electric Guitar Kitty Tee, Cat Grunge Punk Music Lover Gift for Him",CitrusTeeShop,https://www.etsy.com/listing/4472721533,4.9,(303),SHOP-LEVEL/SEARCH-CARD,TRUE,79,"Sep 25, 2026|Sep 24, 2026|Sep 23, 2026",PLATFORM-BADGED|SAME-PRINT-VARIANTS|RECENT|SINGLE-SNAPSHOT,Exact listing ID already observed earlier; retained as repeated-presence evidence only.,,,
202,2026-09-25,11,retro graphic t shirt,most_relevant,ORGANIC,9,w.1-9,4366541336,TRUE,IP-QUARANTINE,INSPECTED/RETAINED,,"Hokkaido Wave Shirt, Retro Japanese Surf T-Shirt, Ukiyo-e Great Wave Graphic Tee, Vintage Japan Beach Style Cotton Top",TrendyThreats,https://www.etsy.com/listing/4366541336,4.9,(1.8k),SHOP-LEVEL/SEARCH-CARD,,,,DISCOVERY-ONLY|UNCLEAR|CURRENT-SNAPSHOT-UNKNOWN-WINDOW|SINGLE-SNAPSHOT,"Origin, public-personality/cause dependence, quotation, or artwork provenance remains unresolved.",,,
203,2026-09-25,11,retro graphic t shirt,most_relevant,ORGANIC,10,w.1-10,4519593498,TRUE,IP-EXCLUDED,INSPECTED/RETAINED,,"90s Radio head Vintage Comfort Colors Unisex T-Shirt, Indie Rock Band Tee, Retro Alternative Music T-Shirt, Graphic Heavy Cotton Tshirt",RobinsNestTee,https://www.etsy.com/listing/4519593498,4.8,(128),SHOP-LEVEL/SEARCH-CARD,,,,DISCOVERY-ONLY|UNCLEAR|CURRENT-SNAPSHOT-UNKNOWN-WINDOW|SINGLE-SNAPSHOT,"Demand materially depends on a named franchise, entertainer, athlete/team, song/film/game, brand-led identity, or named public-figure fame.",,,
204,2026-09-25,11,retro graphic t shirt,most_relevant,ORGANIC,11,w.1-11,4581350138,TRUE,ELIGIBLE,INSPECTED/RETAINED,,Lobster Bake in Space Tee,GrooveGraphicsStudio,https://www.etsy.com/listing/4581350138,5.0,(1),SHOP-LEVEL/SEARCH-CARD,FALSE,,,DISCOVERY-ONLY|SAME-PRINT-VARIANTS|CURRENT-SNAPSHOT-UNKNOWN-WINDOW|SINGLE-SNAPSHOT,Fixed graphic-shirt candidate; no title-level prohibited dependency identified. Evidence qualification was checked on the listing page.,Handmade,,
205,2026-09-25,11,retro graphic t shirt,most_relevant,ORGANIC,12,w.1-12,4479852711,FALSE,DUPLICATE-FAMILY,DEDUPED,,"Funny Gangster Cat Shirt, Meme Cats Graphic Tee, Vintage Cat Lover Shirt, Funny Cat Meme Tee, Edgy Cat Shirt, Cat Dad Gift, Cat Mom Shirt",CatDistributor,https://www.etsy.com/listing/4479852711,4.9,(1.5k),SHOP-LEVEL/SEARCH-CARD,TRUE,102,"Sep 24, 2026|Sep 22, 2026|Sep 21, 2026",PLATFORM-BADGED|SAME-PRINT-VARIANTS|RECENT|SINGLE-SNAPSHOT,Exact listing ID already observed earlier; retained as repeated-presence evidence only.,,,
206,2026-09-25,12,retro graphic t shirt,highest_reviews,AD,1,w.1-1,4487001029,,,AD-SKIPPED,,Mystery Thrifted Mixed/Mixed Size Perfectly Imperfect Bundle (vintage/retro/modern),JuniperandBramble,https://www.etsy.com/listing/4487001029,4.6,(187),SHOP-LEVEL/SEARCH-CARD,,,,DISCOVERY-ONLY|UNCLEAR|CURRENT-SNAPSHOT-UNKNOWN-WINDOW|SINGLE-SNAPSHOT,Paid placement recorded separately; excluded from demand inference.,,,
207,2026-09-25,12,retro graphic t shirt,highest_reviews,AD,2,w.1-2,4577204178,,,AD-SKIPPED,,"The Beatles Shirt, Vintage 60s Band Tee, Retro Rock Graphic T-Shirt, Music Lover Gift",CustomStyleTee,https://www.etsy.com/listing/4577204178,4.7,(172),SHOP-LEVEL/SEARCH-CARD,,,,DISCOVERY-ONLY|UNCLEAR|CURRENT-SNAPSHOT-UNKNOWN-WINDOW|SINGLE-SNAPSHOT,Paid placement recorded separately; excluded from demand inference.,,,
208,2026-09-25,12,retro graphic t shirt,highest_reviews,AD,3,w.1-3,4580090534,,,AD-SKIPPED,,"Vintage Davante Adams Shirt, Retro Football Graphic Tee, Black White Football Bootleg T Shirt",VintaCrew,https://www.etsy.com/listing/4580090534,4.7,(586),SHOP-LEVEL/SEARCH-CARD,,,,DISCOVERY-ONLY|UNCLEAR|CURRENT-SNAPSHOT-UNKNOWN-WINDOW|SINGLE-SNAPSHOT,Paid placement recorded separately; excluded from demand inference.,,,
209,2026-09-25,12,retro graphic t shirt,highest_reviews,AD,4,w.1-4,4566110490,,,AD-SKIPPED,,"What Is Even Happening Raccoon Shirt, Funny Confused Raccoon Tee, Retro Sunset Animal Humor T-Shirt, Sarcastic Gift",FavourArtCo,https://www.etsy.com/listing/4566110490,4.8,(4.8k),SHOP-LEVEL/SEARCH-CARD,,,,DISCOVERY-ONLY|UNCLEAR|CURRENT-SNAPSHOT-UNKNOWN-WINDOW|SINGLE-SNAPSHOT,Paid placement recorded separately; excluded from demand inference.,,,
210,2026-09-25,12,retro graphic t shirt,highest_reviews,AD,5,,4511748595,,,AD-SKIPPED,,DISCO Retro T-shirt - graphic front print - relaxed fit - tee,morninghumans,https://www.etsy.com/listing/4511748595,4.4,(29),SHOP-LEVEL/SEARCH-CARD,,,,DISCOVERY-ONLY|UNCLEAR|CURRENT-SNAPSHOT-UNKNOWN-WINDOW|SINGLE-SNAPSHOT,Paid placement recorded separately; excluded from demand inference.,,,
211,2026-09-25,12,retro graphic t shirt,highest_reviews,AD,6,,4538546086,,,AD-SKIPPED,,"Everything Is Temporary design , Acid Wash Tee, Oversized Unisex Graphic Shirt, Front and Back Print, Vintage Streetwear Gift",Printtostitch,https://www.etsy.com/listing/4538546086,5.0,(22),SHOP-LEVEL/SEARCH-CARD,,,,DISCOVERY-ONLY|UNCLEAR|CURRENT-SNAPSHOT-UNKNOWN-WINDOW|SINGLE-SNAPSHOT,Paid placement recorded separately; excluded from demand inference.,,,
212,2026-09-25,12,retro graphic t shirt,highest_reviews,AD,7,,4563806435,,,AD-SKIPPED,,"Comfort Color® Pasta Pups Shirt, Funny Dachshund Tee, Weiner Dog Pasta Shirt, Cute Doxie Mom Gift, Italian Foodie Graphic Tee Q0909",QuirkyCottonTee,https://www.etsy.com/listing/4563806435,4.9,(697),SHOP-LEVEL/SEARCH-CARD,,,,DISCOVERY-ONLY|UNCLEAR|CURRENT-SNAPSHOT-UNKNOWN-WINDOW|SINGLE-SNAPSHOT,Paid placement recorded separately; excluded from demand inference.,,,
213,2026-09-25,12,retro graphic t shirt,highest_reviews,AD,8,,4574906454,,,AD-SKIPPED,,Christmas Cocktail Comfort Colors® Shirt Preppy Coquette Hotel Room Service T-shirt Retro Holiday Aesthetic Tee Pink Girly Xmas Tshirt,thesmalltowngiftco,https://www.etsy.com/listing/4574906454,4.9,(6.2k),SHOP-LEVEL/SEARCH-CARD,,,,DISCOVERY-ONLY|UNCLEAR|CURRENT-SNAPSHOT-UNKNOWN-WINDOW|SINGLE-SNAPSHOT,Paid placement recorded separately; excluded from demand inference.,,,
214,2026-09-25,12,retro graphic t shirt,highest_reviews,AD,9,,4562009658,,,AD-SKIPPED,,"Comfort Colors Retro Cat Shirt, Cool Cats Sunglasses Tee, Groovy Cat Mom Gift, Funky 70s Kitty Graphic, Colorful Cat Lover Aesthetic Tee",SSApparelTX,https://www.etsy.com/listing/4562009658,4.8,(576),SHOP-LEVEL/SEARCH-CARD,,,,DISCOVERY-ONLY|UNCLEAR|CURRENT-SNAPSHOT-UNKNOWN-WINDOW|SINGLE-SNAPSHOT,Paid placement recorded separately; excluded from demand inference.,,,
215,2026-09-25,12,retro graphic t shirt,highest_reviews,AD,10,,4386018664,,,AD-SKIPPED,,"Mystery Vintage T-Shirt: Handpicked Surprise Tee, Unisex Sizes",3rdEyeStitch,https://www.etsy.com/listing/4386018664,4.6,(68),SHOP-LEVEL/SEARCH-CARD,,,,DISCOVERY-ONLY|UNCLEAR|CURRENT-SNAPSHOT-UNKNOWN-WINDOW|SINGLE-SNAPSHOT,Paid placement recorded separately; excluded from demand inference.,,,
216,2026-09-25,12,retro graphic t shirt,highest_reviews,AD,11,,4528452017,,,AD-SKIPPED,,"Grumpy Crow Shirt, I Got Up Early No Worm Tee, Bird Lover Humor T-Shirt",thunderated,https://www.etsy.com/listing/4528452017,4.9,(930),SHOP-LEVEL/SEARCH-CARD,,,,DISCOVERY-ONLY|UNCLEAR|CURRENT-SNAPSHOT-UNKNOWN-WINDOW|SINGLE-SNAPSHOT,Paid placement recorded separately; excluded from demand inference.,,,
217,2026-09-25,12,retro graphic t shirt,highest_reviews,AD,12,,4572051381,,,AD-SKIPPED,,"Dripping Shoe 12'S Sneaker Shirt Green to Match Jordan 12 Bucks 2026 T Shirt , Jordan 12 Bucks  Matching Sneaker, Youth & Adult T shirt",SomaticMeditation,https://www.etsy.com/listing/4572051381,4.7,(504),SHOP-LEVEL/SEARCH-CARD,,,,DISCOVERY-ONLY|UNCLEAR|CURRENT-SNAPSHOT-UNKNOWN-WINDOW|SINGLE-SNAPSHOT,Paid placement recorded separately; excluded from demand inference.,Handmade,,
218,2026-09-25,12,retro graphic t shirt,highest_reviews,ORGANIC,1,w.1-1,4567985153,FALSE,DUPLICATE-FAMILY,DEDUPED,,"Comfort Colors Amaze T-Shirt, Funny Maze T-Shirt, Space Mary Graphic Tee, Retro Rock Shirt, Meme Graphic Tee, Cosmic Shirt",EverWildTees,https://www.etsy.com/listing/4567985153,5.0,(32),SHOP-LEVEL/SEARCH-CARD,TRUE,1,"Sep 15, 2026",PLATFORM-BADGED|SAME-PRINT-VARIANTS|RECENT|SINGLE-SNAPSHOT,Exact listing ID already observed earlier; retained as repeated-presence evidence only.,,,
219,2026-09-25,12,retro graphic t shirt,highest_reviews,ORGANIC,2,w.1-2,4570128243,TRUE,IP-EXCLUDED,INSPECTED/RETAINED,,"The Warriors Come Out To Play 1979 Comfort Colors T-Shirt, Vintage NYC Street Gang Tee, Two Sided Cult Movie Tee, Retro Warriors Fan Gift",JacksoneLabel,https://www.etsy.com/listing/4570128243,4.8,(66),SHOP-LEVEL/SEARCH-CARD,,,,DISCOVERY-ONLY|UNCLEAR|CURRENT-SNAPSHOT-UNKNOWN-WINDOW|SINGLE-SNAPSHOT,"Demand materially depends on a named franchise, entertainer, athlete/team, song/film/game, brand-led identity, or named public-figure fame.",,,
220,2026-09-25,12,retro graphic t shirt,highest_reviews,ORGANIC,3,w.1-3,4563877335,TRUE,ELIGIBLE,INSPECTED/RETAINED,,"Lake Ontario Shirt, Great Lakes Sunset Graphic Tee, Retro Canada Vacation Gift, Cottage Country Outdoor Comfort Colors Shirt",TheMeroPixel,https://www.etsy.com/listing/4563877335,4.9,(197),SHOP-LEVEL/SEARCH-CARD,TRUE,9,"Sep 17, 2026|Sep 14, 2026|Sep 11, 2026|Sep 9, 2026",PLATFORM-BADGED|SAME-PRINT-VARIANTS|RECENT|SINGLE-SNAPSHOT,Fixed graphic-shirt candidate; no title-level prohibited dependency identified. Evidence qualification was checked on the listing page.,,,
221,2026-09-25,12,retro graphic t shirt,highest_reviews,ORGANIC,4,w.1-4,4573163328,TRUE,IP-EXCLUDED,INSPECTED/RETAINED,,"Comfort Colors Dolly Day Shirt, Retro Dolly Parton 9 to 5 Country Music Tee, Vintage Nashville Cowgirl Shirt, Country Music Lover Gift",Bluediamondz26,https://www.etsy.com/listing/4573163328,4.7,(46),SHOP-LEVEL/SEARCH-CARD,,,,DISCOVERY-ONLY|UNCLEAR|CURRENT-SNAPSHOT-UNKNOWN-WINDOW|SINGLE-SNAPSHOT,"Demand materially depends on a named franchise, entertainer, athlete/team, song/film/game, brand-led identity, or named public-figure fame.",,,
222,2026-09-25,12,retro graphic t shirt,highest_reviews,ORGANIC,5,w.1-5,4550538854,TRUE,IP-EXCLUDED,INSPECTED/RETAINED,,"TLC Salt-N-Pepa En Vogue It's Iconic Tour T-Shirt, 90s R&B Graphic Tee",Crosswonder,https://www.etsy.com/listing/4550538854,5.0,(16),SHOP-LEVEL/SEARCH-CARD,,,,DISCOVERY-ONLY|UNCLEAR|CURRENT-SNAPSHOT-UNKNOWN-WINDOW|SINGLE-SNAPSHOT,"Demand materially depends on a named franchise, entertainer, athlete/team, song/film/game, brand-led identity, or named public-figure fame.",,,
223,2026-09-25,12,retro graphic t shirt,highest_reviews,ORGANIC,6,w.1-6,1800339871,TRUE,ELIGIBLE,SELECTED,2,"Three Raccoons Retro Graphic T-shirts, Vintage Comfort Colors® Raccoon Moon Tshirt, Raccoon Lovers, Funny Raccon Tee, Oversized Washed Tee",OldSchoolCulture,https://www.etsy.com/listing/1800339871,4.9,(15k),SHOP-LEVEL/SEARCH-CARD,TRUE,486,"Sep 14, 2026|Sep 8, 2026|Sep 5, 2026|Aug 31, 2026",PLATFORM-BADGED|SAME-PRINT-VARIANTS|RECENT|SINGLE-SNAPSHOT,"Selected under frozen Etsy rule: official platform Bestseller badge, item-specific reviews/recency, clean same-print attribution, then first occurrence.",,TRACE-P001-ETSY-02,IP-QUARANTINE
224,2026-09-25,12,retro graphic t shirt,highest_reviews,ORGANIC,7,w.1-7,4567268999,FALSE,DUPLICATE-FAMILY,DEDUPED,,"I Love HS Baby Tee, Pop Music Fan Shirt, Retro Y2K Heart Graphic T-Shirt, Concert Outfit, Celebrity Crush Gift for Women",GofranGoods,https://www.etsy.com/listing/4567268999,4.8,(94),SHOP-LEVEL/SEARCH-CARD,,,,DISCOVERY-ONLY|UNCLEAR|CURRENT-SNAPSHOT-UNKNOWN-WINDOW|SINGLE-SNAPSHOT,Exact listing ID already observed earlier; retained as repeated-presence evidence only.,,,
225,2026-09-25,12,retro graphic t shirt,highest_reviews,ORGANIC,8,w.1-8,4563184695,TRUE,IP-EXCLUDED,INSPECTED/RETAINED,,"Hey Sista Graphic Tee, Retro Typography, Comfort Colors Cotton Shirt",Craftiphy,https://www.etsy.com/listing/4563184695,5.0,(7),SHOP-LEVEL/SEARCH-CARD,FALSE,1,"Sep 22, 2026",STRONG-PROXY|SAME-PRINT-VARIANTS|RECENT|SINGLE-SNAPSHOT,"Demand materially depends on a named franchise, entertainer, athlete/team, song/film/game, brand-led identity, or named public-figure fame.",,,
226,2026-09-25,12,retro graphic t shirt,highest_reviews,ORGANIC,9,,4563167155,TRUE,IP-EXCLUDED,INSPECTED/RETAINED,,"Vintage Dolly Parton Tribute Women V-Neck Shirt, Classic Cowgirl Graphic Tee, Retro Country Music Legend Portrait, Bella Canvas®",CustomTeeVibe,https://www.etsy.com/listing/4563167155,4.9,(850),SHOP-LEVEL/SEARCH-CARD,,,,DISCOVERY-ONLY|UNCLEAR|CURRENT-SNAPSHOT-UNKNOWN-WINDOW|SINGLE-SNAPSHOT,"Demand materially depends on a named franchise, entertainer, athlete/team, song/film/game, brand-led identity, or named public-figure fame.",,,
227,2026-09-25,12,retro graphic t shirt,highest_reviews,ORGANIC,10,,4351393080,TRUE,PRODUCT-EXCLUDED,INSPECTED/RETAINED,,"Custom Pet Vintage Bootleg T-Shirt, Retro Personalized  Pet Photo + Name Comfort Colors® Shirt, Custom Dog Portrait Top,Design Cat Shirt Tee",OldSchoolCulture,https://www.etsy.com/listing/4351393080,4.9,(15k),SHOP-LEVEL/SEARCH-CARD,,,,DISCOVERY-ONLY|UNCLEAR|CURRENT-SNAPSHOT-UNKNOWN-WINDOW|SINGLE-SNAPSHOT,Custom/personalized/service/add-on or non-fixed graphic-shirt unit.,,,
228,2026-09-25,12,retro graphic t shirt,highest_reviews,ORGANIC,11,,4573704612,TRUE,IP-QUARANTINE,INSPECTED/RETAINED,,"Every Child Matters Shirt, Indigenous Wreath Graphic Tee, Retro Feather Circle Awareness Top, Truth Reconciliation Apparel",GrasiyaDesign,https://www.etsy.com/listing/4573704612,5.0,(3),SHOP-LEVEL/SEARCH-CARD,TRUE,1,"Sep 23, 2026",PLATFORM-BADGED|SAME-PRINT-VARIANTS|RECENT|SINGLE-SNAPSHOT,"Origin, public-personality/cause dependence, quotation, or artwork provenance remains unresolved.",,,
229,2026-09-25,12,retro graphic t shirt,highest_reviews,ORGANIC,12,,1787016087,TRUE,PRODUCT-EXCLUDED,INSPECTED/RETAINED,,Personalised Bootleg Rap T-Shirt: Retro 90s Graphic Tee,CraftedMemoriesbyGH,https://www.etsy.com/listing/1787016087,4.9,(2.7k),SHOP-LEVEL/SEARCH-CARD,,,,DISCOVERY-ONLY|UNCLEAR|CURRENT-SNAPSHOT-UNKNOWN-WINDOW|SINGLE-SNAPSHOT,Custom/personalized/service/add-on or non-fixed graphic-shirt unit.,,,
