row_type,pilot_id,pool_id,store_order,store_id,store_name,surface_status,captured_at_utc,collection_scope,collection_url,requested_sort,returned_sort_label,sort_active_state,collection_capture_count,observation_id,raw_rank,product_handle,product_title,product_url,thumbnail_alt,screen_basis,title_thumbnail_screen,pre_origin_detail_disposition,gate0_basis,family_first_observation_id,family_first_rank,detail_opened,review_scope,item_review_count,item_sales_evidence,nonzero_sales_corroboration,provenance_candidate_grade,provenance_candidate_basis,origin_search_state,store_queue_rank,notes
SURFACE,TRACE-PILOT-002,TRACE-P002-POOL-DTC,1,P002-DTC-S01,Boredwalk,COMPLETE,2026-09-25T18:13:28.478Z,Mens TShirts,https://www.boredwalk.com/collections/mens-tshirts?sort_by=best-selling,sort_by=best-selling,Best selling,VERIFIED,24,,,,,,,,,,,,,,,,,,,,,,First 24 products captured from a longer collection.
PRODUCT,TRACE-PILOT-002,TRACE-P002-POOL-DTC,1,P002-DTC-S01,Boredwalk,COMPLETE,2026-09-25T18:13:28.478Z,Mens TShirts,https://www.boredwalk.com/collections/mens-tshirts?sort_by=best-selling,sort_by=best-selling,Best selling,VERIFIED,24,TRACE-P002-OBS-DTC-S01-01,1,mens-ban-the-fascists-save-the-books-t-shirt,Men's Ban The Fascists Save The Books T-Shirt,https://www.boredwalk.com/collections/mens-tshirts/products/mens-ban-the-fascists-save-the-books-t-shirt,,TITLE+RENDERED-THUMBNAIL,CANDIDATE,ORIGIN-PENDING,Highest-ranked canonical family surviving basic/title/thumbnail Gate 0 in this store.,TRACE-P002-OBS-DTC-S01-01,1,YES,ITEM-VISIBLE,400,400 visible item reviews; displayed reviews repeat the exact product title,YES,MEDIUM-CANDIDATE,Store states its products are designed and hand-printed to order in its southern California studio; origin not independently tested.,NOT-RUN,1,Provisional candidate only; mandatory cross-market origin searches and final Gate 0 remain open; no SDC created.
PRODUCT,TRACE-PILOT-002,TRACE-P002-POOL-DTC,1,P002-DTC-S01,Boredwalk,COMPLETE,2026-09-25T18:13:28.478Z,Mens TShirts,https://www.boredwalk.com/collections/mens-tshirts?sort_by=best-selling,sort_by=best-selling,Best selling,VERIFIED,24,TRACE-P002-OBS-DTC-S01-02,2,mens-someday-well-all-be-dead-t-shirt,Men's Someday We'll All Be Dead T-Shirt,https://www.boredwalk.com/collections/mens-tshirts/products/mens-someday-well-all-be-dead-t-shirt,,TITLE+RENDERED-THUMBNAIL,CANDIDATE,SURFACE-PASS-DETAIL-NOT-OPENED,Fixed graphic-shirt family survived the basic/title/rendered-thumbnail screen; detail and origin remain pending if reached.,TRACE-P002-OBS-DTC-S01-02,2,NO,,,,,,,NOT-RUN,2,Deterministic same-store continuation row; inspect only if every earlier store_queue_rank family fails.
PRODUCT,TRACE-PILOT-002,TRACE-P002-POOL-DTC,1,P002-DTC-S01,Boredwalk,COMPLETE,2026-09-25T18:13:28.478Z,Mens TShirts,https://www.boredwalk.com/collections/mens-tshirts?sort_by=best-selling,sort_by=best-selling,Best selling,VERIFIED,24,TRACE-P002-OBS-DTC-S01-03,3,mens-have-the-day-you-deserve-t-shirt,Men's Have The Day You Deserve T-Shirt,https://www.boredwalk.com/collections/mens-tshirts/products/mens-have-the-day-you-deserve-t-shirt,,TITLE+RENDERED-THUMBNAIL,CANDIDATE,SURFACE-PASS-DETAIL-NOT-OPENED,Fixed graphic-shirt family survived the basic/title/rendered-thumbnail screen; detail and origin remain pending if reached.,TRACE-P002-OBS-DTC-S01-03,3,NO,,,,,,,NOT-RUN,3,Deterministic same-store continuation row; inspect only if every earlier store_queue_rank family fails.
PRODUCT,TRACE-PILOT-002,TRACE-P002-POOL-DTC,1,P002-DTC-S01,Boredwalk,COMPLETE,2026-09-25T18:13:28.478Z,Mens TShirts,https://www.boredwalk.com/collections/mens-tshirts?sort_by=best-selling,sort_by=best-selling,Best selling,VERIFIED,24,TRACE-P002-OBS-DTC-S01-04,4,mens-support-your-local-library-t-shirt,Men's Support Your Local Library T-Shirt,https://www.boredwalk.com/collections/mens-tshirts/products/mens-support-your-local-library-t-shirt,,TITLE+RENDERED-THUMBNAIL,CANDIDATE,SURFACE-PASS-DETAIL-NOT-OPENED,Fixed graphic-shirt family survived the basic/title/rendered-thumbnail screen; detail and origin remain pending if reached.,TRACE-P002-OBS-DTC-S01-04,4,NO,,,,,,,NOT-RUN,4,Deterministic same-store continuation row; inspect only if every earlier store_queue_rank family fails.
PRODUCT,TRACE-PILOT-002,TRACE-P002-POOL-DTC,1,P002-DTC-S01,Boredwalk,COMPLETE,2026-09-25T18:13:28.478Z,Mens TShirts,https://www.boredwalk.com/collections/mens-tshirts?sort_by=best-selling,sort_by=best-selling,Best selling,VERIFIED,24,TRACE-P002-OBS-DTC-S01-05,5,mens-oxford-comma-appreciation-society-t-shirt,Men's Oxford Comma Appreciation Society T-Shirt,https://www.boredwalk.com/collections/mens-tshirts/products/mens-oxford-comma-appreciation-society-t-shirt,,TITLE+RENDERED-THUMBNAIL,CANDIDATE,SURFACE-PASS-DETAIL-NOT-OPENED,Fixed graphic-shirt family survived the basic/title/rendered-thumbnail screen; detail and origin remain pending if reached.,TRACE-P002-OBS-DTC-S01-05,5,NO,,,,,,,NOT-RUN,5,Deterministic same-store continuation row; inspect only if every earlier store_queue_rank family fails.
PRODUCT,TRACE-PILOT-002,TRACE-P002-POOL-DTC,1,P002-DTC-S01,Boredwalk,COMPLETE,2026-09-25T18:13:28.478Z,Mens TShirts,https://www.boredwalk.com/collections/mens-tshirts?sort_by=best-selling,sort_by=best-selling,Best selling,VERIFIED,24,TRACE-P002-OBS-DTC-S01-06,6,mens-hell-is-other-people-t-shirt,Men's Hell Is Other People T-Shirt,https://www.boredwalk.com/collections/mens-tshirts/products/mens-hell-is-other-people-t-shirt,,TITLE+RENDERED-THUMBNAIL,IP-EXCLUDED,IP-EXCLUDED,Recognizable Jean-Paul Sartre quotation,TRACE-P002-OBS-DTC-S01-06,6,NO,,,,,,,NOT-APPLICABLE-EXCLUDED,,Gate 0 contamination-control screen; not an infringement or legal conclusion.
PRODUCT,TRACE-PILOT-002,TRACE-P002-POOL-DTC,1,P002-DTC-S01,Boredwalk,COMPLETE,2026-09-25T18:13:28.478Z,Mens TShirts,https://www.boredwalk.com/collections/mens-tshirts?sort_by=best-selling,sort_by=best-selling,Best selling,VERIFIED,24,TRACE-P002-OBS-DTC-S01-07,7,mens-everything-is-terrible-t-shirt,Men's Everything is Terrible T-Shirt,https://www.boredwalk.com/collections/mens-tshirts/products/mens-everything-is-terrible-t-shirt,,TITLE+RENDERED-THUMBNAIL,CANDIDATE,SURFACE-PASS-DETAIL-NOT-OPENED,Fixed graphic-shirt family survived the basic/title/rendered-thumbnail screen; detail and origin remain pending if reached.,TRACE-P002-OBS-DTC-S01-07,7,NO,,,,,,,NOT-RUN,6,Deterministic same-store continuation row; inspect only if every earlier store_queue_rank family fails.
PRODUCT,TRACE-PILOT-002,TRACE-P002-POOL-DTC,1,P002-DTC-S01,Boredwalk,COMPLETE,2026-09-25T18:13:28.478Z,Mens TShirts,https://www.boredwalk.com/collections/mens-tshirts?sort_by=best-selling,sort_by=best-selling,Best selling,VERIFIED,24,TRACE-P002-OBS-DTC-S01-08,8,mens-the-female-gaze-medusa-t-shirt,Men's The Female Gaze Medusa T-Shirt,https://www.boredwalk.com/collections/mens-tshirts/products/mens-the-female-gaze-medusa-t-shirt,,TITLE+RENDERED-THUMBNAIL,CANDIDATE,SURFACE-PASS-DETAIL-NOT-OPENED,Fixed graphic-shirt family survived the basic/title/rendered-thumbnail screen; detail and origin remain pending if reached.,TRACE-P002-OBS-DTC-S01-08,8,NO,,,,,,,NOT-RUN,7,Deterministic same-store continuation row; inspect only if every earlier store_queue_rank family fails.
PRODUCT,TRACE-PILOT-002,TRACE-P002-POOL-DTC,1,P002-DTC-S01,Boredwalk,COMPLETE,2026-09-25T18:13:28.478Z,Mens TShirts,https://www.boredwalk.com/collections/mens-tshirts?sort_by=best-selling,sort_by=best-selling,Best selling,VERIFIED,24,TRACE-P002-OBS-DTC-S01-09,9,mens-everything-is-trash-raccoon-t-shirt,Men's Everything is Trash Raccoon T-Shirt,https://www.boredwalk.com/collections/mens-tshirts/products/mens-everything-is-trash-raccoon-t-shirt,,TITLE+RENDERED-THUMBNAIL,CANDIDATE,SURFACE-PASS-DETAIL-NOT-OPENED,Fixed graphic-shirt family survived the basic/title/rendered-thumbnail screen; detail and origin remain pending if reached.,TRACE-P002-OBS-DTC-S01-09,9,NO,,,,,,,NOT-RUN,8,Deterministic same-store continuation row; inspect only if every earlier store_queue_rank family fails.
PRODUCT,TRACE-PILOT-002,TRACE-P002-POOL-DTC,1,P002-DTC-S01,Boredwalk,COMPLETE,2026-09-25T18:13:28.478Z,Mens TShirts,https://www.boredwalk.com/collections/mens-tshirts?sort_by=best-selling,sort_by=best-selling,Best selling,VERIFIED,24,TRACE-P002-OBS-DTC-S01-10,10,mens-fine-thanks-t-shirt,Men's Fine Thanks T-Shirt,https://www.boredwalk.com/collections/mens-tshirts/products/mens-fine-thanks-t-shirt,,TITLE+RENDERED-THUMBNAIL,CANDIDATE,SURFACE-PASS-DETAIL-NOT-OPENED,Fixed graphic-shirt family survived the basic/title/rendered-thumbnail screen; detail and origin remain pending if reached.,TRACE-P002-OBS-DTC-S01-10,10,NO,,,,,,,NOT-RUN,9,Deterministic same-store continuation row; inspect only if every earlier store_queue_rank family fails.
PRODUCT,TRACE-PILOT-002,TRACE-P002-POOL-DTC,1,P002-DTC-S01,Boredwalk,COMPLETE,2026-09-25T18:13:28.478Z,Mens TShirts,https://www.boredwalk.com/collections/mens-tshirts?sort_by=best-selling,sort_by=best-selling,Best selling,VERIFIED,24,TRACE-P002-OBS-DTC-S01-11,11,mens-girls-will-be-girls-witch-t-shirt,Men's Girls Will Be Girls Witch T-Shirt,https://www.boredwalk.com/collections/mens-tshirts/products/mens-girls-will-be-girls-witch-t-shirt,,TITLE+RENDERED-THUMBNAIL,CANDIDATE,SURFACE-PASS-DETAIL-NOT-OPENED,Fixed graphic-shirt family survived the basic/title/rendered-thumbnail screen; detail and origin remain pending if reached.,TRACE-P002-OBS-DTC-S01-11,11,NO,,,,,,,NOT-RUN,10,Deterministic same-store continuation row; inspect only if every earlier store_queue_rank family fails.
PRODUCT,TRACE-PILOT-002,TRACE-P002-POOL-DTC,1,P002-DTC-S01,Boredwalk,COMPLETE,2026-09-25T18:13:28.478Z,Mens TShirts,https://www.boredwalk.com/collections/mens-tshirts?sort_by=best-selling,sort_by=best-selling,Best selling,VERIFIED,24,TRACE-P002-OBS-DTC-S01-12,12,mens-living-my-okayest-life-t-shirt,Men's Living My Okayest Life T-Shirt,https://www.boredwalk.com/collections/mens-tshirts/products/mens-living-my-okayest-life-t-shirt,,TITLE+RENDERED-THUMBNAIL,CANDIDATE,SURFACE-PASS-DETAIL-NOT-OPENED,Fixed graphic-shirt family survived the basic/title/rendered-thumbnail screen; detail and origin remain pending if reached.,TRACE-P002-OBS-DTC-S01-12,12,NO,,,,,,,NOT-RUN,11,Deterministic same-store continuation row; inspect only if every earlier store_queue_rank family fails.
PRODUCT,TRACE-PILOT-002,TRACE-P002-POOL-DTC,1,P002-DTC-S01,Boredwalk,COMPLETE,2026-09-25T18:13:28.478Z,Mens TShirts,https://www.boredwalk.com/collections/mens-tshirts?sort_by=best-selling,sort_by=best-selling,Best selling,VERIFIED,24,TRACE-P002-OBS-DTC-S01-13,13,mens-dystopia-got-you-down-try-dissociating-t-shirt,Men's Dystopia Got You Down? Try Dissociating! T-Shirt,https://www.boredwalk.com/collections/mens-tshirts/products/mens-dystopia-got-you-down-try-dissociating-t-shirt,,TITLE+RENDERED-THUMBNAIL,CANDIDATE,SURFACE-PASS-DETAIL-NOT-OPENED,Fixed graphic-shirt family survived the basic/title/rendered-thumbnail screen; detail and origin remain pending if reached.,TRACE-P002-OBS-DTC-S01-13,13,NO,,,,,,,NOT-RUN,12,Deterministic same-store continuation row; inspect only if every earlier store_queue_rank family fails.
PRODUCT,TRACE-PILOT-002,TRACE-P002-POOL-DTC,1,P002-DTC-S01,Boredwalk,COMPLETE,2026-09-25T18:13:28.478Z,Mens TShirts,https://www.boredwalk.com/collections/mens-tshirts?sort_by=best-selling,sort_by=best-selling,Best selling,VERIFIED,24,TRACE-P002-OBS-DTC-S01-14,14,mens-feminist-is-my-second-favorite-f-word-t-shirt,Men's Feminist is My Second Favorite F Word T-Shirt,https://www.boredwalk.com/collections/mens-tshirts/products/mens-feminist-is-my-second-favorite-f-word-t-shirt,,TITLE+RENDERED-THUMBNAIL,CANDIDATE,SURFACE-PASS-DETAIL-NOT-OPENED,Fixed graphic-shirt family survived the basic/title/rendered-thumbnail screen; detail and origin remain pending if reached.,TRACE-P002-OBS-DTC-S01-14,14,NO,,,,,,,NOT-RUN,13,Deterministic same-store continuation row; inspect only if every earlier store_queue_rank family fails.
PRODUCT,TRACE-PILOT-002,TRACE-P002-POOL-DTC,1,P002-DTC-S01,Boredwalk,COMPLETE,2026-09-25T18:13:28.478Z,Mens TShirts,https://www.boredwalk.com/collections/mens-tshirts?sort_by=best-selling,sort_by=best-selling,Best selling,VERIFIED,24,TRACE-P002-OBS-DTC-S01-15,15,mens-were-all-in-this-together-like-hostages-t-shirt,Men's We're All In This Together Like Hostages T-Shirt,https://www.boredwalk.com/collections/mens-tshirts/products/mens-were-all-in-this-together-like-hostages-t-shirt,,TITLE+RENDERED-THUMBNAIL,CANDIDATE,SURFACE-PASS-DETAIL-NOT-OPENED,Fixed graphic-shirt family survived the basic/title/rendered-thumbnail screen; detail and origin remain pending if reached.,TRACE-P002-OBS-DTC-S01-15,15,NO,,,,,,,NOT-RUN,14,Deterministic same-store continuation row; inspect only if every earlier store_queue_rank family fails.
PRODUCT,TRACE-PILOT-002,TRACE-P002-POOL-DTC,1,P002-DTC-S01,Boredwalk,COMPLETE,2026-09-25T18:13:28.478Z,Mens TShirts,https://www.boredwalk.com/collections/mens-tshirts?sort_by=best-selling,sort_by=best-selling,Best selling,VERIFIED,24,TRACE-P002-OBS-DTC-S01-16,16,mens-nolite-te-bastardes-carborundorum-t-shirt,Men's Nolite Te Bastardes Carborundorum T-Shirt,https://www.boredwalk.com/collections/mens-tshirts/products/mens-nolite-te-bastardes-carborundorum-t-shirt,,TITLE+RENDERED-THUMBNAIL,IP-EXCLUDED,IP-EXCLUDED,Recognizable The Handmaid's Tale expression,TRACE-P002-OBS-DTC-S01-16,16,NO,,,,,,,NOT-APPLICABLE-EXCLUDED,,Gate 0 contamination-control screen; not an infringement or legal conclusion.
PRODUCT,TRACE-PILOT-002,TRACE-P002-POOL-DTC,1,P002-DTC-S01,Boredwalk,COMPLETE,2026-09-25T18:13:28.478Z,Mens TShirts,https://www.boredwalk.com/collections/mens-tshirts?sort_by=best-selling,sort_by=best-selling,Best selling,VERIFIED,24,TRACE-P002-OBS-DTC-S01-17,17,mens-maybe-worrying-about-it-will-help-anxiety-t-shirt,Men's Maybe Worrying About It Will Help Anxiety T-Shirt,https://www.boredwalk.com/collections/mens-tshirts/products/mens-maybe-worrying-about-it-will-help-anxiety-t-shirt,,TITLE+RENDERED-THUMBNAIL,CANDIDATE,SURFACE-PASS-DETAIL-NOT-OPENED,Fixed graphic-shirt family survived the basic/title/rendered-thumbnail screen; detail and origin remain pending if reached.,TRACE-P002-OBS-DTC-S01-17,17,NO,,,,,,,NOT-RUN,15,Deterministic same-store continuation row; inspect only if every earlier store_queue_rank family fails.
PRODUCT,TRACE-PILOT-002,TRACE-P002-POOL-DTC,1,P002-DTC-S01,Boredwalk,COMPLETE,2026-09-25T18:13:28.478Z,Mens TShirts,https://www.boredwalk.com/collections/mens-tshirts?sort_by=best-selling,sort_by=best-selling,Best selling,VERIFIED,24,TRACE-P002-OBS-DTC-S01-18,18,mens-maybe-tomorrow-satan-t-shirt,Men's Maybe Tomorrow Satan T-Shirt,https://www.boredwalk.com/collections/mens-tshirts/products/mens-maybe-tomorrow-satan-t-shirt,,TITLE+RENDERED-THUMBNAIL,CANDIDATE,SURFACE-PASS-DETAIL-NOT-OPENED,Fixed graphic-shirt family survived the basic/title/rendered-thumbnail screen; detail and origin remain pending if reached.,TRACE-P002-OBS-DTC-S01-18,18,NO,,,,,,,NOT-RUN,16,Deterministic same-store continuation row; inspect only if every earlier store_queue_rank family fails.
PRODUCT,TRACE-PILOT-002,TRACE-P002-POOL-DTC,1,P002-DTC-S01,Boredwalk,COMPLETE,2026-09-25T18:13:28.478Z,Mens TShirts,https://www.boredwalk.com/collections/mens-tshirts?sort_by=best-selling,sort_by=best-selling,Best selling,VERIFIED,24,TRACE-P002-OBS-DTC-S01-19,19,mens-hard-pass-t-shirt,Men's Hard Pass T-Shirt,https://www.boredwalk.com/collections/mens-tshirts/products/mens-hard-pass-t-shirt,,TITLE+RENDERED-THUMBNAIL,CANDIDATE,SURFACE-PASS-DETAIL-NOT-OPENED,Fixed graphic-shirt family survived the basic/title/rendered-thumbnail screen; detail and origin remain pending if reached.,TRACE-P002-OBS-DTC-S01-19,19,NO,,,,,,,NOT-RUN,17,Deterministic same-store continuation row; inspect only if every earlier store_queue_rank family fails.
PRODUCT,TRACE-PILOT-002,TRACE-P002-POOL-DTC,1,P002-DTC-S01,Boredwalk,COMPLETE,2026-09-25T18:13:28.478Z,Mens TShirts,https://www.boredwalk.com/collections/mens-tshirts?sort_by=best-selling,sort_by=best-selling,Best selling,VERIFIED,24,TRACE-P002-OBS-DTC-S01-20,20,mens-a-womans-place-is-in-the-white-house-t-shirt,Men's A Woman's Place is in The White House T-Shirt,https://www.boredwalk.com/collections/mens-tshirts/products/mens-a-womans-place-is-in-the-white-house-t-shirt,,TITLE+RENDERED-THUMBNAIL,CANDIDATE,SURFACE-PASS-DETAIL-NOT-OPENED,Fixed graphic-shirt family survived the basic/title/rendered-thumbnail screen; detail and origin remain pending if reached.,TRACE-P002-OBS-DTC-S01-20,20,NO,,,,,,,NOT-RUN,18,Deterministic same-store continuation row; inspect only if every earlier store_queue_rank family fails.
PRODUCT,TRACE-PILOT-002,TRACE-P002-POOL-DTC,1,P002-DTC-S01,Boredwalk,COMPLETE,2026-09-25T18:13:28.478Z,Mens TShirts,https://www.boredwalk.com/collections/mens-tshirts?sort_by=best-selling,sort_by=best-selling,Best selling,VERIFIED,24,TRACE-P002-OBS-DTC-S01-21,21,mens-what-a-time-to-be-alive-and-anxious-t-shirt,Men's What a Time to be Alive and Anxious T-Shirt,https://www.boredwalk.com/collections/mens-tshirts/products/mens-what-a-time-to-be-alive-and-anxious-t-shirt,,TITLE+RENDERED-THUMBNAIL,CANDIDATE,SURFACE-PASS-DETAIL-NOT-OPENED,Fixed graphic-shirt family survived the basic/title/rendered-thumbnail screen; detail and origin remain pending if reached.,TRACE-P002-OBS-DTC-S01-21,21,NO,,,,,,,NOT-RUN,19,Deterministic same-store continuation row; inspect only if every earlier store_queue_rank family fails.
PRODUCT,TRACE-PILOT-002,TRACE-P002-POOL-DTC,1,P002-DTC-S01,Boredwalk,COMPLETE,2026-09-25T18:13:28.478Z,Mens TShirts,https://www.boredwalk.com/collections/mens-tshirts?sort_by=best-selling,sort_by=best-selling,Best selling,VERIFIED,24,TRACE-P002-OBS-DTC-S01-22,22,mens-catnip-freakout-t-shirt-by-ex-boyfriend,Men's Catnip Freakout T-Shirt - By Ex-Boyfriend,https://www.boredwalk.com/collections/mens-tshirts/products/mens-catnip-freakout-t-shirt-by-ex-boyfriend,,TITLE+RENDERED-THUMBNAIL,CANDIDATE,SURFACE-PASS-DETAIL-NOT-OPENED,Fixed graphic-shirt family survived the basic/title/rendered-thumbnail screen; detail and origin remain pending if reached.,TRACE-P002-OBS-DTC-S01-22,22,NO,,,,,,,NOT-RUN,20,Deterministic same-store continuation row; inspect only if every earlier store_queue_rank family fails.
PRODUCT,TRACE-PILOT-002,TRACE-P002-POOL-DTC,1,P002-DTC-S01,Boredwalk,COMPLETE,2026-09-25T18:13:28.478Z,Mens TShirts,https://www.boredwalk.com/collections/mens-tshirts?sort_by=best-selling,sort_by=best-selling,Best selling,VERIFIED,24,TRACE-P002-OBS-DTC-S01-23,23,mens-no-one-asked-you-t-shirt,Men's No One Asked You T-Shirt,https://www.boredwalk.com/collections/mens-tshirts/products/mens-no-one-asked-you-t-shirt,,TITLE+RENDERED-THUMBNAIL,CANDIDATE,SURFACE-PASS-DETAIL-NOT-OPENED,Fixed graphic-shirt family survived the basic/title/rendered-thumbnail screen; detail and origin remain pending if reached.,TRACE-P002-OBS-DTC-S01-23,23,NO,,,,,,,NOT-RUN,21,Deterministic same-store continuation row; inspect only if every earlier store_queue_rank family fails.
PRODUCT,TRACE-PILOT-002,TRACE-P002-POOL-DTC,1,P002-DTC-S01,Boredwalk,COMPLETE,2026-09-25T18:13:28.478Z,Mens TShirts,https://www.boredwalk.com/collections/mens-tshirts?sort_by=best-selling,sort_by=best-selling,Best selling,VERIFIED,24,TRACE-P002-OBS-DTC-S01-24,24,mens-antisocial-butterfly-t-shirt,Men's Antisocial Butterfly T-Shirt,https://www.boredwalk.com/collections/mens-tshirts/products/mens-antisocial-butterfly-t-shirt,,TITLE+RENDERED-THUMBNAIL,CANDIDATE,SURFACE-PASS-DETAIL-NOT-OPENED,Fixed graphic-shirt family survived the basic/title/rendered-thumbnail screen; detail and origin remain pending if reached.,TRACE-P002-OBS-DTC-S01-24,24,NO,,,,,,,NOT-RUN,22,Deterministic same-store continuation row; inspect only if every earlier store_queue_rank family fails.
SURFACE,TRACE-PILOT-002,TRACE-P002-POOL-DTC,2,P002-DTC-S02,Wicked Clothes,COMPLETE,2026-09-25T18:14:38.575Z,shirts,https://www.wickedclothes.com/collections/t-shirts?sort_by=best-selling,sort_by=best-selling,Best selling,VERIFIED,24,,,,,,,,,,,,,,,,,,,,,,First 24 products captured from a longer collection.
PRODUCT,TRACE-PILOT-002,TRACE-P002-POOL-DTC,2,P002-DTC-S02,Wicked Clothes,COMPLETE,2026-09-25T18:14:38.575Z,shirts,https://www.wickedclothes.com/collections/t-shirts?sort_by=best-selling,sort_by=best-selling,Best selling,VERIFIED,24,TRACE-P002-OBS-DTC-S02-01,1,feel-alive-shirt,'Feel Alive' Shirt,https://www.wickedclothes.com/products/feel-alive-shirt,,TITLE+RENDERED-THUMBNAIL,CANDIDATE,ORIGIN-PENDING,Highest-ranked canonical family surviving basic/title/thumbnail Gate 0 in this store.,TRACE-P002-OBS-DTC-S02-01,1,YES,SHOP-WIDE,,"Product page labels the CATSNEEZE design 200+ sold; 7,386-review score is shop-wide and not counted as item reviews",YES,MEDIUM-CANDIDATE,Named artist CATSNEEZE and four-design artist grouping on the product page; origin not independently tested.,NOT-RUN,1,Provisional candidate only; mandatory cross-market origin searches and final Gate 0 remain open; no SDC created.
PRODUCT,TRACE-PILOT-002,TRACE-P002-POOL-DTC,2,P002-DTC-S02,Wicked Clothes,COMPLETE,2026-09-25T18:14:38.575Z,shirts,https://www.wickedclothes.com/collections/t-shirts?sort_by=best-selling,sort_by=best-selling,Best selling,VERIFIED,24,TRACE-P002-OBS-DTC-S02-02,2,live-fast-eat-trash-shirt,"'Live Fast, Eat Trash' Shirt",https://www.wickedclothes.com/products/live-fast-eat-trash-shirt,,TITLE+RENDERED-THUMBNAIL,CANDIDATE,SURFACE-PASS-DETAIL-NOT-OPENED,Fixed graphic-shirt family survived the basic/title/rendered-thumbnail screen; detail and origin remain pending if reached.,TRACE-P002-OBS-DTC-S02-02,2,NO,,,,,,,NOT-RUN,2,Deterministic same-store continuation row; inspect only if every earlier store_queue_rank family fails.
PRODUCT,TRACE-PILOT-002,TRACE-P002-POOL-DTC,2,P002-DTC-S02,Wicked Clothes,COMPLETE,2026-09-25T18:14:38.575Z,shirts,https://www.wickedclothes.com/collections/t-shirts?sort_by=best-selling,sort_by=best-selling,Best selling,VERIFIED,24,TRACE-P002-OBS-DTC-S02-03,3,purely-spite-shirt,'Purely Spite' Shirt,https://www.wickedclothes.com/products/purely-spite-shirt,,TITLE+RENDERED-THUMBNAIL,CANDIDATE,SURFACE-PASS-DETAIL-NOT-OPENED,Fixed graphic-shirt family survived the basic/title/rendered-thumbnail screen; detail and origin remain pending if reached.,TRACE-P002-OBS-DTC-S02-03,3,NO,,,,,,,NOT-RUN,3,Deterministic same-store continuation row; inspect only if every earlier store_queue_rank family fails.
PRODUCT,TRACE-PILOT-002,TRACE-P002-POOL-DTC,2,P002-DTC-S02,Wicked Clothes,COMPLETE,2026-09-25T18:14:38.575Z,shirts,https://www.wickedclothes.com/collections/t-shirts?sort_by=best-selling,sort_by=best-selling,Best selling,VERIFIED,24,TRACE-P002-OBS-DTC-S02-04,4,mothman-shirt,'Mothman' Shirt,https://www.wickedclothes.com/products/mothman-shirt,,TITLE+RENDERED-THUMBNAIL,CANDIDATE,SURFACE-PASS-DETAIL-NOT-OPENED,Fixed graphic-shirt family survived the basic/title/rendered-thumbnail screen; detail and origin remain pending if reached.,TRACE-P002-OBS-DTC-S02-04,4,NO,,,,,,,NOT-RUN,4,Deterministic same-store continuation row; inspect only if every earlier store_queue_rank family fails.
PRODUCT,TRACE-PILOT-002,TRACE-P002-POOL-DTC,2,P002-DTC-S02,Wicked Clothes,COMPLETE,2026-09-25T18:14:38.575Z,shirts,https://www.wickedclothes.com/collections/t-shirts?sort_by=best-selling,sort_by=best-selling,Best selling,VERIFIED,24,TRACE-P002-OBS-DTC-S02-05,5,conspiracy-theories-shirt,'Conspiracy Theories' Shirt,https://www.wickedclothes.com/products/conspiracy-theories-shirt,,TITLE+RENDERED-THUMBNAIL,CANDIDATE,SURFACE-PASS-DETAIL-NOT-OPENED,Fixed graphic-shirt family survived the basic/title/rendered-thumbnail screen; detail and origin remain pending if reached.,TRACE-P002-OBS-DTC-S02-05,5,NO,,,,,,,NOT-RUN,5,Deterministic same-store continuation row; inspect only if every earlier store_queue_rank family fails.
PRODUCT,TRACE-PILOT-002,TRACE-P002-POOL-DTC,2,P002-DTC-S02,Wicked Clothes,COMPLETE,2026-09-25T18:14:38.575Z,shirts,https://www.wickedclothes.com/collections/t-shirts?sort_by=best-selling,sort_by=best-selling,Best selling,VERIFIED,24,TRACE-P002-OBS-DTC-S02-06,6,stay-weird-glow-in-the-dark-shirt,'Stay Weird' Glow in the Dark Shirt,https://www.wickedclothes.com/products/stay-weird-glow-in-the-dark-shirt,,TITLE+RENDERED-THUMBNAIL,CANDIDATE,SURFACE-PASS-DETAIL-NOT-OPENED,Fixed graphic-shirt family survived the basic/title/rendered-thumbnail screen; detail and origin remain pending if reached.,TRACE-P002-OBS-DTC-S02-06,6,NO,,,,,,,NOT-RUN,6,Deterministic same-store continuation row; inspect only if every earlier store_queue_rank family fails.
PRODUCT,TRACE-PILOT-002,TRACE-P002-POOL-DTC,2,P002-DTC-S02,Wicked Clothes,COMPLETE,2026-09-25T18:14:38.575Z,shirts,https://www.wickedclothes.com/collections/t-shirts?sort_by=best-selling,sort_by=best-selling,Best selling,VERIFIED,24,TRACE-P002-OBS-DTC-S02-07,7,empathy-is-more-rebellious-shirt,'Empathy is More Rebellious' Shirt,https://www.wickedclothes.com/products/empathy-is-more-rebellious-shirt,,TITLE+RENDERED-THUMBNAIL,CANDIDATE,SURFACE-PASS-DETAIL-NOT-OPENED,Fixed graphic-shirt family survived the basic/title/rendered-thumbnail screen; detail and origin remain pending if reached.,TRACE-P002-OBS-DTC-S02-07,7,NO,,,,,,,NOT-RUN,7,Deterministic same-store continuation row; inspect only if every earlier store_queue_rank family fails.
PRODUCT,TRACE-PILOT-002,TRACE-P002-POOL-DTC,2,P002-DTC-S02,Wicked Clothes,COMPLETE,2026-09-25T18:14:38.575Z,shirts,https://www.wickedclothes.com/collections/t-shirts?sort_by=best-selling,sort_by=best-selling,Best selling,VERIFIED,24,TRACE-P002-OBS-DTC-S02-08,8,jurassic-bloom-shirt,'Jurassic Bloom' Shirt,https://www.wickedclothes.com/products/jurassic-bloom-shirt,,TITLE+RENDERED-THUMBNAIL,CANDIDATE,SURFACE-PASS-DETAIL-NOT-OPENED,Fixed graphic-shirt family survived the basic/title/rendered-thumbnail screen; detail and origin remain pending if reached.,TRACE-P002-OBS-DTC-S02-08,8,NO,,,,,,,NOT-RUN,8,Deterministic same-store continuation row; inspect only if every earlier store_queue_rank family fails.
PRODUCT,TRACE-PILOT-002,TRACE-P002-POOL-DTC,2,P002-DTC-S02,Wicked Clothes,COMPLETE,2026-09-25T18:14:38.575Z,shirts,https://www.wickedclothes.com/collections/t-shirts?sort_by=best-selling,sort_by=best-selling,Best selling,VERIFIED,24,TRACE-P002-OBS-DTC-S02-09,9,the-lovers-shirt,'The Lovers' Shirt,https://www.wickedclothes.com/products/the-lovers-shirt,,TITLE+RENDERED-THUMBNAIL,CANDIDATE,SURFACE-PASS-DETAIL-NOT-OPENED,Fixed graphic-shirt family survived the basic/title/rendered-thumbnail screen; detail and origin remain pending if reached.,TRACE-P002-OBS-DTC-S02-09,9,NO,,,,,,,NOT-RUN,9,Deterministic same-store continuation row; inspect only if every earlier store_queue_rank family fails.
PRODUCT,TRACE-PILOT-002,TRACE-P002-POOL-DTC,2,P002-DTC-S02,Wicked Clothes,COMPLETE,2026-09-25T18:14:38.575Z,shirts,https://www.wickedclothes.com/collections/t-shirts?sort_by=best-selling,sort_by=best-selling,Best selling,VERIFIED,24,TRACE-P002-OBS-DTC-S02-10,10,lets-get-stoned-shirt,'Let's Get Stoned' Shirt,https://www.wickedclothes.com/products/lets-get-stoned-shirt,,TITLE+RENDERED-THUMBNAIL,CANDIDATE,SURFACE-PASS-DETAIL-NOT-OPENED,Fixed graphic-shirt family survived the basic/title/rendered-thumbnail screen; detail and origin remain pending if reached.,TRACE-P002-OBS-DTC-S02-10,10,NO,,,,,,,NOT-RUN,10,Deterministic same-store continuation row; inspect only if every earlier store_queue_rank family fails.
PRODUCT,TRACE-PILOT-002,TRACE-P002-POOL-DTC,2,P002-DTC-S02,Wicked Clothes,COMPLETE,2026-09-25T18:14:38.575Z,shirts,https://www.wickedclothes.com/collections/t-shirts?sort_by=best-selling,sort_by=best-selling,Best selling,VERIFIED,24,TRACE-P002-OBS-DTC-S02-11,11,paranormal-shirt,'Paranormal' Shirt,https://www.wickedclothes.com/products/paranormal-shirt,,TITLE+RENDERED-THUMBNAIL,CANDIDATE,SURFACE-PASS-DETAIL-NOT-OPENED,Fixed graphic-shirt family survived the basic/title/rendered-thumbnail screen; detail and origin remain pending if reached.,TRACE-P002-OBS-DTC-S02-11,11,NO,,,,,,,NOT-RUN,11,Deterministic same-store continuation row; inspect only if every earlier store_queue_rank family fails.
PRODUCT,TRACE-PILOT-002,TRACE-P002-POOL-DTC,2,P002-DTC-S02,Wicked Clothes,COMPLETE,2026-09-25T18:14:38.575Z,shirts,https://www.wickedclothes.com/collections/t-shirts?sort_by=best-selling,sort_by=best-selling,Best selling,VERIFIED,24,TRACE-P002-OBS-DTC-S02-12,12,true-crime-club-shirt,'True Crime Club' Shirt,https://www.wickedclothes.com/products/true-crime-club-shirt,,TITLE+RENDERED-THUMBNAIL,CANDIDATE,SURFACE-PASS-DETAIL-NOT-OPENED,Fixed graphic-shirt family survived the basic/title/rendered-thumbnail screen; detail and origin remain pending if reached.,TRACE-P002-OBS-DTC-S02-12,12,NO,,,,,,,NOT-RUN,12,Deterministic same-store continuation row; inspect only if every earlier store_queue_rank family fails.
PRODUCT,TRACE-PILOT-002,TRACE-P002-POOL-DTC,2,P002-DTC-S02,Wicked Clothes,COMPLETE,2026-09-25T18:14:38.575Z,shirts,https://www.wickedclothes.com/collections/t-shirts?sort_by=best-selling,sort_by=best-selling,Best selling,VERIFIED,24,TRACE-P002-OBS-DTC-S02-13,13,memento-mori-shirt,'Memento Mori' Shirt,https://www.wickedclothes.com/products/memento-mori-shirt,,TITLE+RENDERED-THUMBNAIL,CANDIDATE,SURFACE-PASS-DETAIL-NOT-OPENED,Fixed graphic-shirt family survived the basic/title/rendered-thumbnail screen; detail and origin remain pending if reached.,TRACE-P002-OBS-DTC-S02-13,13,NO,,,,,,,NOT-RUN,13,Deterministic same-store continuation row; inspect only if every earlier store_queue_rank family fails.
PRODUCT,TRACE-PILOT-002,TRACE-P002-POOL-DTC,2,P002-DTC-S02,Wicked Clothes,COMPLETE,2026-09-25T18:14:38.575Z,shirts,https://www.wickedclothes.com/collections/t-shirts?sort_by=best-selling,sort_by=best-selling,Best selling,VERIFIED,24,TRACE-P002-OBS-DTC-S02-14,14,see-you-later-shirt,'See You Later' Shirt,https://www.wickedclothes.com/products/see-you-later-shirt,,TITLE+RENDERED-THUMBNAIL,CANDIDATE,SURFACE-PASS-DETAIL-NOT-OPENED,Fixed graphic-shirt family survived the basic/title/rendered-thumbnail screen; detail and origin remain pending if reached.,TRACE-P002-OBS-DTC-S02-14,14,NO,,,,,,,NOT-RUN,14,Deterministic same-store continuation row; inspect only if every earlier store_queue_rank family fails.
PRODUCT,TRACE-PILOT-002,TRACE-P002-POOL-DTC,2,P002-DTC-S02,Wicked Clothes,COMPLETE,2026-09-25T18:14:38.575Z,shirts,https://www.wickedclothes.com/collections/t-shirts?sort_by=best-selling,sort_by=best-selling,Best selling,VERIFIED,24,TRACE-P002-OBS-DTC-S02-15,15,spooky-boop-shirt,'Spooky Boop' Shirt,https://www.wickedclothes.com/products/spooky-boop-shirt,,TITLE+RENDERED-THUMBNAIL,CANDIDATE,SURFACE-PASS-DETAIL-NOT-OPENED,Fixed graphic-shirt family survived the basic/title/rendered-thumbnail screen; detail and origin remain pending if reached.,TRACE-P002-OBS-DTC-S02-15,15,NO,,,,,,,NOT-RUN,15,Deterministic same-store continuation row; inspect only if every earlier store_queue_rank family fails.
PRODUCT,TRACE-PILOT-002,TRACE-P002-POOL-DTC,2,P002-DTC-S02,Wicked Clothes,COMPLETE,2026-09-25T18:14:38.575Z,shirts,https://www.wickedclothes.com/collections/t-shirts?sort_by=best-selling,sort_by=best-selling,Best selling,VERIFIED,24,TRACE-P002-OBS-DTC-S02-16,16,death-by-pizza-shirt,Death By Pizza' Shirt,https://www.wickedclothes.com/products/death-by-pizza-shirt,,TITLE+RENDERED-THUMBNAIL,CANDIDATE,SURFACE-PASS-DETAIL-NOT-OPENED,Fixed graphic-shirt family survived the basic/title/rendered-thumbnail screen; detail and origin remain pending if reached.,TRACE-P002-OBS-DTC-S02-16,16,NO,,,,,,,NOT-RUN,16,Deterministic same-store continuation row; inspect only if every earlier store_queue_rank family fails.
PRODUCT,TRACE-PILOT-002,TRACE-P002-POOL-DTC,2,P002-DTC-S02,Wicked Clothes,COMPLETE,2026-09-25T18:14:38.575Z,shirts,https://www.wickedclothes.com/collections/t-shirts?sort_by=best-selling,sort_by=best-selling,Best selling,VERIFIED,24,TRACE-P002-OBS-DTC-S02-17,17,everything-is-gonna-be-okay-shirt,'Gonna Be Okay' Shirt,https://www.wickedclothes.com/products/everything-is-gonna-be-okay-shirt,,TITLE+RENDERED-THUMBNAIL,CANDIDATE,SURFACE-PASS-DETAIL-NOT-OPENED,Fixed graphic-shirt family survived the basic/title/rendered-thumbnail screen; detail and origin remain pending if reached.,TRACE-P002-OBS-DTC-S02-17,17,NO,,,,,,,NOT-RUN,17,Deterministic same-store continuation row; inspect only if every earlier store_queue_rank family fails.
PRODUCT,TRACE-PILOT-002,TRACE-P002-POOL-DTC,2,P002-DTC-S02,Wicked Clothes,COMPLETE,2026-09-25T18:14:38.575Z,shirts,https://www.wickedclothes.com/collections/t-shirts?sort_by=best-selling,sort_by=best-selling,Best selling,VERIFIED,24,TRACE-P002-OBS-DTC-S02-18,18,preorder-destroyer-of-worlds-shirt,'Destroyer of Worlds' Shirt,https://www.wickedclothes.com/products/preorder-destroyer-of-worlds-shirt,,TITLE+RENDERED-THUMBNAIL,CANDIDATE,SURFACE-PASS-DETAIL-NOT-OPENED,Fixed graphic-shirt family survived the basic/title/rendered-thumbnail screen; detail and origin remain pending if reached.,TRACE-P002-OBS-DTC-S02-18,18,NO,,,,,,,NOT-RUN,18,Deterministic same-store continuation row; inspect only if every earlier store_queue_rank family fails.
PRODUCT,TRACE-PILOT-002,TRACE-P002-POOL-DTC,2,P002-DTC-S02,Wicked Clothes,COMPLETE,2026-09-25T18:14:38.575Z,shirts,https://www.wickedclothes.com/collections/t-shirts?sort_by=best-selling,sort_by=best-selling,Best selling,VERIFIED,24,TRACE-P002-OBS-DTC-S02-19,19,youve-got-mail-shirt,'You've Got Mail' Shirt,https://www.wickedclothes.com/products/youve-got-mail-shirt,,TITLE+RENDERED-THUMBNAIL,CANDIDATE,SURFACE-PASS-DETAIL-NOT-OPENED,Fixed graphic-shirt family survived the basic/title/rendered-thumbnail screen; detail and origin remain pending if reached.,TRACE-P002-OBS-DTC-S02-19,19,NO,,,,,,,NOT-RUN,19,Deterministic same-store continuation row; inspect only if every earlier store_queue_rank family fails.
PRODUCT,TRACE-PILOT-002,TRACE-P002-POOL-DTC,2,P002-DTC-S02,Wicked Clothes,COMPLETE,2026-09-25T18:14:38.575Z,shirts,https://www.wickedclothes.com/collections/t-shirts?sort_by=best-selling,sort_by=best-selling,Best selling,VERIFIED,24,TRACE-P002-OBS-DTC-S02-20,20,forbidden-cats-shirt,'Forbidden Cats' Shirt,https://www.wickedclothes.com/products/forbidden-cats-shirt,,TITLE+RENDERED-THUMBNAIL,CANDIDATE,SURFACE-PASS-DETAIL-NOT-OPENED,Fixed graphic-shirt family survived the basic/title/rendered-thumbnail screen; detail and origin remain pending if reached.,TRACE-P002-OBS-DTC-S02-20,20,NO,,,,,,,NOT-RUN,20,Deterministic same-store continuation row; inspect only if every earlier store_queue_rank family fails.
PRODUCT,TRACE-PILOT-002,TRACE-P002-POOL-DTC,2,P002-DTC-S02,Wicked Clothes,COMPLETE,2026-09-25T18:14:38.575Z,shirts,https://www.wickedclothes.com/collections/t-shirts?sort_by=best-selling,sort_by=best-selling,Best selling,VERIFIED,24,TRACE-P002-OBS-DTC-S02-21,21,dont-be-a-prick-shirt,'Don't Be A Prick' Shirt,https://www.wickedclothes.com/products/dont-be-a-prick-shirt,,TITLE+RENDERED-THUMBNAIL,CANDIDATE,SURFACE-PASS-DETAIL-NOT-OPENED,Fixed graphic-shirt family survived the basic/title/rendered-thumbnail screen; detail and origin remain pending if reached.,TRACE-P002-OBS-DTC-S02-21,21,NO,,,,,,,NOT-RUN,21,Deterministic same-store continuation row; inspect only if every earlier store_queue_rank family fails.
PRODUCT,TRACE-PILOT-002,TRACE-P002-POOL-DTC,2,P002-DTC-S02,Wicked Clothes,COMPLETE,2026-09-25T18:14:38.575Z,shirts,https://www.wickedclothes.com/collections/t-shirts?sort_by=best-selling,sort_by=best-selling,Best selling,VERIFIED,24,TRACE-P002-OBS-DTC-S02-22,22,live-laugh-love-shirt,'Live Laugh Love' Shirt,https://www.wickedclothes.com/products/live-laugh-love-shirt,,TITLE+RENDERED-THUMBNAIL,CANDIDATE,SURFACE-PASS-DETAIL-NOT-OPENED,Fixed graphic-shirt family survived the basic/title/rendered-thumbnail screen; detail and origin remain pending if reached.,TRACE-P002-OBS-DTC-S02-22,22,NO,,,,,,,NOT-RUN,22,Deterministic same-store continuation row; inspect only if every earlier store_queue_rank family fails.
PRODUCT,TRACE-PILOT-002,TRACE-P002-POOL-DTC,2,P002-DTC-S02,Wicked Clothes,COMPLETE,2026-09-25T18:14:38.575Z,shirts,https://www.wickedclothes.com/collections/t-shirts?sort_by=best-selling,sort_by=best-selling,Best selling,VERIFIED,24,TRACE-P002-OBS-DTC-S02-23,23,catana-shirt,'Catana' Shirt,https://www.wickedclothes.com/products/catana-shirt,,TITLE+RENDERED-THUMBNAIL,CANDIDATE,SURFACE-PASS-DETAIL-NOT-OPENED,Fixed graphic-shirt family survived the basic/title/rendered-thumbnail screen; detail and origin remain pending if reached.,TRACE-P002-OBS-DTC-S02-23,23,NO,,,,,,,NOT-RUN,23,Deterministic same-store continuation row; inspect only if every earlier store_queue_rank family fails.
PRODUCT,TRACE-PILOT-002,TRACE-P002-POOL-DTC,2,P002-DTC-S02,Wicked Clothes,COMPLETE,2026-09-25T18:14:38.575Z,shirts,https://www.wickedclothes.com/collections/t-shirts?sort_by=best-selling,sort_by=best-selling,Best selling,VERIFIED,24,TRACE-P002-OBS-DTC-S02-24,24,the-horrors-are-never-ending-shirt,'The Horrors Are Never Ending' Shirt,https://www.wickedclothes.com/products/the-horrors-are-never-ending-shirt,,TITLE+RENDERED-THUMBNAIL,CANDIDATE,SURFACE-PASS-DETAIL-NOT-OPENED,Fixed graphic-shirt family survived the basic/title/rendered-thumbnail screen; detail and origin remain pending if reached.,TRACE-P002-OBS-DTC-S02-24,24,NO,,,,,,,NOT-RUN,24,Deterministic same-store continuation row; inspect only if every earlier store_queue_rank family fails.
SURFACE,TRACE-PILOT-002,TRACE-P002-POOL-DTC,3,P002-DTC-S03,INTO THE AM,COMPLETE,2026-09-25T18:17:53.345Z,GRAPHIC TEES,https://intotheam.com/collections/mens-graphic-t-shirts?sort_by=best-selling,sort_by=best-selling,Best selling,VERIFIED,24,,,,,,,,,,,,,,,,,,,,,,First 24 products captured from a longer collection.
PRODUCT,TRACE-PILOT-002,TRACE-P002-POOL-DTC,3,P002-DTC-S03,INTO THE AM,COMPLETE,2026-09-25T18:17:53.345Z,GRAPHIC TEES,https://intotheam.com/collections/mens-graphic-t-shirts?sort_by=best-selling,sort_by=best-selling,Best selling,VERIFIED,24,TRACE-P002-OBS-DTC-S03-01,1,lunar-canyon-tee,Lunar Canyon Tee,https://intotheam.com/collections/mens-graphic-t-shirts/products/lunar-canyon-tee?variant=44225029275705,,TITLE+RENDERED-THUMBNAIL,CANDIDATE,ORIGIN-PENDING,Highest-ranked canonical family surviving basic/title/thumbnail Gate 0 in this store.,TRACE-P002-OBS-DTC-S03-01,1,YES,ITEM-STRUCTURED,13700,"Named-product JSON-LD reports 13,700 reviews; visible 14,903-review widget appears catalog-wide and is not used as item count",YES,MEDIUM-CANDIDATE,"Store describes original, hand-drawn artwork made by its illustrator team; origin not independently tested.",NOT-RUN,1,Provisional candidate only; mandatory cross-market origin searches and final Gate 0 remain open; no SDC created.
PRODUCT,TRACE-PILOT-002,TRACE-P002-POOL-DTC,3,P002-DTC-S03,INTO THE AM,COMPLETE,2026-09-25T18:17:53.345Z,GRAPHIC TEES,https://intotheam.com/collections/mens-graphic-t-shirts?sort_by=best-selling,sort_by=best-selling,Best selling,VERIFIED,24,TRACE-P002-OBS-DTC-S03-02,2,eternal-blossom-vintage-tee,Eternal Blossom Vintage Tee,https://intotheam.com/collections/mens-graphic-t-shirts/products/eternal-blossom-vintage-tee,,TITLE+RENDERED-THUMBNAIL,CANDIDATE,SURFACE-PASS-DETAIL-NOT-OPENED,Fixed graphic-shirt family survived the basic/title/rendered-thumbnail screen; detail and origin remain pending if reached.,TRACE-P002-OBS-DTC-S03-02,2,NO,,,,,,,NOT-RUN,2,Deterministic same-store continuation row; inspect only if every earlier store_queue_rank family fails.
PRODUCT,TRACE-PILOT-002,TRACE-P002-POOL-DTC,3,P002-DTC-S03,INTO THE AM,COMPLETE,2026-09-25T18:17:53.345Z,GRAPHIC TEES,https://intotheam.com/collections/mens-graphic-t-shirts?sort_by=best-selling,sort_by=best-selling,Best selling,VERIFIED,24,TRACE-P002-OBS-DTC-S03-03,3,evergreen-vintage-tee,Evergreen Vintage Tee,https://intotheam.com/collections/mens-graphic-t-shirts/products/evergreen-vintage-tee,,TITLE+RENDERED-THUMBNAIL,CANDIDATE,SURFACE-PASS-DETAIL-NOT-OPENED,Fixed graphic-shirt family survived the basic/title/rendered-thumbnail screen; detail and origin remain pending if reached.,TRACE-P002-OBS-DTC-S03-03,3,NO,,,,,,,NOT-RUN,3,Deterministic same-store continuation row; inspect only if every earlier store_queue_rank family fails.
PRODUCT,TRACE-PILOT-002,TRACE-P002-POOL-DTC,3,P002-DTC-S03,INTO THE AM,COMPLETE,2026-09-25T18:17:53.345Z,GRAPHIC TEES,https://intotheam.com/collections/mens-graphic-t-shirts?sort_by=best-selling,sort_by=best-selling,Best selling,VERIFIED,24,TRACE-P002-OBS-DTC-S03-04,4,tropic-night-tee,Tropic Night Tee,https://intotheam.com/collections/mens-graphic-t-shirts/products/tropic-night-tee,,TITLE+RENDERED-THUMBNAIL,CANDIDATE,SURFACE-PASS-DETAIL-NOT-OPENED,Fixed graphic-shirt family survived the basic/title/rendered-thumbnail screen; detail and origin remain pending if reached.,TRACE-P002-OBS-DTC-S03-04,4,NO,,,,,,,NOT-RUN,4,Deterministic same-store continuation row; inspect only if every earlier store_queue_rank family fails.
PRODUCT,TRACE-PILOT-002,TRACE-P002-POOL-DTC,3,P002-DTC-S03,INTO THE AM,COMPLETE,2026-09-25T18:17:53.345Z,GRAPHIC TEES,https://intotheam.com/collections/mens-graphic-t-shirts?sort_by=best-selling,sort_by=best-selling,Best selling,VERIFIED,24,TRACE-P002-OBS-DTC-S03-05,5,wild-retreat-vintage-tee,Wild Retreat Vintage Tee,https://intotheam.com/collections/mens-graphic-t-shirts/products/wild-retreat-vintage-tee,,TITLE+RENDERED-THUMBNAIL,CANDIDATE,SURFACE-PASS-DETAIL-NOT-OPENED,Fixed graphic-shirt family survived the basic/title/rendered-thumbnail screen; detail and origin remain pending if reached.,TRACE-P002-OBS-DTC-S03-05,5,NO,,,,,,,NOT-RUN,5,Deterministic same-store continuation row; inspect only if every earlier store_queue_rank family fails.
PRODUCT,TRACE-PILOT-002,TRACE-P002-POOL-DTC,3,P002-DTC-S03,INTO THE AM,COMPLETE,2026-09-25T18:17:53.345Z,GRAPHIC TEES,https://intotheam.com/collections/mens-graphic-t-shirts?sort_by=best-selling,sort_by=best-selling,Best selling,VERIFIED,24,TRACE-P002-OBS-DTC-S03-06,6,tranquil-ascent-tee,Tranquil Ascent Tee,https://intotheam.com/collections/mens-graphic-t-shirts/products/tranquil-ascent-tee,,TITLE+RENDERED-THUMBNAIL,CANDIDATE,SURFACE-PASS-DETAIL-NOT-OPENED,Fixed graphic-shirt family survived the basic/title/rendered-thumbnail screen; detail and origin remain pending if reached.,TRACE-P002-OBS-DTC-S03-06,6,NO,,,,,,,NOT-RUN,6,Deterministic same-store continuation row; inspect only if every earlier store_queue_rank family fails.
PRODUCT,TRACE-PILOT-002,TRACE-P002-POOL-DTC,3,P002-DTC-S03,INTO THE AM,COMPLETE,2026-09-25T18:17:53.345Z,GRAPHIC TEES,https://intotheam.com/collections/mens-graphic-t-shirts?sort_by=best-selling,sort_by=best-selling,Best selling,VERIFIED,24,TRACE-P002-OBS-DTC-S03-07,7,gleaming-octo-glow-in-the-dark-tee,Gleaming Octo Glow-in-the-Dark Tee,https://intotheam.com/collections/mens-graphic-t-shirts/products/gleaming-octo-glow-in-the-dark-tee,,TITLE+RENDERED-THUMBNAIL,CANDIDATE,SURFACE-PASS-DETAIL-NOT-OPENED,Fixed graphic-shirt family survived the basic/title/rendered-thumbnail screen; detail and origin remain pending if reached.,TRACE-P002-OBS-DTC-S03-07,7,NO,,,,,,,NOT-RUN,7,Deterministic same-store continuation row; inspect only if every earlier store_queue_rank family fails.
PRODUCT,TRACE-PILOT-002,TRACE-P002-POOL-DTC,3,P002-DTC-S03,INTO THE AM,COMPLETE,2026-09-25T18:17:53.345Z,GRAPHIC TEES,https://intotheam.com/collections/mens-graphic-t-shirts?sort_by=best-selling,sort_by=best-selling,Best selling,VERIFIED,24,TRACE-P002-OBS-DTC-S03-08,8,lunar-canyon-tee,Lunar Canyon Tee,https://intotheam.com/collections/mens-graphic-t-shirts/products/lunar-canyon-tee?variant=45643359420473,,TITLE+RENDERED-THUMBNAIL,DUPLICATE-FAMILY,DUPLICATE-FAMILY,Same product handle/family as rank 1,TRACE-P002-OBS-DTC-S03-01,1,NO,,,,,,,NOT-APPLICABLE-DUPLICATE,,No separate family or queue credit.
PRODUCT,TRACE-PILOT-002,TRACE-P002-POOL-DTC,3,P002-DTC-S03,INTO THE AM,COMPLETE,2026-09-25T18:17:53.345Z,GRAPHIC TEES,https://intotheam.com/collections/mens-graphic-t-shirts?sort_by=best-selling,sort_by=best-selling,Best selling,VERIFIED,24,TRACE-P002-OBS-DTC-S03-09,9,dark-samurai-tee,Dark Samurai Tee,https://intotheam.com/collections/mens-graphic-t-shirts/products/dark-samurai-tee,,TITLE+RENDERED-THUMBNAIL,CANDIDATE,SURFACE-PASS-DETAIL-NOT-OPENED,Fixed graphic-shirt family survived the basic/title/rendered-thumbnail screen; detail and origin remain pending if reached.,TRACE-P002-OBS-DTC-S03-09,9,NO,,,,,,,NOT-RUN,8,Deterministic same-store continuation row; inspect only if every earlier store_queue_rank family fails.
PRODUCT,TRACE-PILOT-002,TRACE-P002-POOL-DTC,3,P002-DTC-S03,INTO THE AM,COMPLETE,2026-09-25T18:17:53.345Z,GRAPHIC TEES,https://intotheam.com/collections/mens-graphic-t-shirts?sort_by=best-selling,sort_by=best-selling,Best selling,VERIFIED,24,TRACE-P002-OBS-DTC-S03-10,10,tidal-surge-glow-in-the-dark-tee,Tidal Surge Glow-in-the-Dark Tee,https://intotheam.com/collections/mens-graphic-t-shirts/products/tidal-surge-glow-in-the-dark-tee,,TITLE+RENDERED-THUMBNAIL,CANDIDATE,SURFACE-PASS-DETAIL-NOT-OPENED,Fixed graphic-shirt family survived the basic/title/rendered-thumbnail screen; detail and origin remain pending if reached.,TRACE-P002-OBS-DTC-S03-10,10,NO,,,,,,,NOT-RUN,9,Deterministic same-store continuation row; inspect only if every earlier store_queue_rank family fails.
PRODUCT,TRACE-PILOT-002,TRACE-P002-POOL-DTC,3,P002-DTC-S03,INTO THE AM,COMPLETE,2026-09-25T18:17:53.345Z,GRAPHIC TEES,https://intotheam.com/collections/mens-graphic-t-shirts?sort_by=best-selling,sort_by=best-selling,Best selling,VERIFIED,24,TRACE-P002-OBS-DTC-S03-11,11,astral-departure-glow-in-the-dark-tee,Astral Departure Glow-in-the-Dark Tee,https://intotheam.com/collections/mens-graphic-t-shirts/products/astral-departure-glow-in-the-dark-tee,,TITLE+RENDERED-THUMBNAIL,CANDIDATE,SURFACE-PASS-DETAIL-NOT-OPENED,Fixed graphic-shirt family survived the basic/title/rendered-thumbnail screen; detail and origin remain pending if reached.,TRACE-P002-OBS-DTC-S03-11,11,NO,,,,,,,NOT-RUN,10,Deterministic same-store continuation row; inspect only if every earlier store_queue_rank family fails.
PRODUCT,TRACE-PILOT-002,TRACE-P002-POOL-DTC,3,P002-DTC-S03,INTO THE AM,COMPLETE,2026-09-25T18:17:53.345Z,GRAPHIC TEES,https://intotheam.com/collections/mens-graphic-t-shirts?sort_by=best-selling,sort_by=best-selling,Best selling,VERIFIED,24,TRACE-P002-OBS-DTC-S03-12,12,split-nature-tee,Split Nature Tee,https://intotheam.com/collections/mens-graphic-t-shirts/products/split-nature-tee?variant=45934490124345,,TITLE+RENDERED-THUMBNAIL,CANDIDATE,SURFACE-PASS-DETAIL-NOT-OPENED,Fixed graphic-shirt family survived the basic/title/rendered-thumbnail screen; detail and origin remain pending if reached.,TRACE-P002-OBS-DTC-S03-12,12,NO,,,,,,,NOT-RUN,11,Deterministic same-store continuation row; inspect only if every earlier store_queue_rank family fails.
PRODUCT,TRACE-PILOT-002,TRACE-P002-POOL-DTC,3,P002-DTC-S03,INTO THE AM,COMPLETE,2026-09-25T18:17:53.345Z,GRAPHIC TEES,https://intotheam.com/collections/mens-graphic-t-shirts?sort_by=best-selling,sort_by=best-selling,Best selling,VERIFIED,24,TRACE-P002-OBS-DTC-S03-13,13,life-after-tee,Life After Tee,https://intotheam.com/collections/mens-graphic-t-shirts/products/life-after-tee,,TITLE+RENDERED-THUMBNAIL,CANDIDATE,SURFACE-PASS-DETAIL-NOT-OPENED,Fixed graphic-shirt family survived the basic/title/rendered-thumbnail screen; detail and origin remain pending if reached.,TRACE-P002-OBS-DTC-S03-13,13,NO,,,,,,,NOT-RUN,12,Deterministic same-store continuation row; inspect only if every earlier store_queue_rank family fails.
PRODUCT,TRACE-PILOT-002,TRACE-P002-POOL-DTC,3,P002-DTC-S03,INTO THE AM,COMPLETE,2026-09-25T18:17:53.345Z,GRAPHIC TEES,https://intotheam.com/collections/mens-graphic-t-shirts?sort_by=best-selling,sort_by=best-selling,Best selling,VERIFIED,24,TRACE-P002-OBS-DTC-S03-14,14,toxic-dread-glow-in-the-dark-tee,Toxic Dread Glow-in-the-Dark Tee,https://intotheam.com/collections/mens-graphic-t-shirts/products/toxic-dread-glow-in-the-dark-tee,,TITLE+RENDERED-THUMBNAIL,CANDIDATE,SURFACE-PASS-DETAIL-NOT-OPENED,Fixed graphic-shirt family survived the basic/title/rendered-thumbnail screen; detail and origin remain pending if reached.,TRACE-P002-OBS-DTC-S03-14,14,NO,,,,,,,NOT-RUN,13,Deterministic same-store continuation row; inspect only if every earlier store_queue_rank family fails.
PRODUCT,TRACE-PILOT-002,TRACE-P002-POOL-DTC,3,P002-DTC-S03,INTO THE AM,COMPLETE,2026-09-25T18:17:53.345Z,GRAPHIC TEES,https://intotheam.com/collections/mens-graphic-t-shirts?sort_by=best-selling,sort_by=best-selling,Best selling,VERIFIED,24,TRACE-P002-OBS-DTC-S03-15,15,event-horizon-glow-in-the-dark-tee,Event Horizon Glow-in-the-Dark Tee,https://intotheam.com/collections/mens-graphic-t-shirts/products/event-horizon-glow-in-the-dark-tee,,TITLE+RENDERED-THUMBNAIL,CANDIDATE,SURFACE-PASS-DETAIL-NOT-OPENED,Fixed graphic-shirt family survived the basic/title/rendered-thumbnail screen; detail and origin remain pending if reached.,TRACE-P002-OBS-DTC-S03-15,15,NO,,,,,,,NOT-RUN,14,Deterministic same-store continuation row; inspect only if every earlier store_queue_rank family fails.
PRODUCT,TRACE-PILOT-002,TRACE-P002-POOL-DTC,3,P002-DTC-S03,INTO THE AM,COMPLETE,2026-09-25T18:17:53.345Z,GRAPHIC TEES,https://intotheam.com/collections/mens-graphic-t-shirts?sort_by=best-selling,sort_by=best-selling,Best selling,VERIFIED,24,TRACE-P002-OBS-DTC-S03-16,16,ancient-fury-glow-in-the-dark-tee,Ancient Fury Glow-in-the-Dark Tee,https://intotheam.com/collections/mens-graphic-t-shirts/products/ancient-fury-glow-in-the-dark-tee,,TITLE+RENDERED-THUMBNAIL,CANDIDATE,SURFACE-PASS-DETAIL-NOT-OPENED,Fixed graphic-shirt family survived the basic/title/rendered-thumbnail screen; detail and origin remain pending if reached.,TRACE-P002-OBS-DTC-S03-16,16,NO,,,,,,,NOT-RUN,15,Deterministic same-store continuation row; inspect only if every earlier store_queue_rank family fails.
PRODUCT,TRACE-PILOT-002,TRACE-P002-POOL-DTC,3,P002-DTC-S03,INTO THE AM,COMPLETE,2026-09-25T18:17:53.345Z,GRAPHIC TEES,https://intotheam.com/collections/mens-graphic-t-shirts?sort_by=best-selling,sort_by=best-selling,Best selling,VERIFIED,24,TRACE-P002-OBS-DTC-S03-17,17,midnight-bloom-tee,Midnight Bloom Tee,https://intotheam.com/collections/mens-graphic-t-shirts/products/midnight-bloom-tee,,TITLE+RENDERED-THUMBNAIL,CANDIDATE,SURFACE-PASS-DETAIL-NOT-OPENED,Fixed graphic-shirt family survived the basic/title/rendered-thumbnail screen; detail and origin remain pending if reached.,TRACE-P002-OBS-DTC-S03-17,17,NO,,,,,,,NOT-RUN,16,Deterministic same-store continuation row; inspect only if every earlier store_queue_rank family fails.
PRODUCT,TRACE-PILOT-002,TRACE-P002-POOL-DTC,3,P002-DTC-S03,INTO THE AM,COMPLETE,2026-09-25T18:17:53.345Z,GRAPHIC TEES,https://intotheam.com/collections/mens-graphic-t-shirts?sort_by=best-selling,sort_by=best-selling,Best selling,VERIFIED,24,TRACE-P002-OBS-DTC-S03-18,18,no-return-tee,No Return Tee,https://intotheam.com/collections/mens-graphic-t-shirts/products/no-return-tee,,TITLE+RENDERED-THUMBNAIL,CANDIDATE,SURFACE-PASS-DETAIL-NOT-OPENED,Fixed graphic-shirt family survived the basic/title/rendered-thumbnail screen; detail and origin remain pending if reached.,TRACE-P002-OBS-DTC-S03-18,18,NO,,,,,,,NOT-RUN,17,Deterministic same-store continuation row; inspect only if every earlier store_queue_rank family fails.
PRODUCT,TRACE-PILOT-002,TRACE-P002-POOL-DTC,3,P002-DTC-S03,INTO THE AM,COMPLETE,2026-09-25T18:17:53.345Z,GRAPHIC TEES,https://intotheam.com/collections/mens-graphic-t-shirts?sort_by=best-selling,sort_by=best-selling,Best selling,VERIFIED,24,TRACE-P002-OBS-DTC-S03-19,19,split-nature-tee,Split Nature Tee,https://intotheam.com/collections/mens-graphic-t-shirts/products/split-nature-tee?variant=45229826080825,,TITLE+RENDERED-THUMBNAIL,DUPLICATE-FAMILY,DUPLICATE-FAMILY,Same product handle/family as rank 12,TRACE-P002-OBS-DTC-S03-12,12,NO,,,,,,,NOT-APPLICABLE-DUPLICATE,,No separate family or queue credit.
PRODUCT,TRACE-PILOT-002,TRACE-P002-POOL-DTC,3,P002-DTC-S03,INTO THE AM,COMPLETE,2026-09-25T18:17:53.345Z,GRAPHIC TEES,https://intotheam.com/collections/mens-graphic-t-shirts?sort_by=best-selling,sort_by=best-selling,Best selling,VERIFIED,24,TRACE-P002-OBS-DTC-S03-20,20,eternal-blossom-tee,Eternal Blossom Tee,https://intotheam.com/collections/mens-graphic-t-shirts/products/eternal-blossom-tee,,TITLE+RENDERED-THUMBNAIL,CANDIDATE,SURFACE-PASS-DETAIL-NOT-OPENED,Fixed graphic-shirt family survived the basic/title/rendered-thumbnail screen; detail and origin remain pending if reached.,TRACE-P002-OBS-DTC-S03-20,20,NO,,,,,,,NOT-RUN,18,Deterministic same-store continuation row; inspect only if every earlier store_queue_rank family fails.
PRODUCT,TRACE-PILOT-002,TRACE-P002-POOL-DTC,3,P002-DTC-S03,INTO THE AM,COMPLETE,2026-09-25T18:17:53.345Z,GRAPHIC TEES,https://intotheam.com/collections/mens-graphic-t-shirts?sort_by=best-selling,sort_by=best-selling,Best selling,VERIFIED,24,TRACE-P002-OBS-DTC-S03-21,21,golden-reflections-vintage-tee,Golden Reflections Vintage Tee,https://intotheam.com/collections/mens-graphic-t-shirts/products/golden-reflections-vintage-tee,,TITLE+RENDERED-THUMBNAIL,CANDIDATE,SURFACE-PASS-DETAIL-NOT-OPENED,Fixed graphic-shirt family survived the basic/title/rendered-thumbnail screen; detail and origin remain pending if reached.,TRACE-P002-OBS-DTC-S03-21,21,NO,,,,,,,NOT-RUN,19,Deterministic same-store continuation row; inspect only if every earlier store_queue_rank family fails.
PRODUCT,TRACE-PILOT-002,TRACE-P002-POOL-DTC,3,P002-DTC-S03,INTO THE AM,COMPLETE,2026-09-25T18:17:53.345Z,GRAPHIC TEES,https://intotheam.com/collections/mens-graphic-t-shirts?sort_by=best-selling,sort_by=best-selling,Best selling,VERIFIED,24,TRACE-P002-OBS-DTC-S03-22,22,bone-blossom-tee,Bone Blossom Tee,https://intotheam.com/collections/mens-graphic-t-shirts/products/bone-blossom-tee,,TITLE+RENDERED-THUMBNAIL,CANDIDATE,SURFACE-PASS-DETAIL-NOT-OPENED,Fixed graphic-shirt family survived the basic/title/rendered-thumbnail screen; detail and origin remain pending if reached.,TRACE-P002-OBS-DTC-S03-22,22,NO,,,,,,,NOT-RUN,20,Deterministic same-store continuation row; inspect only if every earlier store_queue_rank family fails.
PRODUCT,TRACE-PILOT-002,TRACE-P002-POOL-DTC,3,P002-DTC-S03,INTO THE AM,COMPLETE,2026-09-25T18:17:53.345Z,GRAPHIC TEES,https://intotheam.com/collections/mens-graphic-t-shirts?sort_by=best-selling,sort_by=best-selling,Best selling,VERIFIED,24,TRACE-P002-OBS-DTC-S03-23,23,tidal-rise-vintage-tee,Tidal Rise Vintage Tee,https://intotheam.com/collections/mens-graphic-t-shirts/products/tidal-rise-vintage-tee,,TITLE+RENDERED-THUMBNAIL,CANDIDATE,SURFACE-PASS-DETAIL-NOT-OPENED,Fixed graphic-shirt family survived the basic/title/rendered-thumbnail screen; detail and origin remain pending if reached.,TRACE-P002-OBS-DTC-S03-23,23,NO,,,,,,,NOT-RUN,21,Deterministic same-store continuation row; inspect only if every earlier store_queue_rank family fails.
PRODUCT,TRACE-PILOT-002,TRACE-P002-POOL-DTC,3,P002-DTC-S03,INTO THE AM,COMPLETE,2026-09-25T18:17:53.345Z,GRAPHIC TEES,https://intotheam.com/collections/mens-graphic-t-shirts?sort_by=best-selling,sort_by=best-selling,Best selling,VERIFIED,24,TRACE-P002-OBS-DTC-S03-24,24,infinite-horizon-glow-in-the-dark-tee,Infinite Horizon Glow-in-the-Dark Tee,https://intotheam.com/collections/mens-graphic-t-shirts/products/infinite-horizon-glow-in-the-dark-tee,,TITLE+RENDERED-THUMBNAIL,CANDIDATE,SURFACE-PASS-DETAIL-NOT-OPENED,Fixed graphic-shirt family survived the basic/title/rendered-thumbnail screen; detail and origin remain pending if reached.,TRACE-P002-OBS-DTC-S03-24,24,NO,,,,,,,NOT-RUN,22,Deterministic same-store continuation row; inspect only if every earlier store_queue_rank family fails.
SURFACE,TRACE-PILOT-002,TRACE-P002-POOL-DTC,4,P002-DTC-S04,Solid Threads,COMPLETE,2026-09-25T18:19:12.057Z,Men’s T-Shirts | Funny Vintage Graphic Tees,https://solidthreads.com/collections/mens-t-shirts?sort_by=best-selling,sort_by=best-selling,Best selling,VERIFIED,24,,,,,,,,,,,,,,,,,,,,,,First 24 products captured from a longer collection.
PRODUCT,TRACE-PILOT-002,TRACE-P002-POOL-DTC,4,P002-DTC-S04,Solid Threads,COMPLETE,2026-09-25T18:19:12.057Z,Men’s T-Shirts | Funny Vintage Graphic Tees,https://solidthreads.com/collections/mens-t-shirts?sort_by=best-selling,sort_by=best-selling,Best selling,VERIFIED,24,TRACE-P002-OBS-DTC-S04-01,1,f-bombs-t-shirt,F Bombs Signature T-Shirt,https://solidthreads.com/collections/mens-t-shirts/products/f-bombs-t-shirt,,TITLE+RENDERED-THUMBNAIL,CANDIDATE,ORIGIN-PENDING,Highest-ranked canonical family surviving basic/title/thumbnail Gate 0 in this store.,TRACE-P002-OBS-DTC-S04-01,1,YES,ITEM-VISIBLE,13,"Product review widget shows 13 reviews; a separate 83-review label conflicts, so the exact widget count is retained conservatively",YES,MEDIUM-CANDIDATE,Store states it creates original designs; origin not independently tested.,NOT-RUN,1,Provisional candidate only; mandatory cross-market origin searches and final Gate 0 remain open; no SDC created.
PRODUCT,TRACE-PILOT-002,TRACE-P002-POOL-DTC,4,P002-DTC-S04,Solid Threads,COMPLETE,2026-09-25T18:19:12.057Z,Men’s T-Shirts | Funny Vintage Graphic Tees,https://solidthreads.com/collections/mens-t-shirts?sort_by=best-selling,sort_by=best-selling,Best selling,VERIFIED,24,TRACE-P002-OBS-DTC-S04-02,2,bad-ass-cool-tee-funny-donkey-t-shirt,Bad Ass Signature T-Shirt,https://solidthreads.com/collections/mens-t-shirts/products/bad-ass-cool-tee-funny-donkey-t-shirt,,TITLE+RENDERED-THUMBNAIL,CANDIDATE,SURFACE-PASS-DETAIL-NOT-OPENED,Fixed graphic-shirt family survived the basic/title/rendered-thumbnail screen; detail and origin remain pending if reached.,TRACE-P002-OBS-DTC-S04-02,2,NO,,,,,,,NOT-RUN,2,Deterministic same-store continuation row; inspect only if every earlier store_queue_rank family fails.
PRODUCT,TRACE-PILOT-002,TRACE-P002-POOL-DTC,4,P002-DTC-S04,Solid Threads,COMPLETE,2026-09-25T18:19:12.057Z,Men’s T-Shirts | Funny Vintage Graphic Tees,https://solidthreads.com/collections/mens-t-shirts?sort_by=best-selling,sort_by=best-selling,Best selling,VERIFIED,24,TRACE-P002-OBS-DTC-S04-03,3,teen-wolf-t-shirt,Teen Wolf Signature T-Shirt,https://solidthreads.com/collections/mens-t-shirts/products/teen-wolf-t-shirt,,TITLE+RENDERED-THUMBNAIL,IP-EXCLUDED,IP-EXCLUDED,Named Teen Wolf entertainment-property dependency,TRACE-P002-OBS-DTC-S04-03,3,NO,,,,,,,NOT-APPLICABLE-EXCLUDED,,Gate 0 contamination-control screen; not an infringement or legal conclusion.
PRODUCT,TRACE-PILOT-002,TRACE-P002-POOL-DTC,4,P002-DTC-S04,Solid Threads,COMPLETE,2026-09-25T18:19:12.057Z,Men’s T-Shirts | Funny Vintage Graphic Tees,https://solidthreads.com/collections/mens-t-shirts?sort_by=best-selling,sort_by=best-selling,Best selling,VERIFIED,24,TRACE-P002-OBS-DTC-S04-04,4,take-it-slow-vintage-graphic-tee-animal-turtle-mindfulness-t-shirt,Take It Slow Signature T-Shirt,https://solidthreads.com/collections/mens-t-shirts/products/take-it-slow-vintage-graphic-tee-animal-turtle-mindfulness-t-shirt,,TITLE+RENDERED-THUMBNAIL,CANDIDATE,SURFACE-PASS-DETAIL-NOT-OPENED,Fixed graphic-shirt family survived the basic/title/rendered-thumbnail screen; detail and origin remain pending if reached.,TRACE-P002-OBS-DTC-S04-04,4,NO,,,,,,,NOT-RUN,3,Deterministic same-store continuation row; inspect only if every earlier store_queue_rank family fails.
PRODUCT,TRACE-PILOT-002,TRACE-P002-POOL-DTC,4,P002-DTC-S04,Solid Threads,COMPLETE,2026-09-25T18:19:12.057Z,Men’s T-Shirts | Funny Vintage Graphic Tees,https://solidthreads.com/collections/mens-t-shirts?sort_by=best-selling,sort_by=best-selling,Best selling,VERIFIED,24,TRACE-P002-OBS-DTC-S04-05,5,easy-e-vintage-graphic-tee-sports-new-york-giants-t-shirt,Easy E Signature T-Shirt,https://solidthreads.com/collections/mens-t-shirts/products/easy-e-vintage-graphic-tee-sports-new-york-giants-t-shirt,,TITLE+RENDERED-THUMBNAIL,IP-EXCLUDED,IP-EXCLUDED,Named public-figure/performer dependency,TRACE-P002-OBS-DTC-S04-05,5,NO,,,,,,,NOT-APPLICABLE-EXCLUDED,,Gate 0 contamination-control screen; not an infringement or legal conclusion.
PRODUCT,TRACE-PILOT-002,TRACE-P002-POOL-DTC,4,P002-DTC-S04,Solid Threads,COMPLETE,2026-09-25T18:19:12.057Z,Men’s T-Shirts | Funny Vintage Graphic Tees,https://solidthreads.com/collections/mens-t-shirts?sort_by=best-selling,sort_by=best-selling,Best selling,VERIFIED,24,TRACE-P002-OBS-DTC-S04-06,6,whats-crackin-t-shirt,What's Crackin Signature T-Shirt,https://solidthreads.com/collections/mens-t-shirts/products/whats-crackin-t-shirt,,TITLE+RENDERED-THUMBNAIL,CANDIDATE,SURFACE-PASS-DETAIL-NOT-OPENED,Fixed graphic-shirt family survived the basic/title/rendered-thumbnail screen; detail and origin remain pending if reached.,TRACE-P002-OBS-DTC-S04-06,6,NO,,,,,,,NOT-RUN,4,Deterministic same-store continuation row; inspect only if every earlier store_queue_rank family fails.
PRODUCT,TRACE-PILOT-002,TRACE-P002-POOL-DTC,4,P002-DTC-S04,Solid Threads,COMPLETE,2026-09-25T18:19:12.057Z,Men’s T-Shirts | Funny Vintage Graphic Tees,https://solidthreads.com/collections/mens-t-shirts?sort_by=best-selling,sort_by=best-selling,Best selling,VERIFIED,24,TRACE-P002-OBS-DTC-S04-07,7,whiskey-helps-t-shirt,Whiskey Helps Signature T-Shirt,https://solidthreads.com/collections/mens-t-shirts/products/whiskey-helps-t-shirt,,TITLE+RENDERED-THUMBNAIL,CANDIDATE,SURFACE-PASS-DETAIL-NOT-OPENED,Fixed graphic-shirt family survived the basic/title/rendered-thumbnail screen; detail and origin remain pending if reached.,TRACE-P002-OBS-DTC-S04-07,7,NO,,,,,,,NOT-RUN,5,Deterministic same-store continuation row; inspect only if every earlier store_queue_rank family fails.
PRODUCT,TRACE-PILOT-002,TRACE-P002-POOL-DTC,4,P002-DTC-S04,Solid Threads,COMPLETE,2026-09-25T18:19:12.057Z,Men’s T-Shirts | Funny Vintage Graphic Tees,https://solidthreads.com/collections/mens-t-shirts?sort_by=best-selling,sort_by=best-selling,Best selling,VERIFIED,24,TRACE-P002-OBS-DTC-S04-08,8,jesus-is-my-lift-ticket-t-shirt,Jesus Is My Lift Ticket Signature T-Shirt,https://solidthreads.com/collections/mens-t-shirts/products/jesus-is-my-lift-ticket-t-shirt,,TITLE+RENDERED-THUMBNAIL,CANDIDATE,SURFACE-PASS-DETAIL-NOT-OPENED,Fixed graphic-shirt family survived the basic/title/rendered-thumbnail screen; detail and origin remain pending if reached.,TRACE-P002-OBS-DTC-S04-08,8,NO,,,,,,,NOT-RUN,6,Deterministic same-store continuation row; inspect only if every earlier store_queue_rank family fails.
PRODUCT,TRACE-PILOT-002,TRACE-P002-POOL-DTC,4,P002-DTC-S04,Solid Threads,COMPLETE,2026-09-25T18:19:12.057Z,Men’s T-Shirts | Funny Vintage Graphic Tees,https://solidthreads.com/collections/mens-t-shirts?sort_by=best-selling,sort_by=best-selling,Best selling,VERIFIED,24,TRACE-P002-OBS-DTC-S04-09,9,boozehound-brewing-co-t-shirt,Boozehound Brewing Co. Signature T-Shirt,https://solidthreads.com/collections/mens-t-shirts/products/boozehound-brewing-co-t-shirt,,TITLE+RENDERED-THUMBNAIL,CANDIDATE,SURFACE-PASS-DETAIL-NOT-OPENED,Fixed graphic-shirt family survived the basic/title/rendered-thumbnail screen; detail and origin remain pending if reached.,TRACE-P002-OBS-DTC-S04-09,9,NO,,,,,,,NOT-RUN,7,Deterministic same-store continuation row; inspect only if every earlier store_queue_rank family fails.
PRODUCT,TRACE-PILOT-002,TRACE-P002-POOL-DTC,4,P002-DTC-S04,Solid Threads,COMPLETE,2026-09-25T18:19:12.057Z,Men’s T-Shirts | Funny Vintage Graphic Tees,https://solidthreads.com/collections/mens-t-shirts?sort_by=best-selling,sort_by=best-selling,Best selling,VERIFIED,24,TRACE-P002-OBS-DTC-S04-10,10,photosynthesis-t-shirt,Photosynthesis is Fun Signature T-Shirt,https://solidthreads.com/collections/mens-t-shirts/products/photosynthesis-t-shirt,,TITLE+RENDERED-THUMBNAIL,CANDIDATE,SURFACE-PASS-DETAIL-NOT-OPENED,Fixed graphic-shirt family survived the basic/title/rendered-thumbnail screen; detail and origin remain pending if reached.,TRACE-P002-OBS-DTC-S04-10,10,NO,,,,,,,NOT-RUN,8,Deterministic same-store continuation row; inspect only if every earlier store_queue_rank family fails.
PRODUCT,TRACE-PILOT-002,TRACE-P002-POOL-DTC,4,P002-DTC-S04,Solid Threads,COMPLETE,2026-09-25T18:19:12.057Z,Men’s T-Shirts | Funny Vintage Graphic Tees,https://solidthreads.com/collections/mens-t-shirts?sort_by=best-selling,sort_by=best-selling,Best selling,VERIFIED,24,TRACE-P002-OBS-DTC-S04-11,11,slow-down-t-shirt,Slow Down Signature T-Shirt,https://solidthreads.com/collections/mens-t-shirts/products/slow-down-t-shirt,,TITLE+RENDERED-THUMBNAIL,CANDIDATE,SURFACE-PASS-DETAIL-NOT-OPENED,Fixed graphic-shirt family survived the basic/title/rendered-thumbnail screen; detail and origin remain pending if reached.,TRACE-P002-OBS-DTC-S04-11,11,NO,,,,,,,NOT-RUN,9,Deterministic same-store continuation row; inspect only if every earlier store_queue_rank family fails.
PRODUCT,TRACE-PILOT-002,TRACE-P002-POOL-DTC,4,P002-DTC-S04,Solid Threads,COMPLETE,2026-09-25T18:19:12.057Z,Men’s T-Shirts | Funny Vintage Graphic Tees,https://solidthreads.com/collections/mens-t-shirts?sort_by=best-selling,sort_by=best-selling,Best selling,VERIFIED,24,TRACE-P002-OBS-DTC-S04-12,12,thats-bananas-vintage-funny-tee-fruit-food-t-shirt,That's Bananas Signature T-Shirt,https://solidthreads.com/collections/mens-t-shirts/products/thats-bananas-vintage-funny-tee-fruit-food-t-shirt,,TITLE+RENDERED-THUMBNAIL,CANDIDATE,SURFACE-PASS-DETAIL-NOT-OPENED,Fixed graphic-shirt family survived the basic/title/rendered-thumbnail screen; detail and origin remain pending if reached.,TRACE-P002-OBS-DTC-S04-12,12,NO,,,,,,,NOT-RUN,10,Deterministic same-store continuation row; inspect only if every earlier store_queue_rank family fails.
PRODUCT,TRACE-PILOT-002,TRACE-P002-POOL-DTC,4,P002-DTC-S04,Solid Threads,COMPLETE,2026-09-25T18:19:12.057Z,Men’s T-Shirts | Funny Vintage Graphic Tees,https://solidthreads.com/collections/mens-t-shirts?sort_by=best-selling,sort_by=best-selling,Best selling,VERIFIED,24,TRACE-P002-OBS-DTC-S04-13,13,swirly-mountains-vintage-inspired-tee-shirt-with-cool-nature-graphic,Swirly Mountains Signature T-Shirt,https://solidthreads.com/collections/mens-t-shirts/products/swirly-mountains-vintage-inspired-tee-shirt-with-cool-nature-graphic,,TITLE+RENDERED-THUMBNAIL,CANDIDATE,SURFACE-PASS-DETAIL-NOT-OPENED,Fixed graphic-shirt family survived the basic/title/rendered-thumbnail screen; detail and origin remain pending if reached.,TRACE-P002-OBS-DTC-S04-13,13,NO,,,,,,,NOT-RUN,11,Deterministic same-store continuation row; inspect only if every earlier store_queue_rank family fails.
PRODUCT,TRACE-PILOT-002,TRACE-P002-POOL-DTC,4,P002-DTC-S04,Solid Threads,COMPLETE,2026-09-25T18:19:12.057Z,Men’s T-Shirts | Funny Vintage Graphic Tees,https://solidthreads.com/collections/mens-t-shirts?sort_by=best-selling,sort_by=best-selling,Best selling,VERIFIED,24,TRACE-P002-OBS-DTC-S04-14,14,tequila-skull-t-shirt,Tequila Skull Signature T-Shirt,https://solidthreads.com/collections/mens-t-shirts/products/tequila-skull-t-shirt,,TITLE+RENDERED-THUMBNAIL,CANDIDATE,SURFACE-PASS-DETAIL-NOT-OPENED,Fixed graphic-shirt family survived the basic/title/rendered-thumbnail screen; detail and origin remain pending if reached.,TRACE-P002-OBS-DTC-S04-14,14,NO,,,,,,,NOT-RUN,12,Deterministic same-store continuation row; inspect only if every earlier store_queue_rank family fails.
PRODUCT,TRACE-PILOT-002,TRACE-P002-POOL-DTC,4,P002-DTC-S04,Solid Threads,COMPLETE,2026-09-25T18:19:12.057Z,Men’s T-Shirts | Funny Vintage Graphic Tees,https://solidthreads.com/collections/mens-t-shirts?sort_by=best-selling,sort_by=best-selling,Best selling,VERIFIED,24,TRACE-P002-OBS-DTC-S04-15,15,the-dude-abides-t-shirt,Dude Abides Signature T-Shirt,https://solidthreads.com/collections/mens-t-shirts/products/the-dude-abides-t-shirt,,TITLE+RENDERED-THUMBNAIL,IP-EXCLUDED,IP-EXCLUDED,Recognizable The Big Lebowski expression,TRACE-P002-OBS-DTC-S04-15,15,NO,,,,,,,NOT-APPLICABLE-EXCLUDED,,Gate 0 contamination-control screen; not an infringement or legal conclusion.
PRODUCT,TRACE-PILOT-002,TRACE-P002-POOL-DTC,4,P002-DTC-S04,Solid Threads,COMPLETE,2026-09-25T18:19:12.057Z,Men’s T-Shirts | Funny Vintage Graphic Tees,https://solidthreads.com/collections/mens-t-shirts?sort_by=best-selling,sort_by=best-selling,Best selling,VERIFIED,24,TRACE-P002-OBS-DTC-S04-16,16,how-you-lichen-me-now-graphic-t-shirt-funny-nature-tee,How You Lichen Me Now T-Shirt,https://solidthreads.com/collections/mens-t-shirts/products/how-you-lichen-me-now-graphic-t-shirt-funny-nature-tee,,TITLE+RENDERED-THUMBNAIL,CANDIDATE,SURFACE-PASS-DETAIL-NOT-OPENED,Fixed graphic-shirt family survived the basic/title/rendered-thumbnail screen; detail and origin remain pending if reached.,TRACE-P002-OBS-DTC-S04-16,16,NO,,,,,,,NOT-RUN,13,Deterministic same-store continuation row; inspect only if every earlier store_queue_rank family fails.
PRODUCT,TRACE-PILOT-002,TRACE-P002-POOL-DTC,4,P002-DTC-S04,Solid Threads,COMPLETE,2026-09-25T18:19:12.057Z,Men’s T-Shirts | Funny Vintage Graphic Tees,https://solidthreads.com/collections/mens-t-shirts?sort_by=best-selling,sort_by=best-selling,Best selling,VERIFIED,24,TRACE-P002-OBS-DTC-S04-17,17,sunset-vintage-inspired-tee-shirt-with-cool-mountain-forest-graphic,Sunset Mountains Signature T-Shirt,https://solidthreads.com/collections/mens-t-shirts/products/sunset-vintage-inspired-tee-shirt-with-cool-mountain-forest-graphic,,TITLE+RENDERED-THUMBNAIL,CANDIDATE,SURFACE-PASS-DETAIL-NOT-OPENED,Fixed graphic-shirt family survived the basic/title/rendered-thumbnail screen; detail and origin remain pending if reached.,TRACE-P002-OBS-DTC-S04-17,17,NO,,,,,,,NOT-RUN,14,Deterministic same-store continuation row; inspect only if every earlier store_queue_rank family fails.
PRODUCT,TRACE-PILOT-002,TRACE-P002-POOL-DTC,4,P002-DTC-S04,Solid Threads,COMPLETE,2026-09-25T18:19:12.057Z,Men’s T-Shirts | Funny Vintage Graphic Tees,https://solidthreads.com/collections/mens-t-shirts?sort_by=best-selling,sort_by=best-selling,Best selling,VERIFIED,24,TRACE-P002-OBS-DTC-S04-18,18,sunday-funday-graphic-t-shirt-vintage-drinking-tee,Sunday Funday Signature T-Shirt,https://solidthreads.com/collections/mens-t-shirts/products/sunday-funday-graphic-t-shirt-vintage-drinking-tee,,TITLE+RENDERED-THUMBNAIL,CANDIDATE,SURFACE-PASS-DETAIL-NOT-OPENED,Fixed graphic-shirt family survived the basic/title/rendered-thumbnail screen; detail and origin remain pending if reached.,TRACE-P002-OBS-DTC-S04-18,18,NO,,,,,,,NOT-RUN,15,Deterministic same-store continuation row; inspect only if every earlier store_queue_rank family fails.
PRODUCT,TRACE-PILOT-002,TRACE-P002-POOL-DTC,4,P002-DTC-S04,Solid Threads,COMPLETE,2026-09-25T18:19:12.057Z,Men’s T-Shirts | Funny Vintage Graphic Tees,https://solidthreads.com/collections/mens-t-shirts?sort_by=best-selling,sort_by=best-selling,Best selling,VERIFIED,24,TRACE-P002-OBS-DTC-S04-19,19,squirrelzilla-graphic-t-shirt-funny-godzilla-pun-kaiju-tee,Squirrelzilla Signature T-Shirt,https://solidthreads.com/collections/mens-t-shirts/products/squirrelzilla-graphic-t-shirt-funny-godzilla-pun-kaiju-tee,,TITLE+RENDERED-THUMBNAIL,IP-EXCLUDED,IP-EXCLUDED,Godzilla-dependent Squirrelzilla parody,TRACE-P002-OBS-DTC-S04-19,19,NO,,,,,,,NOT-APPLICABLE-EXCLUDED,,Gate 0 contamination-control screen; not an infringement or legal conclusion.
PRODUCT,TRACE-PILOT-002,TRACE-P002-POOL-DTC,4,P002-DTC-S04,Solid Threads,COMPLETE,2026-09-25T18:19:12.057Z,Men’s T-Shirts | Funny Vintage Graphic Tees,https://solidthreads.com/collections/mens-t-shirts?sort_by=best-selling,sort_by=best-selling,Best selling,VERIFIED,24,TRACE-P002-OBS-DTC-S04-20,20,nice-hammered-t-shirt,Nice & Hammered Signature T-Shirt,https://solidthreads.com/collections/mens-t-shirts/products/nice-hammered-t-shirt,,TITLE+RENDERED-THUMBNAIL,CANDIDATE,SURFACE-PASS-DETAIL-NOT-OPENED,Fixed graphic-shirt family survived the basic/title/rendered-thumbnail screen; detail and origin remain pending if reached.,TRACE-P002-OBS-DTC-S04-20,20,NO,,,,,,,NOT-RUN,16,Deterministic same-store continuation row; inspect only if every earlier store_queue_rank family fails.
PRODUCT,TRACE-PILOT-002,TRACE-P002-POOL-DTC,4,P002-DTC-S04,Solid Threads,COMPLETE,2026-09-25T18:19:12.057Z,Men’s T-Shirts | Funny Vintage Graphic Tees,https://solidthreads.com/collections/mens-t-shirts?sort_by=best-selling,sort_by=best-selling,Best selling,VERIFIED,24,TRACE-P002-OBS-DTC-S04-21,21,holy-guacamole-t-shirt,Holy Guacamole Signature T-Shirt,https://solidthreads.com/collections/mens-t-shirts/products/holy-guacamole-t-shirt,,TITLE+RENDERED-THUMBNAIL,CANDIDATE,SURFACE-PASS-DETAIL-NOT-OPENED,Fixed graphic-shirt family survived the basic/title/rendered-thumbnail screen; detail and origin remain pending if reached.,TRACE-P002-OBS-DTC-S04-21,21,NO,,,,,,,NOT-RUN,17,Deterministic same-store continuation row; inspect only if every earlier store_queue_rank family fails.
PRODUCT,TRACE-PILOT-002,TRACE-P002-POOL-DTC,4,P002-DTC-S04,Solid Threads,COMPLETE,2026-09-25T18:19:12.057Z,Men’s T-Shirts | Funny Vintage Graphic Tees,https://solidthreads.com/collections/mens-t-shirts?sort_by=best-selling,sort_by=best-selling,Best selling,VERIFIED,24,TRACE-P002-OBS-DTC-S04-22,22,stay-cool-graphic-t-shirt-vintage-summer-drinking-tee,Stay Cool Signature T-Shirt,https://solidthreads.com/collections/mens-t-shirts/products/stay-cool-graphic-t-shirt-vintage-summer-drinking-tee,,TITLE+RENDERED-THUMBNAIL,CANDIDATE,SURFACE-PASS-DETAIL-NOT-OPENED,Fixed graphic-shirt family survived the basic/title/rendered-thumbnail screen; detail and origin remain pending if reached.,TRACE-P002-OBS-DTC-S04-22,22,NO,,,,,,,NOT-RUN,18,Deterministic same-store continuation row; inspect only if every earlier store_queue_rank family fails.
PRODUCT,TRACE-PILOT-002,TRACE-P002-POOL-DTC,4,P002-DTC-S04,Solid Threads,COMPLETE,2026-09-25T18:19:12.057Z,Men’s T-Shirts | Funny Vintage Graphic Tees,https://solidthreads.com/collections/mens-t-shirts?sort_by=best-selling,sort_by=best-selling,Best selling,VERIFIED,24,TRACE-P002-OBS-DTC-S04-23,23,im-a-drinker-not-a-fighter-t-shirt,I'm a Drinker Not a Fighter Signature T-Shirt,https://solidthreads.com/collections/mens-t-shirts/products/im-a-drinker-not-a-fighter-t-shirt,,TITLE+RENDERED-THUMBNAIL,CANDIDATE,SURFACE-PASS-DETAIL-NOT-OPENED,Fixed graphic-shirt family survived the basic/title/rendered-thumbnail screen; detail and origin remain pending if reached.,TRACE-P002-OBS-DTC-S04-23,23,NO,,,,,,,NOT-RUN,19,Deterministic same-store continuation row; inspect only if every earlier store_queue_rank family fails.
PRODUCT,TRACE-PILOT-002,TRACE-P002-POOL-DTC,4,P002-DTC-S04,Solid Threads,COMPLETE,2026-09-25T18:19:12.057Z,Men’s T-Shirts | Funny Vintage Graphic Tees,https://solidthreads.com/collections/mens-t-shirts?sort_by=best-selling,sort_by=best-selling,Best selling,VERIFIED,24,TRACE-P002-OBS-DTC-S04-24,24,later-gator-vintage-graphic-tee-funny-alligator-t-shirt,Later Gator Signature T-Shirt,https://solidthreads.com/collections/mens-t-shirts/products/later-gator-vintage-graphic-tee-funny-alligator-t-shirt,,TITLE+RENDERED-THUMBNAIL,CANDIDATE,SURFACE-PASS-DETAIL-NOT-OPENED,Fixed graphic-shirt family survived the basic/title/rendered-thumbnail screen; detail and origin remain pending if reached.,TRACE-P002-OBS-DTC-S04-24,24,NO,,,,,,,NOT-RUN,20,Deterministic same-store continuation row; inspect only if every earlier store_queue_rank family fails.
SURFACE,TRACE-PILOT-002,TRACE-P002-POOL-DTC,5,P002-DTC-S05,Crazy Dog T-Shirts,COMPLETE,2026-09-25T18:20:07.804Z,CRAZY SHIRTS,https://www.crazydogtshirts.com/collections/crazy-shirts?sort_by=best-selling,sort_by=best-selling,Best selling,VERIFIED,24,,,,,,,,,,,,,,,,,,,,,,First 24 products captured from a longer collection.
PRODUCT,TRACE-PILOT-002,TRACE-P002-POOL-DTC,5,P002-DTC-S05,Crazy Dog T-Shirts,COMPLETE,2026-09-25T18:20:07.804Z,CRAZY SHIRTS,https://www.crazydogtshirts.com/collections/crazy-shirts?sort_by=best-selling,sort_by=best-selling,Best selling,VERIFIED,24,TRACE-P002-OBS-DTC-S05-01,1,ask-me-about-my-ninja-disguise-shirt,Ask Me About My Ninja Disguise Flip Men's T Shirt,https://www.crazydogtshirts.com/products/ask-me-about-my-ninja-disguise-shirt,,TITLE+RENDERED-THUMBNAIL,CANDIDATE,ORIGIN-PENDING,Highest-ranked canonical family surviving basic/title/thumbnail Gate 0 in this store.,TRACE-P002-OBS-DTC-S05-01,1,YES,ITEM-VISIBLE,7,Seven visible product-specific reviews and named-product structured rating,YES,LOW-CANDIDATE,No explicit candidate-level artist or authorship claim was found; origin not independently tested.,NOT-RUN,1,Provisional candidate only; mandatory cross-market origin searches and final Gate 0 remain open; no SDC created.
PRODUCT,TRACE-PILOT-002,TRACE-P002-POOL-DTC,5,P002-DTC-S05,Crazy Dog T-Shirts,COMPLETE,2026-09-25T18:20:07.804Z,CRAZY SHIRTS,https://www.crazydogtshirts.com/collections/crazy-shirts?sort_by=best-selling,sort_by=best-selling,Best selling,VERIFIED,24,TRACE-P002-OBS-DTC-S05-02,2,mens-cant-work-today-arm-is-in-a-cast-tshirt-funny-fathers-day-fishing-tee-for-guys,Can't Work Today My Arm Is In A Cast Men's T Shirt,https://www.crazydogtshirts.com/products/mens-cant-work-today-arm-is-in-a-cast-tshirt-funny-fathers-day-fishing-tee-for-guys,,TITLE+RENDERED-THUMBNAIL,CANDIDATE,SURFACE-PASS-DETAIL-NOT-OPENED,Fixed graphic-shirt family survived the basic/title/rendered-thumbnail screen; detail and origin remain pending if reached.,TRACE-P002-OBS-DTC-S05-02,2,NO,,,,,,,NOT-RUN,2,Deterministic same-store continuation row; inspect only if every earlier store_queue_rank family fails.
PRODUCT,TRACE-PILOT-002,TRACE-P002-POOL-DTC,5,P002-DTC-S05,Crazy Dog T-Shirts,COMPLETE,2026-09-25T18:20:07.804Z,CRAZY SHIRTS,https://www.crazydogtshirts.com/collections/crazy-shirts?sort_by=best-selling,sort_by=best-selling,Best selling,VERIFIED,24,TRACE-P002-OBS-DTC-S05-03,3,that-soulds-like-a-horrible-idea-what-time-mens-tshirt,That Sounds Like A Horrible Idea. What Time? Men's T Shirt,https://www.crazydogtshirts.com/products/that-soulds-like-a-horrible-idea-what-time-mens-tshirt,,TITLE+RENDERED-THUMBNAIL,CANDIDATE,SURFACE-PASS-DETAIL-NOT-OPENED,Fixed graphic-shirt family survived the basic/title/rendered-thumbnail screen; detail and origin remain pending if reached.,TRACE-P002-OBS-DTC-S05-03,3,NO,,,,,,,NOT-RUN,3,Deterministic same-store continuation row; inspect only if every earlier store_queue_rank family fails.
PRODUCT,TRACE-PILOT-002,TRACE-P002-POOL-DTC,5,P002-DTC-S05,Crazy Dog T-Shirts,COMPLETE,2026-09-25T18:20:07.804Z,CRAZY SHIRTS,https://www.crazydogtshirts.com/collections/crazy-shirts?sort_by=best-selling,sort_by=best-selling,Best selling,VERIFIED,24,TRACE-P002-OBS-DTC-S05-04,4,fitness-taco-in-my-mouth-t-shirt,Fitness Taco In My Mouth Men's T Shirt,https://www.crazydogtshirts.com/products/fitness-taco-in-my-mouth-t-shirt,,TITLE+RENDERED-THUMBNAIL,CANDIDATE,SURFACE-PASS-DETAIL-NOT-OPENED,Fixed graphic-shirt family survived the basic/title/rendered-thumbnail screen; detail and origin remain pending if reached.,TRACE-P002-OBS-DTC-S05-04,4,NO,,,,,,,NOT-RUN,4,Deterministic same-store continuation row; inspect only if every earlier store_queue_rank family fails.
PRODUCT,TRACE-PILOT-002,TRACE-P002-POOL-DTC,5,P002-DTC-S05,Crazy Dog T-Shirts,COMPLETE,2026-09-25T18:20:07.804Z,CRAZY SHIRTS,https://www.crazydogtshirts.com/collections/crazy-shirts?sort_by=best-selling,sort_by=best-selling,Best selling,VERIFIED,24,TRACE-P002-OBS-DTC-S05-05,5,with-a-body-like-this-who-needs-hair-mens-tshirt,With A Body Like This Who Needs Hair Men's T Shirt,https://www.crazydogtshirts.com/products/with-a-body-like-this-who-needs-hair-mens-tshirt,,TITLE+RENDERED-THUMBNAIL,CANDIDATE,SURFACE-PASS-DETAIL-NOT-OPENED,Fixed graphic-shirt family survived the basic/title/rendered-thumbnail screen; detail and origin remain pending if reached.,TRACE-P002-OBS-DTC-S05-05,5,NO,,,,,,,NOT-RUN,5,Deterministic same-store continuation row; inspect only if every earlier store_queue_rank family fails.
PRODUCT,TRACE-PILOT-002,TRACE-P002-POOL-DTC,5,P002-DTC-S05,Crazy Dog T-Shirts,COMPLETE,2026-09-25T18:20:07.804Z,CRAZY SHIRTS,https://www.crazydogtshirts.com/collections/crazy-shirts?sort_by=best-selling,sort_by=best-selling,Best selling,VERIFIED,24,TRACE-P002-OBS-DTC-S05-06,6,talk-to-myself-t-shirt,"Of Course I Talk To Myself, I Need Expert Advice Men's T Shirt",https://www.crazydogtshirts.com/products/talk-to-myself-t-shirt,,TITLE+RENDERED-THUMBNAIL,CANDIDATE,SURFACE-PASS-DETAIL-NOT-OPENED,Fixed graphic-shirt family survived the basic/title/rendered-thumbnail screen; detail and origin remain pending if reached.,TRACE-P002-OBS-DTC-S05-06,6,NO,,,,,,,NOT-RUN,6,Deterministic same-store continuation row; inspect only if every earlier store_queue_rank family fails.
PRODUCT,TRACE-PILOT-002,TRACE-P002-POOL-DTC,5,P002-DTC-S05,Crazy Dog T-Shirts,COMPLETE,2026-09-25T18:20:07.804Z,CRAZY SHIRTS,https://www.crazydogtshirts.com/collections/crazy-shirts?sort_by=best-selling,sort_by=best-selling,Best selling,VERIFIED,24,TRACE-P002-OBS-DTC-S05-07,7,awesome-like-my-daughter-mens-tshirt,Awesome Like My Daughter Men's T Shirt,https://www.crazydogtshirts.com/products/awesome-like-my-daughter-mens-tshirt,,TITLE+RENDERED-THUMBNAIL,CANDIDATE,SURFACE-PASS-DETAIL-NOT-OPENED,Fixed graphic-shirt family survived the basic/title/rendered-thumbnail screen; detail and origin remain pending if reached.,TRACE-P002-OBS-DTC-S05-07,7,NO,,,,,,,NOT-RUN,7,Deterministic same-store continuation row; inspect only if every earlier store_queue_rank family fails.
PRODUCT,TRACE-PILOT-002,TRACE-P002-POOL-DTC,5,P002-DTC-S05,Crazy Dog T-Shirts,COMPLETE,2026-09-25T18:20:07.804Z,CRAZY SHIRTS,https://www.crazydogtshirts.com/collections/crazy-shirts?sort_by=best-selling,sort_by=best-selling,Best selling,VERIFIED,24,TRACE-P002-OBS-DTC-S05-08,8,hide-and-seek-champion-mens-tshirt,Hide And Seek Champion Men's T Shirt,https://www.crazydogtshirts.com/products/hide-and-seek-champion-mens-tshirt,,TITLE+RENDERED-THUMBNAIL,CANDIDATE,SURFACE-PASS-DETAIL-NOT-OPENED,Fixed graphic-shirt family survived the basic/title/rendered-thumbnail screen; detail and origin remain pending if reached.,TRACE-P002-OBS-DTC-S05-08,8,NO,,,,,,,NOT-RUN,8,Deterministic same-store continuation row; inspect only if every earlier store_queue_rank family fails.
PRODUCT,TRACE-PILOT-002,TRACE-P002-POOL-DTC,5,P002-DTC-S05,Crazy Dog T-Shirts,COMPLETE,2026-09-25T18:20:07.804Z,CRAZY SHIRTS,https://www.crazydogtshirts.com/collections/crazy-shirts?sort_by=best-selling,sort_by=best-selling,Best selling,VERIFIED,24,TRACE-P002-OBS-DTC-S05-09,9,i-like-coffee-and-maybe-3-people-mens-tshirt,I Like Coffee And Maybe 3 People Men's T Shirt,https://www.crazydogtshirts.com/products/i-like-coffee-and-maybe-3-people-mens-tshirt,,TITLE+RENDERED-THUMBNAIL,CANDIDATE,SURFACE-PASS-DETAIL-NOT-OPENED,Fixed graphic-shirt family survived the basic/title/rendered-thumbnail screen; detail and origin remain pending if reached.,TRACE-P002-OBS-DTC-S05-09,9,NO,,,,,,,NOT-RUN,9,Deterministic same-store continuation row; inspect only if every earlier store_queue_rank family fails.
PRODUCT,TRACE-PILOT-002,TRACE-P002-POOL-DTC,5,P002-DTC-S05,Crazy Dog T-Shirts,COMPLETE,2026-09-25T18:20:07.804Z,CRAZY SHIRTS,https://www.crazydogtshirts.com/collections/crazy-shirts?sort_by=best-selling,sort_by=best-selling,Best selling,VERIFIED,24,TRACE-P002-OBS-DTC-S05-10,10,world-s-greatest-farter-father-t-shirt,World's Greatest Farter Father Men's T Shirt,https://www.crazydogtshirts.com/products/world-s-greatest-farter-father-t-shirt,,TITLE+RENDERED-THUMBNAIL,CANDIDATE,SURFACE-PASS-DETAIL-NOT-OPENED,Fixed graphic-shirt family survived the basic/title/rendered-thumbnail screen; detail and origin remain pending if reached.,TRACE-P002-OBS-DTC-S05-10,10,NO,,,,,,,NOT-RUN,10,Deterministic same-store continuation row; inspect only if every earlier store_queue_rank family fails.
PRODUCT,TRACE-PILOT-002,TRACE-P002-POOL-DTC,5,P002-DTC-S05,Crazy Dog T-Shirts,COMPLETE,2026-09-25T18:20:07.804Z,CRAZY SHIRTS,https://www.crazydogtshirts.com/collections/crazy-shirts?sort_by=best-selling,sort_by=best-selling,Best selling,VERIFIED,24,TRACE-P002-OBS-DTC-S05-11,11,mens-my-favorite-people-call-me-papa-tshirt-funny-fathers-day-tee-for-guys,My Favorite People Call Me Papa Men's T Shirt,https://www.crazydogtshirts.com/products/mens-my-favorite-people-call-me-papa-tshirt-funny-fathers-day-tee-for-guys,,TITLE+RENDERED-THUMBNAIL,CANDIDATE,SURFACE-PASS-DETAIL-NOT-OPENED,Fixed graphic-shirt family survived the basic/title/rendered-thumbnail screen; detail and origin remain pending if reached.,TRACE-P002-OBS-DTC-S05-11,11,NO,,,,,,,NOT-RUN,11,Deterministic same-store continuation row; inspect only if every earlier store_queue_rank family fails.
PRODUCT,TRACE-PILOT-002,TRACE-P002-POOL-DTC,5,P002-DTC-S05,Crazy Dog T-Shirts,COMPLETE,2026-09-25T18:20:07.804Z,CRAZY SHIRTS,https://www.crazydogtshirts.com/collections/crazy-shirts?sort_by=best-selling,sort_by=best-selling,Best selling,VERIFIED,24,TRACE-P002-OBS-DTC-S05-12,12,wonder-if-beer-thinks-about-me-t-shirt,Wonder if Beer Thinks About Me Men's T Shirt,https://www.crazydogtshirts.com/products/wonder-if-beer-thinks-about-me-t-shirt,,TITLE+RENDERED-THUMBNAIL,CANDIDATE,SURFACE-PASS-DETAIL-NOT-OPENED,Fixed graphic-shirt family survived the basic/title/rendered-thumbnail screen; detail and origin remain pending if reached.,TRACE-P002-OBS-DTC-S05-12,12,NO,,,,,,,NOT-RUN,12,Deterministic same-store continuation row; inspect only if every earlier store_queue_rank family fails.
PRODUCT,TRACE-PILOT-002,TRACE-P002-POOL-DTC,5,P002-DTC-S05,Crazy Dog T-Shirts,COMPLETE,2026-09-25T18:20:07.804Z,CRAZY SHIRTS,https://www.crazydogtshirts.com/collections/crazy-shirts?sort_by=best-selling,sort_by=best-selling,Best selling,VERIFIED,24,TRACE-P002-OBS-DTC-S05-13,13,science-like-magic-but-real-mens-tshirt,Science: Like Magic But Real Men's T Shirt,https://www.crazydogtshirts.com/products/science-like-magic-but-real-mens-tshirt,,TITLE+RENDERED-THUMBNAIL,CANDIDATE,SURFACE-PASS-DETAIL-NOT-OPENED,Fixed graphic-shirt family survived the basic/title/rendered-thumbnail screen; detail and origin remain pending if reached.,TRACE-P002-OBS-DTC-S05-13,13,NO,,,,,,,NOT-RUN,13,Deterministic same-store continuation row; inspect only if every earlier store_queue_rank family fails.
PRODUCT,TRACE-PILOT-002,TRACE-P002-POOL-DTC,5,P002-DTC-S05,Crazy Dog T-Shirts,COMPLETE,2026-09-25T18:20:07.804Z,CRAZY SHIRTS,https://www.crazydogtshirts.com/collections/crazy-shirts?sort_by=best-selling,sort_by=best-selling,Best selling,VERIFIED,24,TRACE-P002-OBS-DTC-S05-14,14,silently-correcting-your-grammar-t-shirt,I'm Silently Correcting Your Grammar Men's T Shirt,https://www.crazydogtshirts.com/products/silently-correcting-your-grammar-t-shirt,,TITLE+RENDERED-THUMBNAIL,CANDIDATE,SURFACE-PASS-DETAIL-NOT-OPENED,Fixed graphic-shirt family survived the basic/title/rendered-thumbnail screen; detail and origin remain pending if reached.,TRACE-P002-OBS-DTC-S05-14,14,NO,,,,,,,NOT-RUN,14,Deterministic same-store continuation row; inspect only if every earlier store_queue_rank family fails.
PRODUCT,TRACE-PILOT-002,TRACE-P002-POOL-DTC,5,P002-DTC-S05,Crazy Dog T-Shirts,COMPLETE,2026-09-25T18:20:07.804Z,CRAZY SHIRTS,https://www.crazydogtshirts.com/collections/crazy-shirts?sort_by=best-selling,sort_by=best-selling,Best selling,VERIFIED,24,TRACE-P002-OBS-DTC-S05-15,15,okayest-brother-shirt,World's Okayest Brother Men's T Shirt,https://www.crazydogtshirts.com/products/okayest-brother-shirt,,TITLE+RENDERED-THUMBNAIL,CANDIDATE,SURFACE-PASS-DETAIL-NOT-OPENED,Fixed graphic-shirt family survived the basic/title/rendered-thumbnail screen; detail and origin remain pending if reached.,TRACE-P002-OBS-DTC-S05-15,15,NO,,,,,,,NOT-RUN,15,Deterministic same-store continuation row; inspect only if every earlier store_queue_rank family fails.
PRODUCT,TRACE-PILOT-002,TRACE-P002-POOL-DTC,5,P002-DTC-S05,Crazy Dog T-Shirts,COMPLETE,2026-09-25T18:20:07.804Z,CRAZY SHIRTS,https://www.crazydogtshirts.com/collections/crazy-shirts?sort_by=best-selling,sort_by=best-selling,Best selling,VERIFIED,24,TRACE-P002-OBS-DTC-S05-16,16,bushwood-country-club-t-shirt,Bushwood Country Club Men's T Shirt,https://www.crazydogtshirts.com/products/bushwood-country-club-t-shirt,,TITLE+RENDERED-THUMBNAIL,IP-EXCLUDED,IP-EXCLUDED,Bushwood Country Club is Caddyshack-dependent,TRACE-P002-OBS-DTC-S05-16,16,NO,,,,,,,NOT-APPLICABLE-EXCLUDED,,Gate 0 contamination-control screen; not an infringement or legal conclusion.
PRODUCT,TRACE-PILOT-002,TRACE-P002-POOL-DTC,5,P002-DTC-S05,Crazy Dog T-Shirts,COMPLETE,2026-09-25T18:20:07.804Z,CRAZY SHIRTS,https://www.crazydogtshirts.com/collections/crazy-shirts?sort_by=best-selling,sort_by=best-selling,Best selling,VERIFIED,24,TRACE-P002-OBS-DTC-S05-17,17,mens-im-hiding-camo-tee-shirt-funny-sarcastic-military-tee-for-guys,I'm Hiding Men's T Shirt,https://www.crazydogtshirts.com/products/mens-im-hiding-camo-tee-shirt-funny-sarcastic-military-tee-for-guys,,TITLE+RENDERED-THUMBNAIL,CANDIDATE,SURFACE-PASS-DETAIL-NOT-OPENED,Fixed graphic-shirt family survived the basic/title/rendered-thumbnail screen; detail and origin remain pending if reached.,TRACE-P002-OBS-DTC-S05-17,17,NO,,,,,,,NOT-RUN,16,Deterministic same-store continuation row; inspect only if every earlier store_queue_rank family fails.
PRODUCT,TRACE-PILOT-002,TRACE-P002-POOL-DTC,5,P002-DTC-S05,Crazy Dog T-Shirts,COMPLETE,2026-09-25T18:20:07.804Z,CRAZY SHIRTS,https://www.crazydogtshirts.com/collections/crazy-shirts?sort_by=best-selling,sort_by=best-selling,Best selling,VERIFIED,24,TRACE-P002-OBS-DTC-S05-18,18,surely-not-everybody-was-kung-fu-fighting-mens-tshirt,Surely Not Everybody Was Kung Fu Fighting Men's T Shirt,https://www.crazydogtshirts.com/products/surely-not-everybody-was-kung-fu-fighting-mens-tshirt,,TITLE+RENDERED-THUMBNAIL,IP-EXCLUDED,IP-EXCLUDED,Recognizable song-lyric dependency,TRACE-P002-OBS-DTC-S05-18,18,NO,,,,,,,NOT-APPLICABLE-EXCLUDED,,Gate 0 contamination-control screen; not an infringement or legal conclusion.
PRODUCT,TRACE-PILOT-002,TRACE-P002-POOL-DTC,5,P002-DTC-S05,Crazy Dog T-Shirts,COMPLETE,2026-09-25T18:20:07.804Z,CRAZY SHIRTS,https://www.crazydogtshirts.com/collections/crazy-shirts?sort_by=best-selling,sort_by=best-selling,Best selling,VERIFIED,24,TRACE-P002-OBS-DTC-S05-19,19,touch-down-baseball-bat-t-shirt,Touch Down Baseball Bat Men's T Shirt,https://www.crazydogtshirts.com/products/touch-down-baseball-bat-t-shirt,,TITLE+RENDERED-THUMBNAIL,CANDIDATE,SURFACE-PASS-DETAIL-NOT-OPENED,Fixed graphic-shirt family survived the basic/title/rendered-thumbnail screen; detail and origin remain pending if reached.,TRACE-P002-OBS-DTC-S05-19,19,NO,,,,,,,NOT-RUN,17,Deterministic same-store continuation row; inspect only if every earlier store_queue_rank family fails.
PRODUCT,TRACE-PILOT-002,TRACE-P002-POOL-DTC,5,P002-DTC-S05,Crazy Dog T-Shirts,COMPLETE,2026-09-25T18:20:07.804Z,CRAZY SHIRTS,https://www.crazydogtshirts.com/collections/crazy-shirts?sort_by=best-selling,sort_by=best-selling,Best selling,VERIFIED,24,TRACE-P002-OBS-DTC-S05-20,20,hold-on-let-me-overthink-this-mens-tshirt,Hold On Let Me Overthink This Men's T Shirt,https://www.crazydogtshirts.com/products/hold-on-let-me-overthink-this-mens-tshirt,,TITLE+RENDERED-THUMBNAIL,CANDIDATE,SURFACE-PASS-DETAIL-NOT-OPENED,Fixed graphic-shirt family survived the basic/title/rendered-thumbnail screen; detail and origin remain pending if reached.,TRACE-P002-OBS-DTC-S05-20,20,NO,,,,,,,NOT-RUN,18,Deterministic same-store continuation row; inspect only if every earlier store_queue_rank family fails.
PRODUCT,TRACE-PILOT-002,TRACE-P002-POOL-DTC,5,P002-DTC-S05,Crazy Dog T-Shirts,COMPLETE,2026-09-25T18:20:07.804Z,CRAZY SHIRTS,https://www.crazydogtshirts.com/collections/crazy-shirts?sort_by=best-selling,sort_by=best-selling,Best selling,VERIFIED,24,TRACE-P002-OBS-DTC-S05-21,21,mens-body-by-bacon-t-shirt-funny-bacon-eating-shirt-bacon-lovers-tee,Body By Bacon Men's T Shirt,https://www.crazydogtshirts.com/products/mens-body-by-bacon-t-shirt-funny-bacon-eating-shirt-bacon-lovers-tee,,TITLE+RENDERED-THUMBNAIL,CANDIDATE,SURFACE-PASS-DETAIL-NOT-OPENED,Fixed graphic-shirt family survived the basic/title/rendered-thumbnail screen; detail and origin remain pending if reached.,TRACE-P002-OBS-DTC-S05-21,21,NO,,,,,,,NOT-RUN,19,Deterministic same-store continuation row; inspect only if every earlier store_queue_rank family fails.
PRODUCT,TRACE-PILOT-002,TRACE-P002-POOL-DTC,5,P002-DTC-S05,Crazy Dog T-Shirts,COMPLETE,2026-09-25T18:20:07.804Z,CRAZY SHIRTS,https://www.crazydogtshirts.com/collections/crazy-shirts?sort_by=best-selling,sort_by=best-selling,Best selling,VERIFIED,24,TRACE-P002-OBS-DTC-S05-22,22,smart-ass-university-t-shirt-funny-college-shirt-sarcastic-tee-school-shirt,Smart Ass University Men's T Shirt,https://www.crazydogtshirts.com/products/smart-ass-university-t-shirt-funny-college-shirt-sarcastic-tee-school-shirt,,TITLE+RENDERED-THUMBNAIL,CANDIDATE,SURFACE-PASS-DETAIL-NOT-OPENED,Fixed graphic-shirt family survived the basic/title/rendered-thumbnail screen; detail and origin remain pending if reached.,TRACE-P002-OBS-DTC-S05-22,22,NO,,,,,,,NOT-RUN,20,Deterministic same-store continuation row; inspect only if every earlier store_queue_rank family fails.
PRODUCT,TRACE-PILOT-002,TRACE-P002-POOL-DTC,5,P002-DTC-S05,Crazy Dog T-Shirts,COMPLETE,2026-09-25T18:20:07.804Z,CRAZY SHIRTS,https://www.crazydogtshirts.com/collections/crazy-shirts?sort_by=best-selling,sort_by=best-selling,Best selling,VERIFIED,24,TRACE-P002-OBS-DTC-S05-23,23,you-re-killin-me-smalls-t-shirt,You're Killing Me Smalls Men's T Shirt,https://www.crazydogtshirts.com/products/you-re-killin-me-smalls-t-shirt,,TITLE+RENDERED-THUMBNAIL,IP-EXCLUDED,IP-EXCLUDED,Recognizable The Sandlot expression,TRACE-P002-OBS-DTC-S05-23,23,NO,,,,,,,NOT-APPLICABLE-EXCLUDED,,Gate 0 contamination-control screen; not an infringement or legal conclusion.
PRODUCT,TRACE-PILOT-002,TRACE-P002-POOL-DTC,5,P002-DTC-S05,Crazy Dog T-Shirts,COMPLETE,2026-09-25T18:20:07.804Z,CRAZY SHIRTS,https://www.crazydogtshirts.com/collections/crazy-shirts?sort_by=best-selling,sort_by=best-selling,Best selling,VERIFIED,24,TRACE-P002-OBS-DTC-S05-24,24,pick-up-chicks-mens-tshirt,Pick Up Chicks Men's T Shirt,https://www.crazydogtshirts.com/products/pick-up-chicks-mens-tshirt,,TITLE+RENDERED-THUMBNAIL,CANDIDATE,SURFACE-PASS-DETAIL-NOT-OPENED,Fixed graphic-shirt family survived the basic/title/rendered-thumbnail screen; detail and origin remain pending if reached.,TRACE-P002-OBS-DTC-S05-24,24,NO,,,,,,,NOT-RUN,21,Deterministic same-store continuation row; inspect only if every earlier store_queue_rank family fails.
SURFACE,TRACE-PILOT-002,TRACE-P002-POOL-DTC,6,P002-DTC-S06,AukCliff,COMPLETE,2026-09-25T18:20:56.547Z,T-shirts,https://aukcliff.com/collections/explore-the-great-outdoors-with-t-shirts?sort_by=best-selling,sort_by=best-selling,Best selling,VERIFIED,24,,,,,,,,,,,,,,,,,,,,,,Complete 24-product collection captured.
PRODUCT,TRACE-PILOT-002,TRACE-P002-POOL-DTC,6,P002-DTC-S06,AukCliff,COMPLETE,2026-09-25T18:20:56.547Z,T-shirts,https://aukcliff.com/collections/explore-the-great-outdoors-with-t-shirts?sort_by=best-selling,sort_by=best-selling,Best selling,VERIFIED,24,TRACE-P002-OBS-DTC-S06-01,1,simple-t-shirt,Simple,https://aukcliff.com/products/simple-t-shirt,,TITLE+RENDERED-THUMBNAIL,PRODUCT-EXCLUDED,PRODUCT-EXCLUDED,Basic house-mark tee; product page calls it Our own mark and the plainest thing we make,TRACE-P002-OBS-DTC-S06-01,1,YES,,,,,,,NOT-APPLICABLE-EXCLUDED,,Gate 0 contamination-control screen; not an infringement or legal conclusion.
PRODUCT,TRACE-PILOT-002,TRACE-P002-POOL-DTC,6,P002-DTC-S06,AukCliff,COMPLETE,2026-09-25T18:20:56.547Z,T-shirts,https://aukcliff.com/collections/explore-the-great-outdoors-with-t-shirts?sort_by=best-selling,sort_by=best-selling,Best selling,VERIFIED,24,TRACE-P002-OBS-DTC-S06-02,2,coastal-waves-t-shirt,Coastal Waves,https://aukcliff.com/products/coastal-waves-t-shirt,,TITLE+RENDERED-THUMBNAIL,CANDIDATE,ORIGIN-PENDING,Highest-ranked canonical family surviving basic/title/thumbnail Gate 0 in this store.,TRACE-P002-OBS-DTC-S06-02,2,YES,ITEM-STRUCTURED,4,Named-product JSON-LD reports four reviews; 830-review display is explicitly across the shop and is not counted as item reviews,YES,HIGH-CANDIDATE,Store says artist made and that designs are made by the store; origin not independently tested.,NOT-RUN,1,Provisional candidate only; mandatory cross-market origin searches and final Gate 0 remain open; no SDC created.
PRODUCT,TRACE-PILOT-002,TRACE-P002-POOL-DTC,6,P002-DTC-S06,AukCliff,COMPLETE,2026-09-25T18:20:56.547Z,T-shirts,https://aukcliff.com/collections/explore-the-great-outdoors-with-t-shirts?sort_by=best-selling,sort_by=best-selling,Best selling,VERIFIED,24,TRACE-P002-OBS-DTC-S06-03,3,captain-puffin-wildlife-photographer-t-shirt,Captain Puffin Wildlife Photographer,https://aukcliff.com/products/captain-puffin-wildlife-photographer-t-shirt,,TITLE+RENDERED-THUMBNAIL,CANDIDATE,SURFACE-PASS-DETAIL-NOT-OPENED,Fixed graphic-shirt family survived the basic/title/rendered-thumbnail screen; detail and origin remain pending if reached.,TRACE-P002-OBS-DTC-S06-03,3,NO,,,,,,,NOT-RUN,2,Deterministic same-store continuation row; inspect only if every earlier store_queue_rank family fails.
PRODUCT,TRACE-PILOT-002,TRACE-P002-POOL-DTC,6,P002-DTC-S06,AukCliff,COMPLETE,2026-09-25T18:20:56.547Z,T-shirts,https://aukcliff.com/collections/explore-the-great-outdoors-with-t-shirts?sort_by=best-selling,sort_by=best-selling,Best selling,VERIFIED,24,TRACE-P002-OBS-DTC-S06-04,4,captain-puffin-hiker-t-shirt,Captain Puffin Hiker,https://aukcliff.com/products/captain-puffin-hiker-t-shirt,,TITLE+RENDERED-THUMBNAIL,CANDIDATE,SURFACE-PASS-DETAIL-NOT-OPENED,Fixed graphic-shirt family survived the basic/title/rendered-thumbnail screen; detail and origin remain pending if reached.,TRACE-P002-OBS-DTC-S06-04,4,NO,,,,,,,NOT-RUN,3,Deterministic same-store continuation row; inspect only if every earlier store_queue_rank family fails.
PRODUCT,TRACE-PILOT-002,TRACE-P002-POOL-DTC,6,P002-DTC-S06,AukCliff,COMPLETE,2026-09-25T18:20:56.547Z,T-shirts,https://aukcliff.com/collections/explore-the-great-outdoors-with-t-shirts?sort_by=best-selling,sort_by=best-selling,Best selling,VERIFIED,24,TRACE-P002-OBS-DTC-S06-05,5,embrace-the-mountain-call-tee,Embrace The Mountain Call,https://aukcliff.com/products/embrace-the-mountain-call-tee,,TITLE+RENDERED-THUMBNAIL,CANDIDATE,SURFACE-PASS-DETAIL-NOT-OPENED,Fixed graphic-shirt family survived the basic/title/rendered-thumbnail screen; detail and origin remain pending if reached.,TRACE-P002-OBS-DTC-S06-05,5,NO,,,,,,,NOT-RUN,4,Deterministic same-store continuation row; inspect only if every earlier store_queue_rank family fails.
PRODUCT,TRACE-PILOT-002,TRACE-P002-POOL-DTC,6,P002-DTC-S06,AukCliff,COMPLETE,2026-09-25T18:20:56.547Z,T-shirts,https://aukcliff.com/collections/explore-the-great-outdoors-with-t-shirts?sort_by=best-selling,sort_by=best-selling,Best selling,VERIFIED,24,TRACE-P002-OBS-DTC-S06-06,6,psithurism-the-sound-of-wind-in-the-trees-t-shirt,"Psithurism, the Sound of Wind in the Trees",https://aukcliff.com/products/psithurism-the-sound-of-wind-in-the-trees-t-shirt,,TITLE+RENDERED-THUMBNAIL,CANDIDATE,SURFACE-PASS-DETAIL-NOT-OPENED,Fixed graphic-shirt family survived the basic/title/rendered-thumbnail screen; detail and origin remain pending if reached.,TRACE-P002-OBS-DTC-S06-06,6,NO,,,,,,,NOT-RUN,5,Deterministic same-store continuation row; inspect only if every earlier store_queue_rank family fails.
PRODUCT,TRACE-PILOT-002,TRACE-P002-POOL-DTC,6,P002-DTC-S06,AukCliff,COMPLETE,2026-09-25T18:20:56.547Z,T-shirts,https://aukcliff.com/collections/explore-the-great-outdoors-with-t-shirts?sort_by=best-selling,sort_by=best-selling,Best selling,VERIFIED,24,TRACE-P002-OBS-DTC-S06-07,7,mountain-call-t-shirt,Mountain Call,https://aukcliff.com/products/mountain-call-t-shirt,,TITLE+RENDERED-THUMBNAIL,CANDIDATE,SURFACE-PASS-DETAIL-NOT-OPENED,Fixed graphic-shirt family survived the basic/title/rendered-thumbnail screen; detail and origin remain pending if reached.,TRACE-P002-OBS-DTC-S06-07,7,NO,,,,,,,NOT-RUN,6,Deterministic same-store continuation row; inspect only if every earlier store_queue_rank family fails.
PRODUCT,TRACE-PILOT-002,TRACE-P002-POOL-DTC,6,P002-DTC-S06,AukCliff,COMPLETE,2026-09-25T18:20:56.547Z,T-shirts,https://aukcliff.com/collections/explore-the-great-outdoors-with-t-shirts?sort_by=best-selling,sort_by=best-selling,Best selling,VERIFIED,24,TRACE-P002-OBS-DTC-S06-08,8,owl-in-flight-above-a-red-horizon-t-shirt,Owl in Flight Above a Red Horizon,https://aukcliff.com/products/owl-in-flight-above-a-red-horizon-t-shirt,,TITLE+RENDERED-THUMBNAIL,CANDIDATE,SURFACE-PASS-DETAIL-NOT-OPENED,Fixed graphic-shirt family survived the basic/title/rendered-thumbnail screen; detail and origin remain pending if reached.,TRACE-P002-OBS-DTC-S06-08,8,NO,,,,,,,NOT-RUN,7,Deterministic same-store continuation row; inspect only if every earlier store_queue_rank family fails.
PRODUCT,TRACE-PILOT-002,TRACE-P002-POOL-DTC,6,P002-DTC-S06,AukCliff,COMPLETE,2026-09-25T18:20:56.547Z,T-shirts,https://aukcliff.com/collections/explore-the-great-outdoors-with-t-shirts?sort_by=best-selling,sort_by=best-selling,Best selling,VERIFIED,24,TRACE-P002-OBS-DTC-S06-09,9,captain-puffin-van-life-t-shirt,Captain Puffin Van Life,https://aukcliff.com/products/captain-puffin-van-life-t-shirt,,TITLE+RENDERED-THUMBNAIL,CANDIDATE,SURFACE-PASS-DETAIL-NOT-OPENED,Fixed graphic-shirt family survived the basic/title/rendered-thumbnail screen; detail and origin remain pending if reached.,TRACE-P002-OBS-DTC-S06-09,9,NO,,,,,,,NOT-RUN,8,Deterministic same-store continuation row; inspect only if every earlier store_queue_rank family fails.
PRODUCT,TRACE-PILOT-002,TRACE-P002-POOL-DTC,6,P002-DTC-S06,AukCliff,COMPLETE,2026-09-25T18:20:56.547Z,T-shirts,https://aukcliff.com/collections/explore-the-great-outdoors-with-t-shirts?sort_by=best-selling,sort_by=best-selling,Best selling,VERIFIED,24,TRACE-P002-OBS-DTC-S06-10,10,petrichor-the-smell-of-rain-on-dry-earth-t-shirt,"Petrichor, the Smell of Rain on Dry Earth",https://aukcliff.com/products/petrichor-the-smell-of-rain-on-dry-earth-t-shirt,,TITLE+RENDERED-THUMBNAIL,CANDIDATE,SURFACE-PASS-DETAIL-NOT-OPENED,Fixed graphic-shirt family survived the basic/title/rendered-thumbnail screen; detail and origin remain pending if reached.,TRACE-P002-OBS-DTC-S06-10,10,NO,,,,,,,NOT-RUN,9,Deterministic same-store continuation row; inspect only if every earlier store_queue_rank family fails.
PRODUCT,TRACE-PILOT-002,TRACE-P002-POOL-DTC,6,P002-DTC-S06,AukCliff,COMPLETE,2026-09-25T18:20:56.547Z,T-shirts,https://aukcliff.com/collections/explore-the-great-outdoors-with-t-shirts?sort_by=best-selling,sort_by=best-selling,Best selling,VERIFIED,24,TRACE-P002-OBS-DTC-S06-11,11,one-red-line-a-whole-pine-tree-t-shirt,"One Red Line, a Whole Pine Tree",https://aukcliff.com/products/one-red-line-a-whole-pine-tree-t-shirt,,TITLE+RENDERED-THUMBNAIL,CANDIDATE,SURFACE-PASS-DETAIL-NOT-OPENED,Fixed graphic-shirt family survived the basic/title/rendered-thumbnail screen; detail and origin remain pending if reached.,TRACE-P002-OBS-DTC-S06-11,11,NO,,,,,,,NOT-RUN,10,Deterministic same-store continuation row; inspect only if every earlier store_queue_rank family fails.
PRODUCT,TRACE-PILOT-002,TRACE-P002-POOL-DTC,6,P002-DTC-S06,AukCliff,COMPLETE,2026-09-25T18:20:56.547Z,T-shirts,https://aukcliff.com/collections/explore-the-great-outdoors-with-t-shirts?sort_by=best-selling,sort_by=best-selling,Best selling,VERIFIED,24,TRACE-P002-OBS-DTC-S06-12,12,abstract-peaks-t-shirt,Abstract Peaks,https://aukcliff.com/products/abstract-peaks-t-shirt,,TITLE+RENDERED-THUMBNAIL,CANDIDATE,SURFACE-PASS-DETAIL-NOT-OPENED,Fixed graphic-shirt family survived the basic/title/rendered-thumbnail screen; detail and origin remain pending if reached.,TRACE-P002-OBS-DTC-S06-12,12,NO,,,,,,,NOT-RUN,11,Deterministic same-store continuation row; inspect only if every earlier store_queue_rank family fails.
PRODUCT,TRACE-PILOT-002,TRACE-P002-POOL-DTC,6,P002-DTC-S06,AukCliff,COMPLETE,2026-09-25T18:20:56.547Z,T-shirts,https://aukcliff.com/collections/explore-the-great-outdoors-with-t-shirts?sort_by=best-selling,sort_by=best-selling,Best selling,VERIFIED,24,TRACE-P002-OBS-DTC-S06-13,13,geometric-puffin-trekker-t-shirt-1,Geometric Puffin Trekker,https://aukcliff.com/products/geometric-puffin-trekker-t-shirt-1,,TITLE+RENDERED-THUMBNAIL,CANDIDATE,SURFACE-PASS-DETAIL-NOT-OPENED,Fixed graphic-shirt family survived the basic/title/rendered-thumbnail screen; detail and origin remain pending if reached.,TRACE-P002-OBS-DTC-S06-13,13,NO,,,,,,,NOT-RUN,12,Deterministic same-store continuation row; inspect only if every earlier store_queue_rank family fails.
PRODUCT,TRACE-PILOT-002,TRACE-P002-POOL-DTC,6,P002-DTC-S06,AukCliff,COMPLETE,2026-09-25T18:20:56.547Z,T-shirts,https://aukcliff.com/collections/explore-the-great-outdoors-with-t-shirts?sort_by=best-selling,sort_by=best-selling,Best selling,VERIFIED,24,TRACE-P002-OBS-DTC-S06-14,14,captain-puffin-bush-pilot-t-shirt,Captain Puffin Bush Pilot,https://aukcliff.com/products/captain-puffin-bush-pilot-t-shirt,,TITLE+RENDERED-THUMBNAIL,CANDIDATE,SURFACE-PASS-DETAIL-NOT-OPENED,Fixed graphic-shirt family survived the basic/title/rendered-thumbnail screen; detail and origin remain pending if reached.,TRACE-P002-OBS-DTC-S06-14,14,NO,,,,,,,NOT-RUN,13,Deterministic same-store continuation row; inspect only if every earlier store_queue_rank family fails.
PRODUCT,TRACE-PILOT-002,TRACE-P002-POOL-DTC,6,P002-DTC-S06,AukCliff,COMPLETE,2026-09-25T18:20:56.547Z,T-shirts,https://aukcliff.com/collections/explore-the-great-outdoors-with-t-shirts?sort_by=best-selling,sort_by=best-selling,Best selling,VERIFIED,24,TRACE-P002-OBS-DTC-S06-15,15,captain-puffin-bird-photographer-t-shirt,Captain Puffin Bird Photographer,https://aukcliff.com/products/captain-puffin-bird-photographer-t-shirt,,TITLE+RENDERED-THUMBNAIL,CANDIDATE,SURFACE-PASS-DETAIL-NOT-OPENED,Fixed graphic-shirt family survived the basic/title/rendered-thumbnail screen; detail and origin remain pending if reached.,TRACE-P002-OBS-DTC-S06-15,15,NO,,,,,,,NOT-RUN,14,Deterministic same-store continuation row; inspect only if every earlier store_queue_rank family fails.
PRODUCT,TRACE-PILOT-002,TRACE-P002-POOL-DTC,6,P002-DTC-S06,AukCliff,COMPLETE,2026-09-25T18:20:56.547Z,T-shirts,https://aukcliff.com/collections/explore-the-great-outdoors-with-t-shirts?sort_by=best-selling,sort_by=best-selling,Best selling,VERIFIED,24,TRACE-P002-OBS-DTC-S06-16,16,abstract-ridge-line-mountain-t-shirt,Abstract Ridge Line Mountain,https://aukcliff.com/products/abstract-ridge-line-mountain-t-shirt,,TITLE+RENDERED-THUMBNAIL,CANDIDATE,SURFACE-PASS-DETAIL-NOT-OPENED,Fixed graphic-shirt family survived the basic/title/rendered-thumbnail screen; detail and origin remain pending if reached.,TRACE-P002-OBS-DTC-S06-16,16,NO,,,,,,,NOT-RUN,15,Deterministic same-store continuation row; inspect only if every earlier store_queue_rank family fails.
PRODUCT,TRACE-PILOT-002,TRACE-P002-POOL-DTC,6,P002-DTC-S06,AukCliff,COMPLETE,2026-09-25T18:20:56.547Z,T-shirts,https://aukcliff.com/collections/explore-the-great-outdoors-with-t-shirts?sort_by=best-selling,sort_by=best-selling,Best selling,VERIFIED,24,TRACE-P002-OBS-DTC-S06-17,17,sunrise-vista-landscape-back-print-t-shirt,Sunrise Vista Landscape Back Print,https://aukcliff.com/products/sunrise-vista-landscape-back-print-t-shirt,,TITLE+RENDERED-THUMBNAIL,CANDIDATE,SURFACE-PASS-DETAIL-NOT-OPENED,Fixed graphic-shirt family survived the basic/title/rendered-thumbnail screen; detail and origin remain pending if reached.,TRACE-P002-OBS-DTC-S06-17,17,NO,,,,,,,NOT-RUN,16,Deterministic same-store continuation row; inspect only if every earlier store_queue_rank family fails.
PRODUCT,TRACE-PILOT-002,TRACE-P002-POOL-DTC,6,P002-DTC-S06,AukCliff,COMPLETE,2026-09-25T18:20:56.547Z,T-shirts,https://aukcliff.com/collections/explore-the-great-outdoors-with-t-shirts?sort_by=best-selling,sort_by=best-selling,Best selling,VERIFIED,24,TRACE-P002-OBS-DTC-S06-18,18,aukcliff-puffin-logo-t-shirt,AukCliff® Puffin Logo,https://aukcliff.com/products/aukcliff-puffin-logo-t-shirt,,TITLE+RENDERED-THUMBNAIL,BRAND-EXCLUDED,BRAND-EXCLUDED,AukCliff Puffin Logo is principally house-logo merchandise,TRACE-P002-OBS-DTC-S06-18,18,NO,,,,,,,NOT-APPLICABLE-EXCLUDED,,Gate 0 contamination-control screen; not an infringement or legal conclusion.
PRODUCT,TRACE-PILOT-002,TRACE-P002-POOL-DTC,6,P002-DTC-S06,AukCliff,COMPLETE,2026-09-25T18:20:56.547Z,T-shirts,https://aukcliff.com/collections/explore-the-great-outdoors-with-t-shirts?sort_by=best-selling,sort_by=best-selling,Best selling,VERIFIED,24,TRACE-P002-OBS-DTC-S06-19,19,solvitur-ambulando-it-is-solved-by-walking-t-shirt,"Solvitur Ambulando, It Is Solved by Walking",https://aukcliff.com/products/solvitur-ambulando-it-is-solved-by-walking-t-shirt,,TITLE+RENDERED-THUMBNAIL,CANDIDATE,SURFACE-PASS-DETAIL-NOT-OPENED,Fixed graphic-shirt family survived the basic/title/rendered-thumbnail screen; detail and origin remain pending if reached.,TRACE-P002-OBS-DTC-S06-19,19,NO,,,,,,,NOT-RUN,17,Deterministic same-store continuation row; inspect only if every earlier store_queue_rank family fails.
PRODUCT,TRACE-PILOT-002,TRACE-P002-POOL-DTC,6,P002-DTC-S06,AukCliff,COMPLETE,2026-09-25T18:20:56.547Z,T-shirts,https://aukcliff.com/collections/explore-the-great-outdoors-with-t-shirts?sort_by=best-selling,sort_by=best-selling,Best selling,VERIFIED,24,TRACE-P002-OBS-DTC-S06-20,20,conquer-new-heights-mountain-t-shirt,Conquer New Heights Mountain,https://aukcliff.com/products/conquer-new-heights-mountain-t-shirt,,TITLE+RENDERED-THUMBNAIL,CANDIDATE,SURFACE-PASS-DETAIL-NOT-OPENED,Fixed graphic-shirt family survived the basic/title/rendered-thumbnail screen; detail and origin remain pending if reached.,TRACE-P002-OBS-DTC-S06-20,20,NO,,,,,,,NOT-RUN,18,Deterministic same-store continuation row; inspect only if every earlier store_queue_rank family fails.
PRODUCT,TRACE-PILOT-002,TRACE-P002-POOL-DTC,6,P002-DTC-S06,AukCliff,COMPLETE,2026-09-25T18:20:56.547Z,T-shirts,https://aukcliff.com/collections/explore-the-great-outdoors-with-t-shirts?sort_by=best-selling,sort_by=best-selling,Best selling,VERIFIED,24,TRACE-P002-OBS-DTC-S06-21,21,the-cliffborn-t-shirt,The Cliffborn,https://aukcliff.com/products/the-cliffborn-t-shirt,,TITLE+RENDERED-THUMBNAIL,CANDIDATE,SURFACE-PASS-DETAIL-NOT-OPENED,Fixed graphic-shirt family survived the basic/title/rendered-thumbnail screen; detail and origin remain pending if reached.,TRACE-P002-OBS-DTC-S06-21,21,NO,,,,,,,NOT-RUN,19,Deterministic same-store continuation row; inspect only if every earlier store_queue_rank family fails.
PRODUCT,TRACE-PILOT-002,TRACE-P002-POOL-DTC,6,P002-DTC-S06,AukCliff,COMPLETE,2026-09-25T18:20:56.547Z,T-shirts,https://aukcliff.com/collections/explore-the-great-outdoors-with-t-shirts?sort_by=best-selling,sort_by=best-selling,Best selling,VERIFIED,24,TRACE-P002-OBS-DTC-S06-22,22,captain-puffin-canada-trailkeeper-t-shirt,Captain Puffin Canada Trailkeeper,https://aukcliff.com/products/captain-puffin-canada-trailkeeper-t-shirt,,TITLE+RENDERED-THUMBNAIL,CANDIDATE,SURFACE-PASS-DETAIL-NOT-OPENED,Fixed graphic-shirt family survived the basic/title/rendered-thumbnail screen; detail and origin remain pending if reached.,TRACE-P002-OBS-DTC-S06-22,22,NO,,,,,,,NOT-RUN,20,Deterministic same-store continuation row; inspect only if every earlier store_queue_rank family fails.
PRODUCT,TRACE-PILOT-002,TRACE-P002-POOL-DTC,6,P002-DTC-S06,AukCliff,COMPLETE,2026-09-25T18:20:56.547Z,T-shirts,https://aukcliff.com/collections/explore-the-great-outdoors-with-t-shirts?sort_by=best-selling,sort_by=best-selling,Best selling,VERIFIED,24,TRACE-P002-OBS-DTC-S06-23,23,captain-puffin-mountaineer-t-shirt,Captain Puffin Mountaineer,https://aukcliff.com/products/captain-puffin-mountaineer-t-shirt,,TITLE+RENDERED-THUMBNAIL,CANDIDATE,SURFACE-PASS-DETAIL-NOT-OPENED,Fixed graphic-shirt family survived the basic/title/rendered-thumbnail screen; detail and origin remain pending if reached.,TRACE-P002-OBS-DTC-S06-23,23,NO,,,,,,,NOT-RUN,21,Deterministic same-store continuation row; inspect only if every earlier store_queue_rank family fails.
PRODUCT,TRACE-PILOT-002,TRACE-P002-POOL-DTC,6,P002-DTC-S06,AukCliff,COMPLETE,2026-09-25T18:20:56.547Z,T-shirts,https://aukcliff.com/collections/explore-the-great-outdoors-with-t-shirts?sort_by=best-selling,sort_by=best-selling,Best selling,VERIFIED,24,TRACE-P002-OBS-DTC-S06-24,24,alpine-ridge-t-shirt,Alpine Ridge,https://aukcliff.com/products/alpine-ridge-t-shirt,,TITLE+RENDERED-THUMBNAIL,CANDIDATE,SURFACE-PASS-DETAIL-NOT-OPENED,Fixed graphic-shirt family survived the basic/title/rendered-thumbnail screen; detail and origin remain pending if reached.,TRACE-P002-OBS-DTC-S06-24,24,NO,,,,,,,NOT-RUN,22,Deterministic same-store continuation row; inspect only if every earlier store_queue_rank family fails.
SURFACE,TRACE-PILOT-002,TRACE-P002-POOL-DTC,7,P002-DTC-S07,SeaMonkey Apparel,COMPLETE,2026-09-25T18:21:55.837Z,TEE'S,https://www.seamonkeyapparel.com/collections/staple-tees?sort_by=best-selling,sort_by=best-selling,Best selling,VERIFIED,24,,,,,,,,,,,,,,,,,,,,,,First 24 products captured from a longer collection.
PRODUCT,TRACE-PILOT-002,TRACE-P002-POOL-DTC,7,P002-DTC-S07,SeaMonkey Apparel,COMPLETE,2026-09-25T18:21:55.837Z,TEE'S,https://www.seamonkeyapparel.com/collections/staple-tees?sort_by=best-selling,sort_by=best-selling,Best selling,VERIFIED,24,TRACE-P002-OBS-DTC-S07-01,1,puff-puff-pass-tee,Puff Puff Pass Tee,https://www.seamonkeyapparel.com/collections/staple-tees/products/puff-puff-pass-tee,,TITLE+RENDERED-THUMBNAIL,CANDIDATE,ORIGIN-PENDING,Highest-ranked canonical family surviving basic/title/thumbnail Gate 0 in this store.,TRACE-P002-OBS-DTC-S07-01,1,YES,ITEM-VISIBLE,10,Ten visible product-specific reviews; page also labels the item Selling Fast,YES,HIGH-CANDIDATE,Store describes original graphics and the item is presented as its own design; origin not independently tested.,NOT-RUN,1,Provisional candidate only; mandatory cross-market origin searches and final Gate 0 remain open; no SDC created.
PRODUCT,TRACE-PILOT-002,TRACE-P002-POOL-DTC,7,P002-DTC-S07,SeaMonkey Apparel,COMPLETE,2026-09-25T18:21:55.837Z,TEE'S,https://www.seamonkeyapparel.com/collections/staple-tees?sort_by=best-selling,sort_by=best-selling,Best selling,VERIFIED,24,TRACE-P002-OBS-DTC-S07-02,2,hard-decisions-tee,Hard Decisions Tee,https://www.seamonkeyapparel.com/collections/staple-tees/products/hard-decisions-tee,,TITLE+RENDERED-THUMBNAIL,CANDIDATE,SURFACE-PASS-DETAIL-NOT-OPENED,Fixed graphic-shirt family survived the basic/title/rendered-thumbnail screen; detail and origin remain pending if reached.,TRACE-P002-OBS-DTC-S07-02,2,NO,,,,,,,NOT-RUN,2,Deterministic same-store continuation row; inspect only if every earlier store_queue_rank family fails.
PRODUCT,TRACE-PILOT-002,TRACE-P002-POOL-DTC,7,P002-DTC-S07,SeaMonkey Apparel,COMPLETE,2026-09-25T18:21:55.837Z,TEE'S,https://www.seamonkeyapparel.com/collections/staple-tees?sort_by=best-selling,sort_by=best-selling,Best selling,VERIFIED,24,TRACE-P002-OBS-DTC-S07-03,3,copy-of-mens-hula-gang-tee,Hula Gang Tee,https://www.seamonkeyapparel.com/collections/staple-tees/products/copy-of-mens-hula-gang-tee,,TITLE+RENDERED-THUMBNAIL,CANDIDATE,SURFACE-PASS-DETAIL-NOT-OPENED,Fixed graphic-shirt family survived the basic/title/rendered-thumbnail screen; detail and origin remain pending if reached.,TRACE-P002-OBS-DTC-S07-03,3,NO,,,,,,,NOT-RUN,3,Deterministic same-store continuation row; inspect only if every earlier store_queue_rank family fails.
PRODUCT,TRACE-PILOT-002,TRACE-P002-POOL-DTC,7,P002-DTC-S07,SeaMonkey Apparel,COMPLETE,2026-09-25T18:21:55.837Z,TEE'S,https://www.seamonkeyapparel.com/collections/staple-tees?sort_by=best-selling,sort_by=best-selling,Best selling,VERIFIED,24,TRACE-P002-OBS-DTC-S07-04,4,driftwood-tee,Driftwood Tee,https://www.seamonkeyapparel.com/collections/staple-tees/products/driftwood-tee,,TITLE+RENDERED-THUMBNAIL,CANDIDATE,SURFACE-PASS-DETAIL-NOT-OPENED,Fixed graphic-shirt family survived the basic/title/rendered-thumbnail screen; detail and origin remain pending if reached.,TRACE-P002-OBS-DTC-S07-04,4,NO,,,,,,,NOT-RUN,4,Deterministic same-store continuation row; inspect only if every earlier store_queue_rank family fails.
PRODUCT,TRACE-PILOT-002,TRACE-P002-POOL-DTC,7,P002-DTC-S07,SeaMonkey Apparel,COMPLETE,2026-09-25T18:21:55.837Z,TEE'S,https://www.seamonkeyapparel.com/collections/staple-tees?sort_by=best-selling,sort_by=best-selling,Best selling,VERIFIED,24,TRACE-P002-OBS-DTC-S07-05,5,puff-puff-pass-tee-1,Puff Puff Pass Tee,https://www.seamonkeyapparel.com/collections/staple-tees/products/puff-puff-pass-tee-1,,TITLE+RENDERED-THUMBNAIL,DUPLICATE-FAMILY,DUPLICATE-FAMILY,Same title/design family as rank 1; alternate product handle,TRACE-P002-OBS-DTC-S07-01,1,NO,,,,,,,NOT-APPLICABLE-DUPLICATE,,No separate family or queue credit.
PRODUCT,TRACE-PILOT-002,TRACE-P002-POOL-DTC,7,P002-DTC-S07,SeaMonkey Apparel,COMPLETE,2026-09-25T18:21:55.837Z,TEE'S,https://www.seamonkeyapparel.com/collections/staple-tees?sort_by=best-selling,sort_by=best-selling,Best selling,VERIFIED,24,TRACE-P002-OBS-DTC-S07-06,6,mens-cortez-pride-tee,Cortez Pride Tee,https://www.seamonkeyapparel.com/collections/staple-tees/products/mens-cortez-pride-tee,,TITLE+RENDERED-THUMBNAIL,CANDIDATE,SURFACE-PASS-DETAIL-NOT-OPENED,Fixed graphic-shirt family survived the basic/title/rendered-thumbnail screen; detail and origin remain pending if reached.,TRACE-P002-OBS-DTC-S07-06,6,NO,,,,,,,NOT-RUN,5,Deterministic same-store continuation row; inspect only if every earlier store_queue_rank family fails.
PRODUCT,TRACE-PILOT-002,TRACE-P002-POOL-DTC,7,P002-DTC-S07,SeaMonkey Apparel,COMPLETE,2026-09-25T18:21:55.837Z,TEE'S,https://www.seamonkeyapparel.com/collections/staple-tees?sort_by=best-selling,sort_by=best-selling,Best selling,VERIFIED,24,TRACE-P002-OBS-DTC-S07-07,7,peace-love-paws-tee,"Peace, Love and Paws Tee",https://www.seamonkeyapparel.com/collections/staple-tees/products/peace-love-paws-tee,,TITLE+RENDERED-THUMBNAIL,CANDIDATE,SURFACE-PASS-DETAIL-NOT-OPENED,Fixed graphic-shirt family survived the basic/title/rendered-thumbnail screen; detail and origin remain pending if reached.,TRACE-P002-OBS-DTC-S07-07,7,NO,,,,,,,NOT-RUN,6,Deterministic same-store continuation row; inspect only if every earlier store_queue_rank family fails.
PRODUCT,TRACE-PILOT-002,TRACE-P002-POOL-DTC,7,P002-DTC-S07,SeaMonkey Apparel,COMPLETE,2026-09-25T18:21:55.837Z,TEE'S,https://www.seamonkeyapparel.com/collections/staple-tees?sort_by=best-selling,sort_by=best-selling,Best selling,VERIFIED,24,TRACE-P002-OBS-DTC-S07-08,8,tropical-state-of-mind-tee,Tropical State Of Mind Tee,https://www.seamonkeyapparel.com/collections/staple-tees/products/tropical-state-of-mind-tee,,TITLE+RENDERED-THUMBNAIL,CANDIDATE,SURFACE-PASS-DETAIL-NOT-OPENED,Fixed graphic-shirt family survived the basic/title/rendered-thumbnail screen; detail and origin remain pending if reached.,TRACE-P002-OBS-DTC-S07-08,8,NO,,,,,,,NOT-RUN,7,Deterministic same-store continuation row; inspect only if every earlier store_queue_rank family fails.
PRODUCT,TRACE-PILOT-002,TRACE-P002-POOL-DTC,7,P002-DTC-S07,SeaMonkey Apparel,COMPLETE,2026-09-25T18:21:55.837Z,TEE'S,https://www.seamonkeyapparel.com/collections/staple-tees?sort_by=best-selling,sort_by=best-selling,Best selling,VERIFIED,24,TRACE-P002-OBS-DTC-S07-09,9,sunset-surfer-tee,Sunset Surfer Tee,https://www.seamonkeyapparel.com/collections/staple-tees/products/sunset-surfer-tee,,TITLE+RENDERED-THUMBNAIL,CANDIDATE,SURFACE-PASS-DETAIL-NOT-OPENED,Fixed graphic-shirt family survived the basic/title/rendered-thumbnail screen; detail and origin remain pending if reached.,TRACE-P002-OBS-DTC-S07-09,9,NO,,,,,,,NOT-RUN,8,Deterministic same-store continuation row; inspect only if every earlier store_queue_rank family fails.
PRODUCT,TRACE-PILOT-002,TRACE-P002-POOL-DTC,7,P002-DTC-S07,SeaMonkey Apparel,COMPLETE,2026-09-25T18:21:55.837Z,TEE'S,https://www.seamonkeyapparel.com/collections/staple-tees?sort_by=best-selling,sort_by=best-selling,Best selling,VERIFIED,24,TRACE-P002-OBS-DTC-S07-10,10,dwellers-tee,Dwellers of The Deep Sea Tee,https://www.seamonkeyapparel.com/collections/staple-tees/products/dwellers-tee,,TITLE+RENDERED-THUMBNAIL,CANDIDATE,SURFACE-PASS-DETAIL-NOT-OPENED,Fixed graphic-shirt family survived the basic/title/rendered-thumbnail screen; detail and origin remain pending if reached.,TRACE-P002-OBS-DTC-S07-10,10,NO,,,,,,,NOT-RUN,9,Deterministic same-store continuation row; inspect only if every earlier store_queue_rank family fails.
PRODUCT,TRACE-PILOT-002,TRACE-P002-POOL-DTC,7,P002-DTC-S07,SeaMonkey Apparel,COMPLETE,2026-09-25T18:21:55.837Z,TEE'S,https://www.seamonkeyapparel.com/collections/staple-tees?sort_by=best-selling,sort_by=best-selling,Best selling,VERIFIED,24,TRACE-P002-OBS-DTC-S07-11,11,wet-your-whiskers-tee,Wet Your Whiskers Tee,https://www.seamonkeyapparel.com/collections/staple-tees/products/wet-your-whiskers-tee,,TITLE+RENDERED-THUMBNAIL,CANDIDATE,SURFACE-PASS-DETAIL-NOT-OPENED,Fixed graphic-shirt family survived the basic/title/rendered-thumbnail screen; detail and origin remain pending if reached.,TRACE-P002-OBS-DTC-S07-11,11,NO,,,,,,,NOT-RUN,10,Deterministic same-store continuation row; inspect only if every earlier store_queue_rank family fails.
PRODUCT,TRACE-PILOT-002,TRACE-P002-POOL-DTC,7,P002-DTC-S07,SeaMonkey Apparel,COMPLETE,2026-09-25T18:21:55.837Z,TEE'S,https://www.seamonkeyapparel.com/collections/staple-tees?sort_by=best-selling,sort_by=best-selling,Best selling,VERIFIED,24,TRACE-P002-OBS-DTC-S07-12,12,pass-the-reefer-tee,Pass The Reefer Tee,https://www.seamonkeyapparel.com/collections/staple-tees/products/pass-the-reefer-tee,,TITLE+RENDERED-THUMBNAIL,CANDIDATE,SURFACE-PASS-DETAIL-NOT-OPENED,Fixed graphic-shirt family survived the basic/title/rendered-thumbnail screen; detail and origin remain pending if reached.,TRACE-P002-OBS-DTC-S07-12,12,NO,,,,,,,NOT-RUN,11,Deterministic same-store continuation row; inspect only if every earlier store_queue_rank family fails.
PRODUCT,TRACE-PILOT-002,TRACE-P002-POOL-DTC,7,P002-DTC-S07,SeaMonkey Apparel,COMPLETE,2026-09-25T18:21:55.837Z,TEE'S,https://www.seamonkeyapparel.com/collections/staple-tees?sort_by=best-selling,sort_by=best-selling,Best selling,VERIFIED,24,TRACE-P002-OBS-DTC-S07-13,13,tails-of-the-tiki-tee,Tails Of The Tiki Tee,https://www.seamonkeyapparel.com/collections/staple-tees/products/tails-of-the-tiki-tee,,TITLE+RENDERED-THUMBNAIL,CANDIDATE,SURFACE-PASS-DETAIL-NOT-OPENED,Fixed graphic-shirt family survived the basic/title/rendered-thumbnail screen; detail and origin remain pending if reached.,TRACE-P002-OBS-DTC-S07-13,13,NO,,,,,,,NOT-RUN,12,Deterministic same-store continuation row; inspect only if every earlier store_queue_rank family fails.
PRODUCT,TRACE-PILOT-002,TRACE-P002-POOL-DTC,7,P002-DTC-S07,SeaMonkey Apparel,COMPLETE,2026-09-25T18:21:55.837Z,TEE'S,https://www.seamonkeyapparel.com/collections/staple-tees?sort_by=best-selling,sort_by=best-selling,Best selling,VERIFIED,24,TRACE-P002-OBS-DTC-S07-14,14,all-paws-on-deck-tee,All Paws On Deck Tee,https://www.seamonkeyapparel.com/collections/staple-tees/products/all-paws-on-deck-tee,,TITLE+RENDERED-THUMBNAIL,CANDIDATE,SURFACE-PASS-DETAIL-NOT-OPENED,Fixed graphic-shirt family survived the basic/title/rendered-thumbnail screen; detail and origin remain pending if reached.,TRACE-P002-OBS-DTC-S07-14,14,NO,,,,,,,NOT-RUN,13,Deterministic same-store continuation row; inspect only if every earlier store_queue_rank family fails.
PRODUCT,TRACE-PILOT-002,TRACE-P002-POOL-DTC,7,P002-DTC-S07,SeaMonkey Apparel,COMPLETE,2026-09-25T18:21:55.837Z,TEE'S,https://www.seamonkeyapparel.com/collections/staple-tees?sort_by=best-selling,sort_by=best-selling,Best selling,VERIFIED,24,TRACE-P002-OBS-DTC-S07-15,15,go-with-the-flow-tee,Go With The Flow Tee,https://www.seamonkeyapparel.com/collections/staple-tees/products/go-with-the-flow-tee,,TITLE+RENDERED-THUMBNAIL,CANDIDATE,SURFACE-PASS-DETAIL-NOT-OPENED,Fixed graphic-shirt family survived the basic/title/rendered-thumbnail screen; detail and origin remain pending if reached.,TRACE-P002-OBS-DTC-S07-15,15,NO,,,,,,,NOT-RUN,14,Deterministic same-store continuation row; inspect only if every earlier store_queue_rank family fails.
PRODUCT,TRACE-PILOT-002,TRACE-P002-POOL-DTC,7,P002-DTC-S07,SeaMonkey Apparel,COMPLETE,2026-09-25T18:21:55.837Z,TEE'S,https://www.seamonkeyapparel.com/collections/staple-tees?sort_by=best-selling,sort_by=best-selling,Best selling,VERIFIED,24,TRACE-P002-OBS-DTC-S07-16,16,go-with-the-flow-tee-copy,Latitudes Tee,https://www.seamonkeyapparel.com/collections/staple-tees/products/go-with-the-flow-tee-copy,,TITLE+RENDERED-THUMBNAIL,CANDIDATE,SURFACE-PASS-DETAIL-NOT-OPENED,Fixed graphic-shirt family survived the basic/title/rendered-thumbnail screen; detail and origin remain pending if reached.,TRACE-P002-OBS-DTC-S07-16,16,NO,,,,,,,NOT-RUN,15,Deterministic same-store continuation row; inspect only if every earlier store_queue_rank family fails.
PRODUCT,TRACE-PILOT-002,TRACE-P002-POOL-DTC,7,P002-DTC-S07,SeaMonkey Apparel,COMPLETE,2026-09-25T18:21:55.837Z,TEE'S,https://www.seamonkeyapparel.com/collections/staple-tees?sort_by=best-selling,sort_by=best-selling,Best selling,VERIFIED,24,TRACE-P002-OBS-DTC-S07-17,17,patriotic-logo-ii-tee,Patriotic Logo II Tee,https://www.seamonkeyapparel.com/collections/staple-tees/products/patriotic-logo-ii-tee,,TITLE+RENDERED-THUMBNAIL,BRAND-EXCLUDED,BRAND-EXCLUDED,Patriotic Logo II is principally house-logo merchandise,TRACE-P002-OBS-DTC-S07-17,17,NO,,,,,,,NOT-APPLICABLE-EXCLUDED,,Gate 0 contamination-control screen; not an infringement or legal conclusion.
PRODUCT,TRACE-PILOT-002,TRACE-P002-POOL-DTC,7,P002-DTC-S07,SeaMonkey Apparel,COMPLETE,2026-09-25T18:21:55.837Z,TEE'S,https://www.seamonkeyapparel.com/collections/staple-tees?sort_by=best-selling,sort_by=best-selling,Best selling,VERIFIED,24,TRACE-P002-OBS-DTC-S07-18,18,beach-day-tee,Beach Day Tee,https://www.seamonkeyapparel.com/collections/staple-tees/products/beach-day-tee,,TITLE+RENDERED-THUMBNAIL,CANDIDATE,SURFACE-PASS-DETAIL-NOT-OPENED,Fixed graphic-shirt family survived the basic/title/rendered-thumbnail screen; detail and origin remain pending if reached.,TRACE-P002-OBS-DTC-S07-18,18,NO,,,,,,,NOT-RUN,16,Deterministic same-store continuation row; inspect only if every earlier store_queue_rank family fails.
PRODUCT,TRACE-PILOT-002,TRACE-P002-POOL-DTC,7,P002-DTC-S07,SeaMonkey Apparel,COMPLETE,2026-09-25T18:21:55.837Z,TEE'S,https://www.seamonkeyapparel.com/collections/staple-tees?sort_by=best-selling,sort_by=best-selling,Best selling,VERIFIED,24,TRACE-P002-OBS-DTC-S07-19,19,ladies-wet-your-whiskers-v-neck-tee,Ladies Wet Your Whiskers V Neck Tee,https://www.seamonkeyapparel.com/collections/staple-tees/products/ladies-wet-your-whiskers-v-neck-tee,,TITLE+RENDERED-THUMBNAIL,CANDIDATE,SURFACE-PASS-DETAIL-NOT-OPENED,Fixed graphic-shirt family survived the basic/title/rendered-thumbnail screen; detail and origin remain pending if reached.,TRACE-P002-OBS-DTC-S07-19,19,NO,,,,,,,NOT-RUN,17,Deterministic same-store continuation row; inspect only if every earlier store_queue_rank family fails.
PRODUCT,TRACE-PILOT-002,TRACE-P002-POOL-DTC,7,P002-DTC-S07,SeaMonkey Apparel,COMPLETE,2026-09-25T18:21:55.837Z,TEE'S,https://www.seamonkeyapparel.com/collections/staple-tees?sort_by=best-selling,sort_by=best-selling,Best selling,VERIFIED,24,TRACE-P002-OBS-DTC-S07-20,20,cruisin-tee,Cruisin' Tee,https://www.seamonkeyapparel.com/collections/staple-tees/products/cruisin-tee,,TITLE+RENDERED-THUMBNAIL,CANDIDATE,SURFACE-PASS-DETAIL-NOT-OPENED,Fixed graphic-shirt family survived the basic/title/rendered-thumbnail screen; detail and origin remain pending if reached.,TRACE-P002-OBS-DTC-S07-20,20,NO,,,,,,,NOT-RUN,18,Deterministic same-store continuation row; inspect only if every earlier store_queue_rank family fails.
PRODUCT,TRACE-PILOT-002,TRACE-P002-POOL-DTC,7,P002-DTC-S07,SeaMonkey Apparel,COMPLETE,2026-09-25T18:21:55.837Z,TEE'S,https://www.seamonkeyapparel.com/collections/staple-tees?sort_by=best-selling,sort_by=best-selling,Best selling,VERIFIED,24,TRACE-P002-OBS-DTC-S07-21,21,clancys-collaboration-tee-1,Clancy's Collaboration Tee,https://www.seamonkeyapparel.com/collections/staple-tees/products/clancys-collaboration-tee-1,,TITLE+RENDERED-THUMBNAIL,CANDIDATE,SURFACE-PASS-DETAIL-NOT-OPENED,Fixed graphic-shirt family survived the basic/title/rendered-thumbnail screen; detail and origin remain pending if reached.,TRACE-P002-OBS-DTC-S07-21,21,NO,,,,,,,NOT-RUN,19,Deterministic same-store continuation row; inspect only if every earlier store_queue_rank family fails.
PRODUCT,TRACE-PILOT-002,TRACE-P002-POOL-DTC,7,P002-DTC-S07,SeaMonkey Apparel,COMPLETE,2026-09-25T18:21:55.837Z,TEE'S,https://www.seamonkeyapparel.com/collections/staple-tees?sort_by=best-selling,sort_by=best-selling,Best selling,VERIFIED,24,TRACE-P002-OBS-DTC-S07-22,22,save-our-seabirds-tee,Save Our Seabirds Tee,https://www.seamonkeyapparel.com/collections/staple-tees/products/save-our-seabirds-tee,,TITLE+RENDERED-THUMBNAIL,CANDIDATE,SURFACE-PASS-DETAIL-NOT-OPENED,Fixed graphic-shirt family survived the basic/title/rendered-thumbnail screen; detail and origin remain pending if reached.,TRACE-P002-OBS-DTC-S07-22,22,NO,,,,,,,NOT-RUN,20,Deterministic same-store continuation row; inspect only if every earlier store_queue_rank family fails.
PRODUCT,TRACE-PILOT-002,TRACE-P002-POOL-DTC,7,P002-DTC-S07,SeaMonkey Apparel,COMPLETE,2026-09-25T18:21:55.837Z,TEE'S,https://www.seamonkeyapparel.com/collections/staple-tees?sort_by=best-selling,sort_by=best-selling,Best selling,VERIFIED,24,TRACE-P002-OBS-DTC-S07-23,23,conchd-out-tee,Conch'd Out Tee,https://www.seamonkeyapparel.com/collections/staple-tees/products/conchd-out-tee,,TITLE+RENDERED-THUMBNAIL,CANDIDATE,SURFACE-PASS-DETAIL-NOT-OPENED,Fixed graphic-shirt family survived the basic/title/rendered-thumbnail screen; detail and origin remain pending if reached.,TRACE-P002-OBS-DTC-S07-23,23,NO,,,,,,,NOT-RUN,21,Deterministic same-store continuation row; inspect only if every earlier store_queue_rank family fails.
PRODUCT,TRACE-PILOT-002,TRACE-P002-POOL-DTC,7,P002-DTC-S07,SeaMonkey Apparel,COMPLETE,2026-09-25T18:21:55.837Z,TEE'S,https://www.seamonkeyapparel.com/collections/staple-tees?sort_by=best-selling,sort_by=best-selling,Best selling,VERIFIED,24,TRACE-P002-OBS-DTC-S07-24,24,patriotic-logo-tee,Patriotic Logo Tee,https://www.seamonkeyapparel.com/collections/staple-tees/products/patriotic-logo-tee,,TITLE+RENDERED-THUMBNAIL,BRAND-EXCLUDED,BRAND-EXCLUDED,Patriotic Logo is principally house-logo merchandise,TRACE-P002-OBS-DTC-S07-24,24,NO,,,,,,,NOT-APPLICABLE-EXCLUDED,,Gate 0 contamination-control screen; not an infringement or legal conclusion.
SURFACE,TRACE-PILOT-002,TRACE-P002-POOL-DTC,8,P002-DTC-S08,RAYGUN,COMPLETE,2026-09-25T18:22:52.627Z,T-SHIRTS,https://www.raygunsite.com/collections/t-shirts?sort_by=best-selling,sort_by=best-selling,Best Selling,VERIFIED,24,,,,,,,,,,,,,,,,,,,,,,First 24 products captured from a longer collection.
PRODUCT,TRACE-PILOT-002,TRACE-P002-POOL-DTC,8,P002-DTC-S08,RAYGUN,COMPLETE,2026-09-25T18:22:52.627Z,T-SHIRTS,https://www.raygunsite.com/collections/t-shirts?sort_by=best-selling,sort_by=best-selling,Best Selling,VERIFIED,24,TRACE-P002-OBS-DTC-S08-01,1,iowa-we-all-are-going-to-die-heavyweight,Iowa: We All Are Going to Die Heavyweight,https://www.raygunsite.com/collections/t-shirts/products/iowa-we-all-are-going-to-die-heavyweight,A folded cream t-shirt with yellow and green ink laid out like the welcome to Iowa sign with Joni Ernst's quote,TITLE+RENDERED-THUMBNAIL,IP-EXCLUDED,IP-EXCLUDED,Thumbnail and product detail quote U.S. Senator Joni Ernst,TRACE-P002-OBS-DTC-S08-01,1,YES,,,,,,,NOT-APPLICABLE-EXCLUDED,,Gate 0 contamination-control screen; not an infringement or legal conclusion.
PRODUCT,TRACE-PILOT-002,TRACE-P002-POOL-DTC,8,P002-DTC-S08,RAYGUN,COMPLETE,2026-09-25T18:22:52.627Z,T-SHIRTS,https://www.raygunsite.com/collections/t-shirts?sort_by=best-selling,sort_by=best-selling,Best Selling,VERIFIED,24,TRACE-P002-OBS-DTC-S08-02,2,my-job-is-books,My Job is Books,https://www.raygunsite.com/collections/t-shirts/products/my-job-is-books,"A folded light pink t-shirt with hot pink ink text that says,",TITLE+RENDERED-THUMBNAIL,CANDIDATE,ORIGIN-PENDING,Highest-ranked canonical family surviving basic/title/thumbnail Gate 0 in this store.,TRACE-P002-OBS-DTC-S08-02,2,YES,UNCLEAR,,Item page rendered a populated Customers who bought this also bought module; no item review or sold count was exposed,YES,HIGH-CANDIDATE,Product page states designed and printed by union labor at RAYGUN; origin not independently tested.,NOT-RUN,1,Provisional candidate only; mandatory cross-market origin searches and final Gate 0 remain open; no SDC created.
PRODUCT,TRACE-PILOT-002,TRACE-P002-POOL-DTC,8,P002-DTC-S08,RAYGUN,COMPLETE,2026-09-25T18:22:52.627Z,T-SHIRTS,https://www.raygunsite.com/collections/t-shirts?sort_by=best-selling,sort_by=best-selling,Best Selling,VERIFIED,24,TRACE-P002-OBS-DTC-S08-03,3,abolish-ice,Abolish ICE Heavyweight,https://www.raygunsite.com/collections/t-shirts/products/abolish-ice,A folded Blue Colorblast T-shirt with royal blue and red ink hat reads,TITLE+RENDERED-THUMBNAIL,CANDIDATE,SURFACE-PASS-DETAIL-NOT-OPENED,Fixed graphic-shirt family survived the basic/title/rendered-thumbnail screen; detail and origin remain pending if reached.,TRACE-P002-OBS-DTC-S08-03,3,NO,,,,,,,NOT-RUN,2,Deterministic same-store continuation row; inspect only if every earlier store_queue_rank family fails.
PRODUCT,TRACE-PILOT-002,TRACE-P002-POOL-DTC,8,P002-DTC-S08,RAYGUN,COMPLETE,2026-09-25T18:22:52.627Z,T-SHIRTS,https://www.raygunsite.com/collections/t-shirts?sort_by=best-selling,sort_by=best-selling,Best Selling,VERIFIED,24,TRACE-P002-OBS-DTC-S08-04,4,my-job-is-teach,My Job Is Teach,https://www.raygunsite.com/collections/t-shirts/products/my-job-is-teach,"A folded light pink t-shirt with hot pink ink text that says,",TITLE+RENDERED-THUMBNAIL,CANDIDATE,SURFACE-PASS-DETAIL-NOT-OPENED,Fixed graphic-shirt family survived the basic/title/rendered-thumbnail screen; detail and origin remain pending if reached.,TRACE-P002-OBS-DTC-S08-04,4,NO,,,,,,,NOT-RUN,3,Deterministic same-store continuation row; inspect only if every earlier store_queue_rank family fails.
PRODUCT,TRACE-PILOT-002,TRACE-P002-POOL-DTC,8,P002-DTC-S08,RAYGUN,COMPLETE,2026-09-25T18:22:52.627Z,T-SHIRTS,https://www.raygunsite.com/collections/t-shirts?sort_by=best-selling,sort_by=best-selling,Best Selling,VERIFIED,24,TRACE-P002-OBS-DTC-S08-05,5,iowa-we-all-are-going-to-die,Iowa: We All Are Going to Die,https://www.raygunsite.com/collections/t-shirts/products/iowa-we-all-are-going-to-die,A folded white t-shirt with yellow and green ink laid out like the welcome to Iowa sign with Joni Ernst's quote,TITLE+RENDERED-THUMBNAIL,IP-EXCLUDED,IP-EXCLUDED,Same Joni Ernst quotation family as rank 1,TRACE-P002-OBS-DTC-S08-05,5,NO,,,,,,,NOT-APPLICABLE-EXCLUDED,,Gate 0 contamination-control screen; not an infringement or legal conclusion.
PRODUCT,TRACE-PILOT-002,TRACE-P002-POOL-DTC,8,P002-DTC-S08,RAYGUN,COMPLETE,2026-09-25T18:22:52.627Z,T-SHIRTS,https://www.raygunsite.com/collections/t-shirts?sort_by=best-selling,sort_by=best-selling,Best Selling,VERIFIED,24,TRACE-P002-OBS-DTC-S08-06,6,radicalized-by-human-decency,Radicalized By Human Decency,https://www.raygunsite.com/collections/t-shirts/products/radicalized-by-human-decency,"Folded heather blue t-shirt with left aligned white ink that says,",TITLE+RENDERED-THUMBNAIL,CANDIDATE,SURFACE-PASS-DETAIL-NOT-OPENED,Fixed graphic-shirt family survived the basic/title/rendered-thumbnail screen; detail and origin remain pending if reached.,TRACE-P002-OBS-DTC-S08-06,6,NO,,,,,,,NOT-RUN,4,Deterministic same-store continuation row; inspect only if every earlier store_queue_rank family fails.
PRODUCT,TRACE-PILOT-002,TRACE-P002-POOL-DTC,8,P002-DTC-S08,RAYGUN,COMPLETE,2026-09-25T18:22:52.627Z,T-SHIRTS,https://www.raygunsite.com/collections/t-shirts?sort_by=best-selling,sort_by=best-selling,Best Selling,VERIFIED,24,TRACE-P002-OBS-DTC-S08-07,7,nevertheless-she-persisted-1,"Nevertheless, She Persisted",https://www.raygunsite.com/collections/t-shirts/products/nevertheless-she-persisted-1,A folded black t-shirt with white ink text that reads,TITLE+RENDERED-THUMBNAIL,IP-EXCLUDED,IP-EXCLUDED,Recognizable public-figure/political quotation,TRACE-P002-OBS-DTC-S08-07,7,NO,,,,,,,NOT-APPLICABLE-EXCLUDED,,Gate 0 contamination-control screen; not an infringement or legal conclusion.
PRODUCT,TRACE-PILOT-002,TRACE-P002-POOL-DTC,8,P002-DTC-S08,RAYGUN,COMPLETE,2026-09-25T18:22:52.627Z,T-SHIRTS,https://www.raygunsite.com/collections/t-shirts?sort_by=best-selling,sort_by=best-selling,Best Selling,VERIFIED,24,TRACE-P002-OBS-DTC-S08-08,8,rebel-loon-alliance-ivory-heavyweight,Rebel Loon Alliance Ivory Heavyweight,https://www.raygunsite.com/collections/t-shirts/products/rebel-loon-alliance-ivory-heavyweight,A folded heavyweight cream shirt with the Rebel Loon Alliance Logo. It uses a loon with outstretched wings to mimic the shape of the Star Wars Rebel Alliance Logo. The loon is printed blue & black with red eye.,TITLE+RENDERED-THUMBNAIL,IP-EXCLUDED,IP-EXCLUDED,Star Wars Rebel Alliance logo-dependent parody,TRACE-P002-OBS-DTC-S08-08,8,NO,,,,,,,NOT-APPLICABLE-EXCLUDED,,Gate 0 contamination-control screen; not an infringement or legal conclusion.
PRODUCT,TRACE-PILOT-002,TRACE-P002-POOL-DTC,8,P002-DTC-S08,RAYGUN,COMPLETE,2026-09-25T18:22:52.627Z,T-SHIRTS,https://www.raygunsite.com/collections/t-shirts?sort_by=best-selling,sort_by=best-selling,Best Selling,VERIFIED,24,TRACE-P002-OBS-DTC-S08-09,9,midwest-map-1,Midwest Map,https://www.raygunsite.com/collections/t-shirts/products/midwest-map-1,A folded grey t-shirt with white ink depicting a satirical map of the Midwest with text above that reads,TITLE+RENDERED-THUMBNAIL,CANDIDATE,SURFACE-PASS-DETAIL-NOT-OPENED,Fixed graphic-shirt family survived the basic/title/rendered-thumbnail screen; detail and origin remain pending if reached.,TRACE-P002-OBS-DTC-S08-09,9,NO,,,,,,,NOT-RUN,5,Deterministic same-store continuation row; inspect only if every earlier store_queue_rank family fails.
PRODUCT,TRACE-PILOT-002,TRACE-P002-POOL-DTC,8,P002-DTC-S08,RAYGUN,COMPLETE,2026-09-25T18:22:52.627Z,T-SHIRTS,https://www.raygunsite.com/collections/t-shirts?sort_by=best-selling,sort_by=best-selling,Best Selling,VERIFIED,24,TRACE-P002-OBS-DTC-S08-10,10,america-needs-national-parks,America Needs National Parks,https://www.raygunsite.com/collections/t-shirts/products/america-needs-national-parks,Folded heather military green t-shirt with forest green text that reads,TITLE+RENDERED-THUMBNAIL,CANDIDATE,SURFACE-PASS-DETAIL-NOT-OPENED,Fixed graphic-shirt family survived the basic/title/rendered-thumbnail screen; detail and origin remain pending if reached.,TRACE-P002-OBS-DTC-S08-10,10,NO,,,,,,,NOT-RUN,6,Deterministic same-store continuation row; inspect only if every earlier store_queue_rank family fails.
PRODUCT,TRACE-PILOT-002,TRACE-P002-POOL-DTC,8,P002-DTC-S08,RAYGUN,COMPLETE,2026-09-25T18:22:52.627Z,T-SHIRTS,https://www.raygunsite.com/collections/t-shirts?sort_by=best-selling,sort_by=best-selling,Best Selling,VERIFIED,24,TRACE-P002-OBS-DTC-S08-11,11,dont-tread-on-me-uterus-1,Don't Tread On Me Uterus,https://www.raygunsite.com/collections/t-shirts/products/dont-tread-on-me-uterus-1,Folded gold t-shirt with black ink depicting a uterus as a snake above text that reads,TITLE+RENDERED-THUMBNAIL,CANDIDATE,SURFACE-PASS-DETAIL-NOT-OPENED,Fixed graphic-shirt family survived the basic/title/rendered-thumbnail screen; detail and origin remain pending if reached.,TRACE-P002-OBS-DTC-S08-11,11,NO,,,,,,,NOT-RUN,7,Deterministic same-store continuation row; inspect only if every earlier store_queue_rank family fails.
PRODUCT,TRACE-PILOT-002,TRACE-P002-POOL-DTC,8,P002-DTC-S08,RAYGUN,COMPLETE,2026-09-25T18:22:52.627Z,T-SHIRTS,https://www.raygunsite.com/collections/t-shirts?sort_by=best-selling,sort_by=best-selling,Best Selling,VERIFIED,24,TRACE-P002-OBS-DTC-S08-12,12,rebel-loon-alliance-pepper-heavyweight,Rebel Loon Alliance Pepper Heavyweight,https://www.raygunsite.com/collections/t-shirts/products/rebel-loon-alliance-pepper-heavyweight,A folded heavyweight charcoal shirt with the Rebel Loon Alliance Logo. It uses a loon with outstretched wings to mimic the shape of the Star Wars Rebel Alliance Logo. The loon is printed blue & black with red eye.,TITLE+RENDERED-THUMBNAIL,IP-EXCLUDED,IP-EXCLUDED,Star Wars Rebel Alliance logo-dependent parody,TRACE-P002-OBS-DTC-S08-12,12,NO,,,,,,,NOT-APPLICABLE-EXCLUDED,,Gate 0 contamination-control screen; not an infringement or legal conclusion.
PRODUCT,TRACE-PILOT-002,TRACE-P002-POOL-DTC,8,P002-DTC-S08,RAYGUN,COMPLETE,2026-09-25T18:22:52.627Z,T-SHIRTS,https://www.raygunsite.com/collections/t-shirts?sort_by=best-selling,sort_by=best-selling,Best Selling,VERIFIED,24,TRACE-P002-OBS-DTC-S08-13,13,america-needs-public-schools,America Needs Public Schools,https://www.raygunsite.com/collections/t-shirts/products/america-needs-public-schools,Folded red t-shirt with white text 'AMERICA NEEDS PUBLIC SCHOOLS' on a white background,TITLE+RENDERED-THUMBNAIL,CANDIDATE,SURFACE-PASS-DETAIL-NOT-OPENED,Fixed graphic-shirt family survived the basic/title/rendered-thumbnail screen; detail and origin remain pending if reached.,TRACE-P002-OBS-DTC-S08-13,13,NO,,,,,,,NOT-RUN,8,Deterministic same-store continuation row; inspect only if every earlier store_queue_rank family fails.
PRODUCT,TRACE-PILOT-002,TRACE-P002-POOL-DTC,8,P002-DTC-S08,RAYGUN,COMPLETE,2026-09-25T18:22:52.627Z,T-SHIRTS,https://www.raygunsite.com/collections/t-shirts?sort_by=best-selling,sort_by=best-selling,Best Selling,VERIFIED,24,TRACE-P002-OBS-DTC-S08-14,14,purdy-9ers,Purdy 9ers Gold,https://www.raygunsite.com/collections/t-shirts/products/purdy-9ers,Folded yellow t-shirt with cardinal ink that says,TITLE+RENDERED-THUMBNAIL,IP-EXCLUDED,IP-EXCLUDED,Named NFL player/team dependency,TRACE-P002-OBS-DTC-S08-14,14,NO,,,,,,,NOT-APPLICABLE-EXCLUDED,,Gate 0 contamination-control screen; not an infringement or legal conclusion.
PRODUCT,TRACE-PILOT-002,TRACE-P002-POOL-DTC,8,P002-DTC-S08,RAYGUN,COMPLETE,2026-09-25T18:22:52.627Z,T-SHIRTS,https://www.raygunsite.com/collections/t-shirts?sort_by=best-selling,sort_by=best-selling,Best Selling,VERIFIED,24,TRACE-P002-OBS-DTC-S08-15,15,lutheran-crime-syndicate,Lutheran Crime Syndicate,https://www.raygunsite.com/collections/t-shirts/products/lutheran-crime-syndicate,Folded black t-shirt with white text that reads,TITLE+RENDERED-THUMBNAIL,CANDIDATE,SURFACE-PASS-DETAIL-NOT-OPENED,Fixed graphic-shirt family survived the basic/title/rendered-thumbnail screen; detail and origin remain pending if reached.,TRACE-P002-OBS-DTC-S08-15,15,NO,,,,,,,NOT-RUN,9,Deterministic same-store continuation row; inspect only if every earlier store_queue_rank family fails.
PRODUCT,TRACE-PILOT-002,TRACE-P002-POOL-DTC,8,P002-DTC-S08,RAYGUN,COMPLETE,2026-09-25T18:22:52.627Z,T-SHIRTS,https://www.raygunsite.com/collections/t-shirts?sort_by=best-selling,sort_by=best-selling,Best Selling,VERIFIED,24,TRACE-P002-OBS-DTC-S08-16,16,iowa-the-womens-basketball-state-black,Iowa: The Women's Basketball State Black,https://www.raygunsite.com/collections/t-shirts/products/iowa-the-womens-basketball-state-black,Black t-shirt with yellow 'Iowa: The Women's Basketball State' text and graphics on a white background,TITLE+RENDERED-THUMBNAIL,IP-EXCLUDED,IP-EXCLUDED,Named Iowa women's basketball/sports dependency,TRACE-P002-OBS-DTC-S08-16,16,NO,,,,,,,NOT-APPLICABLE-EXCLUDED,,Gate 0 contamination-control screen; not an infringement or legal conclusion.
PRODUCT,TRACE-PILOT-002,TRACE-P002-POOL-DTC,8,P002-DTC-S08,RAYGUN,COMPLETE,2026-09-25T18:22:52.627Z,T-SHIRTS,https://www.raygunsite.com/collections/t-shirts?sort_by=best-selling,sort_by=best-selling,Best Selling,VERIFIED,24,TRACE-P002-OBS-DTC-S08-17,17,test-shirt,Test Shirt,https://www.raygunsite.com/collections/t-shirts/products/test-shirt,"An image of three shirts laid side-by-side with a bunch of different designs printed all over them and a text bubble in the corner that says,",TITLE+RENDERED-THUMBNAIL,PRODUCT-EXCLUDED,PRODUCT-EXCLUDED,Test Shirt is not a substantive fixed graphic-shirt candidate,TRACE-P002-OBS-DTC-S08-17,17,NO,,,,,,,NOT-APPLICABLE-EXCLUDED,,Gate 0 contamination-control screen; not an infringement or legal conclusion.
PRODUCT,TRACE-PILOT-002,TRACE-P002-POOL-DTC,8,P002-DTC-S08,RAYGUN,COMPLETE,2026-09-25T18:22:52.627Z,T-SHIRTS,https://www.raygunsite.com/collections/t-shirts?sort_by=best-selling,sort_by=best-selling,Best Selling,VERIFIED,24,TRACE-P002-OBS-DTC-S08-18,18,i-have-amazing-students,I Have Amazing Students,https://www.raygunsite.com/collections/t-shirts/products/i-have-amazing-students,Heather Black t-shirt with left aligned white text that reads,TITLE+RENDERED-THUMBNAIL,CANDIDATE,SURFACE-PASS-DETAIL-NOT-OPENED,Fixed graphic-shirt family survived the basic/title/rendered-thumbnail screen; detail and origin remain pending if reached.,TRACE-P002-OBS-DTC-S08-18,18,NO,,,,,,,NOT-RUN,10,Deterministic same-store continuation row; inspect only if every earlier store_queue_rank family fails.
PRODUCT,TRACE-PILOT-002,TRACE-P002-POOL-DTC,8,P002-DTC-S08,RAYGUN,COMPLETE,2026-09-25T18:22:52.627Z,T-SHIRTS,https://www.raygunsite.com/collections/t-shirts?sort_by=best-selling,sort_by=best-selling,Best Selling,VERIFIED,24,TRACE-P002-OBS-DTC-S08-19,19,our-president-is-a-bag-of-dicks,Our President is a Bag of Dicks,https://www.raygunsite.com/collections/t-shirts/products/our-president-is-a-bag-of-dicks,A folded heather royal blue t-shirt with white text that reads,TITLE+RENDERED-THUMBNAIL,CANDIDATE,SURFACE-PASS-DETAIL-NOT-OPENED,Fixed graphic-shirt family survived the basic/title/rendered-thumbnail screen; detail and origin remain pending if reached.,TRACE-P002-OBS-DTC-S08-19,19,NO,,,,,,,NOT-RUN,11,Deterministic same-store continuation row; inspect only if every earlier store_queue_rank family fails.
PRODUCT,TRACE-PILOT-002,TRACE-P002-POOL-DTC,8,P002-DTC-S08,RAYGUN,COMPLETE,2026-09-25T18:22:52.627Z,T-SHIRTS,https://www.raygunsite.com/collections/t-shirts?sort_by=best-selling,sort_by=best-selling,Best Selling,VERIFIED,24,TRACE-P002-OBS-DTC-S08-20,20,no-kings-logo-blue,No Kings Logo Blue,https://www.raygunsite.com/collections/t-shirts/products/no-kings-logo-blue,"A heather light blue shirt with a blank ink crown and red ink X through it. Text below says,",TITLE+RENDERED-THUMBNAIL,CANDIDATE,SURFACE-PASS-DETAIL-NOT-OPENED,Fixed graphic-shirt family survived the basic/title/rendered-thumbnail screen; detail and origin remain pending if reached.,TRACE-P002-OBS-DTC-S08-20,20,NO,,,,,,,NOT-RUN,12,Deterministic same-store continuation row; inspect only if every earlier store_queue_rank family fails.
PRODUCT,TRACE-PILOT-002,TRACE-P002-POOL-DTC,8,P002-DTC-S08,RAYGUN,COMPLETE,2026-09-25T18:22:52.627Z,T-SHIRTS,https://www.raygunsite.com/collections/t-shirts?sort_by=best-selling,sort_by=best-selling,Best Selling,VERIFIED,24,TRACE-P002-OBS-DTC-S08-21,21,patrick-is-mahomey,Patrick Is Mahomey,https://www.raygunsite.com/collections/t-shirts/products/patrick-is-mahomey,"Folded red shirt with yellow text that says,",TITLE+RENDERED-THUMBNAIL,IP-EXCLUDED,IP-EXCLUDED,Named NFL player dependency,TRACE-P002-OBS-DTC-S08-21,21,NO,,,,,,,NOT-APPLICABLE-EXCLUDED,,Gate 0 contamination-control screen; not an infringement or legal conclusion.
PRODUCT,TRACE-PILOT-002,TRACE-P002-POOL-DTC,8,P002-DTC-S08,RAYGUN,COMPLETE,2026-09-25T18:22:52.627Z,T-SHIRTS,https://www.raygunsite.com/collections/t-shirts?sort_by=best-selling,sort_by=best-selling,Best Selling,VERIFIED,24,TRACE-P002-OBS-DTC-S08-22,22,never-underestimate-a-public-school-teacher-blue,Never Underestimate a Public School Teacher Blue,https://www.raygunsite.com/collections/t-shirts/products/never-underestimate-a-public-school-teacher-blue,"A heather royal blue t-shirt whit centered white text that says,",TITLE+RENDERED-THUMBNAIL,CANDIDATE,SURFACE-PASS-DETAIL-NOT-OPENED,Fixed graphic-shirt family survived the basic/title/rendered-thumbnail screen; detail and origin remain pending if reached.,TRACE-P002-OBS-DTC-S08-22,22,NO,,,,,,,NOT-RUN,13,Deterministic same-store continuation row; inspect only if every earlier store_queue_rank family fails.
PRODUCT,TRACE-PILOT-002,TRACE-P002-POOL-DTC,8,P002-DTC-S08,RAYGUN,COMPLETE,2026-09-25T18:22:52.627Z,T-SHIRTS,https://www.raygunsite.com/collections/t-shirts?sort_by=best-selling,sort_by=best-selling,Best Selling,VERIFIED,24,TRACE-P002-OBS-DTC-S08-23,23,proud-public-educator,Proud Public Educator,https://www.raygunsite.com/collections/t-shirts/products/proud-public-educator,A folded charcoal t-shirt with white text that reads,TITLE+RENDERED-THUMBNAIL,CANDIDATE,SURFACE-PASS-DETAIL-NOT-OPENED,Fixed graphic-shirt family survived the basic/title/rendered-thumbnail screen; detail and origin remain pending if reached.,TRACE-P002-OBS-DTC-S08-23,23,NO,,,,,,,NOT-RUN,14,Deterministic same-store continuation row; inspect only if every earlier store_queue_rank family fails.
PRODUCT,TRACE-PILOT-002,TRACE-P002-POOL-DTC,8,P002-DTC-S08,RAYGUN,COMPLETE,2026-09-25T18:22:52.627Z,T-SHIRTS,https://www.raygunsite.com/collections/t-shirts?sort_by=best-selling,sort_by=best-selling,Best Selling,VERIFIED,24,TRACE-P002-OBS-DTC-S08-24,24,everyone-is-welcome,Everyone is Welcome at the Library,https://www.raygunsite.com/collections/t-shirts/products/everyone-is-welcome,"Folded yellow shirt with bright blue text that says,",TITLE+RENDERED-THUMBNAIL,CANDIDATE,SURFACE-PASS-DETAIL-NOT-OPENED,Fixed graphic-shirt family survived the basic/title/rendered-thumbnail screen; detail and origin remain pending if reached.,TRACE-P002-OBS-DTC-S08-24,24,NO,,,,,,,NOT-RUN,15,Deterministic same-store continuation row; inspect only if every earlier store_queue_rank family fails.
SURFACE,TRACE-PILOT-002,TRACE-P002-POOL-DTC,9,P002-DTC-S09,Pyknic,COMPLETE,2026-09-25T18:24:50.151Z,Men's Tees,https://pyknic.com/collections/mens-tees?sort_by=best-selling,sort_by=best-selling,Best selling,VERIFIED,24,,,,,,,,,,,,,,,,,,,,,,First 24 products captured from a longer collection.
PRODUCT,TRACE-PILOT-002,TRACE-P002-POOL-DTC,9,P002-DTC-S09,Pyknic,COMPLETE,2026-09-25T18:24:50.151Z,Men's Tees,https://pyknic.com/collections/mens-tees?sort_by=best-selling,sort_by=best-selling,Best selling,VERIFIED,24,TRACE-P002-OBS-DTC-S09-01,1,hope-they-serve-tacos-in-hell-tee-black,HOPE THEY SERVE TACOS IN HELL TEE,https://pyknic.com/collections/mens-tees/products/hope-they-serve-tacos-in-hell-tee-black,"men - Male model in Hope They Serve Tacos in Hell Tee in Black with bold graphic print, made of soft cotton blend.",TITLE+RENDERED-THUMBNAIL,IP-EXCLUDED,IP-EXCLUDED,Title-led echo of I Hope They Serve Beer in Hell,TRACE-P002-OBS-DTC-S09-01,1,YES,,,,,,,NOT-APPLICABLE-EXCLUDED,,Gate 0 contamination-control screen; not an infringement or legal conclusion.
PRODUCT,TRACE-PILOT-002,TRACE-P002-POOL-DTC,9,P002-DTC-S09,Pyknic,COMPLETE,2026-09-25T18:24:50.151Z,Men's Tees,https://pyknic.com/collections/mens-tees?sort_by=best-selling,sort_by=best-selling,Best selling,VERIFIED,24,TRACE-P002-OBS-DTC-S09-02,2,extra-spicy-tee,EXTRA SPICY TEE,https://pyknic.com/collections/mens-tees/products/extra-spicy-tee,Extra Spicy Tee,TITLE+RENDERED-THUMBNAIL,CANDIDATE,ORIGIN-PENDING,Highest-ranked canonical family surviving basic/title/thumbnail Gate 0 in this store.,TRACE-P002-OBS-DTC-S09-02,2,YES,ITEM-VISIBLE,22,Twenty-two visible verified-buyer reviews corroborated by named-product JSON-LD,YES,MEDIUM-CANDIDATE,"Family-owned brand language and seller-specific product page, but no explicit candidate-level artist credit; origin not independently tested.",NOT-RUN,1,Provisional candidate only; mandatory cross-market origin searches and final Gate 0 remain open; no SDC created.
PRODUCT,TRACE-PILOT-002,TRACE-P002-POOL-DTC,9,P002-DTC-S09,Pyknic,COMPLETE,2026-09-25T18:24:50.151Z,Men's Tees,https://pyknic.com/collections/mens-tees?sort_by=best-selling,sort_by=best-selling,Best selling,VERIFIED,24,TRACE-P002-OBS-DTC-S09-03,3,quesadillas-tee,QUESADILLAS TEE,https://pyknic.com/collections/mens-tees/products/quesadillas-tee,"men - Pyknic Soft Vintage Inspired Striped Sleeve Retro Graphic Tee, Foodie Tshirt, Quesadillas, Scorpion, Desert, Joshua Tree, Palm Springs, Rust Tee, Tex Mex, Mexican Food, Western Tshirt",TITLE+RENDERED-THUMBNAIL,CANDIDATE,SURFACE-PASS-DETAIL-NOT-OPENED,Fixed graphic-shirt family survived the basic/title/rendered-thumbnail screen; detail and origin remain pending if reached.,TRACE-P002-OBS-DTC-S09-03,3,NO,,,,,,,NOT-RUN,2,Deterministic same-store continuation row; inspect only if every earlier store_queue_rank family fails.
PRODUCT,TRACE-PILOT-002,TRACE-P002-POOL-DTC,9,P002-DTC-S09,Pyknic,COMPLETE,2026-09-25T18:24:50.151Z,Men's Tees,https://pyknic.com/collections/mens-tees?sort_by=best-selling,sort_by=best-selling,Best selling,VERIFIED,24,TRACE-P002-OBS-DTC-S09-04,4,raise-hell-eat-tacos-tee,RAISE HELL EAT TACOS TEE,https://pyknic.com/collections/mens-tees/products/raise-hell-eat-tacos-tee,Raise Hell Eat Tacos Tee,TITLE+RENDERED-THUMBNAIL,CANDIDATE,SURFACE-PASS-DETAIL-NOT-OPENED,Fixed graphic-shirt family survived the basic/title/rendered-thumbnail screen; detail and origin remain pending if reached.,TRACE-P002-OBS-DTC-S09-04,4,NO,,,,,,,NOT-RUN,3,Deterministic same-store continuation row; inspect only if every earlier store_queue_rank family fails.
PRODUCT,TRACE-PILOT-002,TRACE-P002-POOL-DTC,9,P002-DTC-S09,Pyknic,COMPLETE,2026-09-25T18:24:50.151Z,Men's Tees,https://pyknic.com/collections/mens-tees?sort_by=best-selling,sort_by=best-selling,Best selling,VERIFIED,24,TRACE-P002-OBS-DTC-S09-05,5,death-before-decaf-coffee-tee,DEATH BEFORE DECAF TEE,https://pyknic.com/collections/mens-tees/products/death-before-decaf-coffee-tee,Death Before Decaf Tee,TITLE+RENDERED-THUMBNAIL,CANDIDATE,SURFACE-PASS-DETAIL-NOT-OPENED,Fixed graphic-shirt family survived the basic/title/rendered-thumbnail screen; detail and origin remain pending if reached.,TRACE-P002-OBS-DTC-S09-05,5,NO,,,,,,,NOT-RUN,4,Deterministic same-store continuation row; inspect only if every earlier store_queue_rank family fails.
PRODUCT,TRACE-PILOT-002,TRACE-P002-POOL-DTC,9,P002-DTC-S09,Pyknic,COMPLETE,2026-09-25T18:24:50.151Z,Men's Tees,https://pyknic.com/collections/mens-tees?sort_by=best-selling,sort_by=best-selling,Best selling,VERIFIED,24,TRACE-P002-OBS-DTC-S09-06,6,tacos-beer-tee,TACOS AND BEER TEE,https://pyknic.com/collections/mens-tees/products/tacos-beer-tee,Man wearing the unisex Tacos and Beer Graphic Tee with desert sunrise design on soft cotton-rayon blend cream t-shirt.,TITLE+RENDERED-THUMBNAIL,CANDIDATE,SURFACE-PASS-DETAIL-NOT-OPENED,Fixed graphic-shirt family survived the basic/title/rendered-thumbnail screen; detail and origin remain pending if reached.,TRACE-P002-OBS-DTC-S09-06,6,NO,,,,,,,NOT-RUN,5,Deterministic same-store continuation row; inspect only if every earlier store_queue_rank family fails.
PRODUCT,TRACE-PILOT-002,TRACE-P002-POOL-DTC,9,P002-DTC-S09,Pyknic,COMPLETE,2026-09-25T18:24:50.151Z,Men's Tees,https://pyknic.com/collections/mens-tees?sort_by=best-selling,sort_by=best-selling,Best selling,VERIFIED,24,TRACE-P002-OBS-DTC-S09-07,7,count-blessings-not-calories-tee,COUNT BLESSINGS NOT CALORIES TEE,https://pyknic.com/collections/mens-tees/products/count-blessings-not-calories-tee,men - Pyknic | Count Blessings Not Calories Virgen de Guadalupe Tacos Dietitian Day of the Dead Foodie T-shirt,TITLE+RENDERED-THUMBNAIL,CANDIDATE,SURFACE-PASS-DETAIL-NOT-OPENED,Fixed graphic-shirt family survived the basic/title/rendered-thumbnail screen; detail and origin remain pending if reached.,TRACE-P002-OBS-DTC-S09-07,7,NO,,,,,,,NOT-RUN,6,Deterministic same-store continuation row; inspect only if every earlier store_queue_rank family fails.
PRODUCT,TRACE-PILOT-002,TRACE-P002-POOL-DTC,9,P002-DTC-S09,Pyknic,COMPLETE,2026-09-25T18:24:50.151Z,Men's Tees,https://pyknic.com/collections/mens-tees?sort_by=best-selling,sort_by=best-selling,Best selling,VERIFIED,24,TRACE-P002-OBS-DTC-S09-08,8,having-a-meltdown-tee,HAVING A MELTDOWN TEE,https://pyknic.com/collections/mens-tees/products/having-a-meltdown-tee,men women - Pyknic | Having a Meltdown Skull Ice Cream Cone Mental Health Therapy Tshirt,TITLE+RENDERED-THUMBNAIL,CANDIDATE,SURFACE-PASS-DETAIL-NOT-OPENED,Fixed graphic-shirt family survived the basic/title/rendered-thumbnail screen; detail and origin remain pending if reached.,TRACE-P002-OBS-DTC-S09-08,8,NO,,,,,,,NOT-RUN,7,Deterministic same-store continuation row; inspect only if every earlier store_queue_rank family fails.
PRODUCT,TRACE-PILOT-002,TRACE-P002-POOL-DTC,9,P002-DTC-S09,Pyknic,COMPLETE,2026-09-25T18:24:50.151Z,Men's Tees,https://pyknic.com/collections/mens-tees?sort_by=best-selling,sort_by=best-selling,Best selling,VERIFIED,24,TRACE-P002-OBS-DTC-S09-09,9,cereal-killer-tee,CEREAL KILLER TEE,https://pyknic.com/collections/mens-tees/products/cereal-killer-tee,men - Pyknic | Cereal Killer Unisex Food Pun Foodie Skull Tee Breakfast T-shirt,TITLE+RENDERED-THUMBNAIL,CANDIDATE,SURFACE-PASS-DETAIL-NOT-OPENED,Fixed graphic-shirt family survived the basic/title/rendered-thumbnail screen; detail and origin remain pending if reached.,TRACE-P002-OBS-DTC-S09-09,9,NO,,,,,,,NOT-RUN,8,Deterministic same-store continuation row; inspect only if every earlier store_queue_rank family fails.
PRODUCT,TRACE-PILOT-002,TRACE-P002-POOL-DTC,9,P002-DTC-S09,Pyknic,COMPLETE,2026-09-25T18:24:50.151Z,Men's Tees,https://pyknic.com/collections/mens-tees?sort_by=best-selling,sort_by=best-selling,Best selling,VERIFIED,24,TRACE-P002-OBS-DTC-S09-10,10,burnt-out-tee,BURNT OUT TEE,https://pyknic.com/collections/mens-tees/products/burnt-out-tee,men - Pyknic | Burnt Out Bread Mental Health Tshirt Bakery Pastry Tee,TITLE+RENDERED-THUMBNAIL,CANDIDATE,SURFACE-PASS-DETAIL-NOT-OPENED,Fixed graphic-shirt family survived the basic/title/rendered-thumbnail screen; detail and origin remain pending if reached.,TRACE-P002-OBS-DTC-S09-10,10,NO,,,,,,,NOT-RUN,9,Deterministic same-store continuation row; inspect only if every earlier store_queue_rank family fails.
PRODUCT,TRACE-PILOT-002,TRACE-P002-POOL-DTC,9,P002-DTC-S09,Pyknic,COMPLETE,2026-09-25T18:24:50.151Z,Men's Tees,https://pyknic.com/collections/mens-tees?sort_by=best-selling,sort_by=best-selling,Best selling,VERIFIED,24,TRACE-P002-OBS-DTC-S09-11,11,donut-kill-my-vibe-tee,DONUT KILL MY VIBE TEE,https://pyknic.com/collections/mens-tees/products/donut-kill-my-vibe-tee,Black Donut Kill My Vibe Graphic Tee with grim reaper and donut design,TITLE+RENDERED-THUMBNAIL,CANDIDATE,SURFACE-PASS-DETAIL-NOT-OPENED,Fixed graphic-shirt family survived the basic/title/rendered-thumbnail screen; detail and origin remain pending if reached.,TRACE-P002-OBS-DTC-S09-11,11,NO,,,,,,,NOT-RUN,10,Deterministic same-store continuation row; inspect only if every earlier store_queue_rank family fails.
PRODUCT,TRACE-PILOT-002,TRACE-P002-POOL-DTC,9,P002-DTC-S09,Pyknic,COMPLETE,2026-09-25T18:24:50.151Z,Men's Tees,https://pyknic.com/collections/mens-tees?sort_by=best-selling,sort_by=best-selling,Best selling,VERIFIED,24,TRACE-P002-OBS-DTC-S09-12,12,quittin-time-margaritas-tee,QUITTIN' TIME TEE,https://pyknic.com/collections/mens-tees/products/quittin-time-margaritas-tee,"Model wearing Pyknic Quittin' Time Tee in Black, showcasing snarky skeleton margarita print and bold contrasting stripes.",TITLE+RENDERED-THUMBNAIL,CANDIDATE,SURFACE-PASS-DETAIL-NOT-OPENED,Fixed graphic-shirt family survived the basic/title/rendered-thumbnail screen; detail and origin remain pending if reached.,TRACE-P002-OBS-DTC-S09-12,12,NO,,,,,,,NOT-RUN,11,Deterministic same-store continuation row; inspect only if every earlier store_queue_rank family fails.
PRODUCT,TRACE-PILOT-002,TRACE-P002-POOL-DTC,9,P002-DTC-S09,Pyknic,COMPLETE,2026-09-25T18:24:50.151Z,Men's Tees,https://pyknic.com/collections/mens-tees?sort_by=best-selling,sort_by=best-selling,Best selling,VERIFIED,24,TRACE-P002-OBS-DTC-S09-13,13,over-worked-under-caffeinated-tee,OVERWORKED UNDER CAFFEINATED TEE,https://pyknic.com/collections/mens-tees/products/over-worked-under-caffeinated-tee,Male Model in Overworked Under Caffeinated Graphic Tee with casual jeans,TITLE+RENDERED-THUMBNAIL,CANDIDATE,SURFACE-PASS-DETAIL-NOT-OPENED,Fixed graphic-shirt family survived the basic/title/rendered-thumbnail screen; detail and origin remain pending if reached.,TRACE-P002-OBS-DTC-S09-13,13,NO,,,,,,,NOT-RUN,12,Deterministic same-store continuation row; inspect only if every earlier store_queue_rank family fails.
PRODUCT,TRACE-PILOT-002,TRACE-P002-POOL-DTC,9,P002-DTC-S09,Pyknic,COMPLETE,2026-09-25T18:24:50.151Z,Men's Tees,https://pyknic.com/collections/mens-tees?sort_by=best-selling,sort_by=best-selling,Best selling,VERIFIED,24,TRACE-P002-OBS-DTC-S09-14,14,lost-in-the-hot-sauce-tee,LOST IN THE HOT SAUCE TEE,https://pyknic.com/collections/mens-tees/products/lost-in-the-hot-sauce-tee,men women - Pyknic | Lost in the Hot Sauce Chili Pepper T-shirt Hot Ones Foodie Spicy Tee,TITLE+RENDERED-THUMBNAIL,CANDIDATE,SURFACE-PASS-DETAIL-NOT-OPENED,Fixed graphic-shirt family survived the basic/title/rendered-thumbnail screen; detail and origin remain pending if reached.,TRACE-P002-OBS-DTC-S09-14,14,NO,,,,,,,NOT-RUN,13,Deterministic same-store continuation row; inspect only if every earlier store_queue_rank family fails.
PRODUCT,TRACE-PILOT-002,TRACE-P002-POOL-DTC,9,P002-DTC-S09,Pyknic,COMPLETE,2026-09-25T18:24:50.151Z,Men's Tees,https://pyknic.com/collections/mens-tees?sort_by=best-selling,sort_by=best-selling,Best selling,VERIFIED,24,TRACE-P002-OBS-DTC-S09-15,15,coffee-cult-tee,COFFEE CULT TEE,https://pyknic.com/collections/mens-tees/products/coffee-cult-tee,"men - Coffee Cult Tee by Pyknic | Skeleton Bones T-shirt for Foodies, Coffee Lovers, Barista, Cafe Shirt",TITLE+RENDERED-THUMBNAIL,CANDIDATE,SURFACE-PASS-DETAIL-NOT-OPENED,Fixed graphic-shirt family survived the basic/title/rendered-thumbnail screen; detail and origin remain pending if reached.,TRACE-P002-OBS-DTC-S09-15,15,NO,,,,,,,NOT-RUN,14,Deterministic same-store continuation row; inspect only if every earlier store_queue_rank family fails.
PRODUCT,TRACE-PILOT-002,TRACE-P002-POOL-DTC,9,P002-DTC-S09,Pyknic,COMPLETE,2026-09-25T18:24:50.151Z,Men's Tees,https://pyknic.com/collections/mens-tees?sort_by=best-selling,sort_by=best-selling,Best selling,VERIFIED,24,TRACE-P002-OBS-DTC-S09-16,16,pasta-la-vista-tee,PASTA LA VISTA TEE,https://pyknic.com/collections/mens-tees/products/pasta-la-vista-tee,men - Pyknic | Pasta La Vista Grim Reaper Italian Restaurant Food Pun T-shirt Noodles Carbs,TITLE+RENDERED-THUMBNAIL,CANDIDATE,SURFACE-PASS-DETAIL-NOT-OPENED,Fixed graphic-shirt family survived the basic/title/rendered-thumbnail screen; detail and origin remain pending if reached.,TRACE-P002-OBS-DTC-S09-16,16,NO,,,,,,,NOT-RUN,15,Deterministic same-store continuation row; inspect only if every earlier store_queue_rank family fails.
PRODUCT,TRACE-PILOT-002,TRACE-P002-POOL-DTC,9,P002-DTC-S09,Pyknic,COMPLETE,2026-09-25T18:24:50.151Z,Men's Tees,https://pyknic.com/collections/mens-tees?sort_by=best-selling,sort_by=best-selling,Best selling,VERIFIED,24,TRACE-P002-OBS-DTC-S09-17,17,dying-for-a-burrito-tee,DYING FOR A BURRITO TEE,https://pyknic.com/collections/mens-tees/products/dying-for-a-burrito-tee,men - Pyknic | Dying for a Burrito Desert Texas Mexican Food Taco Foodie T-shirt Chipotle,TITLE+RENDERED-THUMBNAIL,CANDIDATE,SURFACE-PASS-DETAIL-NOT-OPENED,Fixed graphic-shirt family survived the basic/title/rendered-thumbnail screen; detail and origin remain pending if reached.,TRACE-P002-OBS-DTC-S09-17,17,NO,,,,,,,NOT-RUN,16,Deterministic same-store continuation row; inspect only if every earlier store_queue_rank family fails.
PRODUCT,TRACE-PILOT-002,TRACE-P002-POOL-DTC,9,P002-DTC-S09,Pyknic,COMPLETE,2026-09-25T18:24:50.151Z,Men's Tees,https://pyknic.com/collections/mens-tees?sort_by=best-selling,sort_by=best-selling,Best selling,VERIFIED,24,TRACE-P002-OBS-DTC-S09-18,18,strugglin-tee,STRUGGLIN TEE,https://pyknic.com/collections/mens-tees/products/strugglin-tee,men - Pyknic Struggling Spaghetti Pasta Noodles Skeleton Bones Foodie Tee,TITLE+RENDERED-THUMBNAIL,CANDIDATE,SURFACE-PASS-DETAIL-NOT-OPENED,Fixed graphic-shirt family survived the basic/title/rendered-thumbnail screen; detail and origin remain pending if reached.,TRACE-P002-OBS-DTC-S09-18,18,NO,,,,,,,NOT-RUN,17,Deterministic same-store continuation row; inspect only if every earlier store_queue_rank family fails.
PRODUCT,TRACE-PILOT-002,TRACE-P002-POOL-DTC,9,P002-DTC-S09,Pyknic,COMPLETE,2026-09-25T18:24:50.151Z,Men's Tees,https://pyknic.com/collections/mens-tees?sort_by=best-selling,sort_by=best-selling,Best selling,VERIFIED,24,TRACE-P002-OBS-DTC-S09-19,19,bit-off-more-than-i-can-chew-tee,BIT OFF MORE THAN I CAN CHEW TEE,https://pyknic.com/collections/mens-tees/products/bit-off-more-than-i-can-chew-tee,men -,TITLE+RENDERED-THUMBNAIL,CANDIDATE,SURFACE-PASS-DETAIL-NOT-OPENED,Fixed graphic-shirt family survived the basic/title/rendered-thumbnail screen; detail and origin remain pending if reached.,TRACE-P002-OBS-DTC-S09-19,19,NO,,,,,,,NOT-RUN,18,Deterministic same-store continuation row; inspect only if every earlier store_queue_rank family fails.
PRODUCT,TRACE-PILOT-002,TRACE-P002-POOL-DTC,9,P002-DTC-S09,Pyknic,COMPLETE,2026-09-25T18:24:50.151Z,Men's Tees,https://pyknic.com/collections/mens-tees?sort_by=best-selling,sort_by=best-selling,Best selling,VERIFIED,24,TRACE-P002-OBS-DTC-S09-20,20,hungry-as-hell-tee,HUNGRY AS HELL TEE,https://pyknic.com/collections/mens-tees/products/hungry-as-hell-tee,men - Pyknic | Hungry as Hell Dogs eating Hot Dogs in Flames Food Tshirt,TITLE+RENDERED-THUMBNAIL,CANDIDATE,SURFACE-PASS-DETAIL-NOT-OPENED,Fixed graphic-shirt family survived the basic/title/rendered-thumbnail screen; detail and origin remain pending if reached.,TRACE-P002-OBS-DTC-S09-20,20,NO,,,,,,,NOT-RUN,19,Deterministic same-store continuation row; inspect only if every earlier store_queue_rank family fails.
PRODUCT,TRACE-PILOT-002,TRACE-P002-POOL-DTC,9,P002-DTC-S09,Pyknic,COMPLETE,2026-09-25T18:24:50.151Z,Men's Tees,https://pyknic.com/collections/mens-tees?sort_by=best-selling,sort_by=best-selling,Best selling,VERIFIED,24,TRACE-P002-OBS-DTC-S09-21,21,more-coffee-tee,MORE COFFEE TEE,https://pyknic.com/collections/mens-tees/products/more-coffee-tee,More Coffee Graphic Tee with bold vintage text and tiger screen print.,TITLE+RENDERED-THUMBNAIL,CANDIDATE,SURFACE-PASS-DETAIL-NOT-OPENED,Fixed graphic-shirt family survived the basic/title/rendered-thumbnail screen; detail and origin remain pending if reached.,TRACE-P002-OBS-DTC-S09-21,21,NO,,,,,,,NOT-RUN,20,Deterministic same-store continuation row; inspect only if every earlier store_queue_rank family fails.
PRODUCT,TRACE-PILOT-002,TRACE-P002-POOL-DTC,9,P002-DTC-S09,Pyknic,COMPLETE,2026-09-25T18:24:50.151Z,Men's Tees,https://pyknic.com/collections/mens-tees?sort_by=best-selling,sort_by=best-selling,Best selling,VERIFIED,24,TRACE-P002-OBS-DTC-S09-22,22,heated-tee,HEATED TEE,https://pyknic.com/collections/mens-tees/products/heated-tee,men - Heated Skull in a Frying Pan with Flames Angry Tattoo Graphic T-shirt Chef Foodie,TITLE+RENDERED-THUMBNAIL,CANDIDATE,SURFACE-PASS-DETAIL-NOT-OPENED,Fixed graphic-shirt family survived the basic/title/rendered-thumbnail screen; detail and origin remain pending if reached.,TRACE-P002-OBS-DTC-S09-22,22,NO,,,,,,,NOT-RUN,21,Deterministic same-store continuation row; inspect only if every earlier store_queue_rank family fails.
PRODUCT,TRACE-PILOT-002,TRACE-P002-POOL-DTC,9,P002-DTC-S09,Pyknic,COMPLETE,2026-09-25T18:24:50.151Z,Men's Tees,https://pyknic.com/collections/mens-tees?sort_by=best-selling,sort_by=best-selling,Best selling,VERIFIED,24,TRACE-P002-OBS-DTC-S09-23,23,sloppy-joes-tee,SLOPPY JOES TEE,https://pyknic.com/collections/mens-tees/products/sloppy-joes-tee,Sloppy Joes Tee,TITLE+RENDERED-THUMBNAIL,CANDIDATE,SURFACE-PASS-DETAIL-NOT-OPENED,Fixed graphic-shirt family survived the basic/title/rendered-thumbnail screen; detail and origin remain pending if reached.,TRACE-P002-OBS-DTC-S09-23,23,NO,,,,,,,NOT-RUN,22,Deterministic same-store continuation row; inspect only if every earlier store_queue_rank family fails.
PRODUCT,TRACE-PILOT-002,TRACE-P002-POOL-DTC,9,P002-DTC-S09,Pyknic,COMPLETE,2026-09-25T18:24:50.151Z,Men's Tees,https://pyknic.com/collections/mens-tees?sort_by=best-selling,sort_by=best-selling,Best selling,VERIFIED,24,TRACE-P002-OBS-DTC-S09-24,24,pizza-tee,PIZZA TEE,https://pyknic.com/collections/mens-tees/products/pizza-tee,"Skeleton chef Pizza Tee in Cream with Marinara Red collar and sleeves, showcasing retro pizza box-inspired screenprint on soft cotton-rayon blend.",TITLE+RENDERED-THUMBNAIL,CANDIDATE,SURFACE-PASS-DETAIL-NOT-OPENED,Fixed graphic-shirt family survived the basic/title/rendered-thumbnail screen; detail and origin remain pending if reached.,TRACE-P002-OBS-DTC-S09-24,24,NO,,,,,,,NOT-RUN,23,Deterministic same-store continuation row; inspect only if every earlier store_queue_rank family fails.
SURFACE,TRACE-PILOT-002,TRACE-P002-POOL-DTC,10,P002-DTC-S10,Blackbird Supply Co.,COMPLETE,2026-09-25T18:25:52.916Z,COLLECTION: ALL,https://www.blackbirdsupply.com/collections/mens-womens-apparel?sort_by=best-selling,sort_by=best-selling,Best selling,VERIFIED,24,,,,,,,,,,,,,,,,,,,,,,First 24 products captured from a longer collection.
PRODUCT,TRACE-PILOT-002,TRACE-P002-POOL-DTC,10,P002-DTC-S10,Blackbird Supply Co.,COMPLETE,2026-09-25T18:25:52.916Z,COLLECTION: ALL,https://www.blackbirdsupply.com/collections/mens-womens-apparel?sort_by=best-selling,sort_by=best-selling,Best selling,VERIFIED,24,TRACE-P002-OBS-DTC-S10-01,1,badlands-rolled-cuff-shirt-for-women-heather-olive,Badlands National Park Women's Rolled Cuff Muscle Shirt Heather Olive,https://www.blackbirdsupply.com/products/badlands-rolled-cuff-shirt-for-women-heather-olive,,TITLE+RENDERED-THUMBNAIL,CANDIDATE,ORIGIN-PENDING,Highest-ranked canonical family surviving basic/title/thumbnail Gate 0 in this store.,TRACE-P002-OBS-DTC-S10-01,1,YES,UNCLEAR,,"No item review, sold count, or other independent nonzero-sales signal was exposed beyond within-store best-selling rank",UNVERIFIED,HIGH-CANDIDATE,Product copy gives a design-specific inspiration account; store states small-batch hand printing in RVA; origin not independently tested.,NOT-RUN,1,Provisional candidate only; mandatory cross-market origin searches and final Gate 0 remain open; no SDC created.
PRODUCT,TRACE-PILOT-002,TRACE-P002-POOL-DTC,10,P002-DTC-S10,Blackbird Supply Co.,COMPLETE,2026-09-25T18:25:52.916Z,COLLECTION: ALL,https://www.blackbirdsupply.com/collections/mens-womens-apparel?sort_by=best-selling,sort_by=best-selling,Best selling,VERIFIED,24,TRACE-P002-OBS-DTC-S10-02,2,mens-gold-record-music-lover-vinyl-record-shirt-on-black,Mens Gold LP Vinyl Record Music Lover Shirt in Solid Black,https://www.blackbirdsupply.com/products/mens-gold-record-music-lover-vinyl-record-shirt-on-black,,TITLE+RENDERED-THUMBNAIL,CANDIDATE,SURFACE-PASS-DETAIL-NOT-OPENED,Fixed graphic-shirt family survived the basic/title/rendered-thumbnail screen; detail and origin remain pending if reached.,TRACE-P002-OBS-DTC-S10-02,2,NO,,,,,,,NOT-RUN,2,Deterministic same-store continuation row; inspect only if every earlier store_queue_rank family fails.
PRODUCT,TRACE-PILOT-002,TRACE-P002-POOL-DTC,10,P002-DTC-S10,Blackbird Supply Co.,COMPLETE,2026-09-25T18:25:52.916Z,COLLECTION: ALL,https://www.blackbirdsupply.com/collections/mens-womens-apparel?sort_by=best-selling,sort_by=best-selling,Best selling,VERIFIED,24,TRACE-P002-OBS-DTC-S10-03,3,big-and-little-dipper-tshirt-set-father-and-child-indigo-blue,"Big & Little Dipper Tshirt Set, Father and Child Gift For Dads Indigo Blue",https://www.blackbirdsupply.com/products/big-and-little-dipper-tshirt-set-father-and-child-indigo-blue,,TITLE+RENDERED-THUMBNAIL,CANDIDATE,SURFACE-PASS-DETAIL-NOT-OPENED,Fixed graphic-shirt family survived the basic/title/rendered-thumbnail screen; detail and origin remain pending if reached.,TRACE-P002-OBS-DTC-S10-03,3,NO,,,,,,,NOT-RUN,3,Deterministic same-store continuation row; inspect only if every earlier store_queue_rank family fails.
PRODUCT,TRACE-PILOT-002,TRACE-P002-POOL-DTC,10,P002-DTC-S10,Blackbird Supply Co.,COMPLETE,2026-09-25T18:25:52.916Z,COLLECTION: ALL,https://www.blackbirdsupply.com/collections/mens-womens-apparel?sort_by=best-selling,sort_by=best-selling,Best selling,VERIFIED,24,TRACE-P002-OBS-DTC-S10-04,4,fern-leaves-print-eco-friendly-womens-tee-on-forest-green,Fern Leaves Print Eco-Friendly Women's Tee on Forest Green,https://www.blackbirdsupply.com/products/fern-leaves-print-eco-friendly-womens-tee-on-forest-green,,TITLE+RENDERED-THUMBNAIL,CANDIDATE,SURFACE-PASS-DETAIL-NOT-OPENED,Fixed graphic-shirt family survived the basic/title/rendered-thumbnail screen; detail and origin remain pending if reached.,TRACE-P002-OBS-DTC-S10-04,4,NO,,,,,,,NOT-RUN,4,Deterministic same-store continuation row; inspect only if every earlier store_queue_rank family fails.
PRODUCT,TRACE-PILOT-002,TRACE-P002-POOL-DTC,10,P002-DTC-S10,Blackbird Supply Co.,COMPLETE,2026-09-25T18:25:52.916Z,COLLECTION: ALL,https://www.blackbirdsupply.com/collections/mens-womens-apparel?sort_by=best-selling,sort_by=best-selling,Best selling,VERIFIED,24,TRACE-P002-OBS-DTC-S10-05,5,aspen-trees-bryce-canyon-national-park-womens-graphic-tee-asphalt-gray,Aspen Trees Bryce Canyon National Park Womens Graphic Tee Asphalt Gray,https://www.blackbirdsupply.com/products/aspen-trees-bryce-canyon-national-park-womens-graphic-tee-asphalt-gray,,TITLE+RENDERED-THUMBNAIL,CANDIDATE,SURFACE-PASS-DETAIL-NOT-OPENED,Fixed graphic-shirt family survived the basic/title/rendered-thumbnail screen; detail and origin remain pending if reached.,TRACE-P002-OBS-DTC-S10-05,5,NO,,,,,,,NOT-RUN,5,Deterministic same-store continuation row; inspect only if every earlier store_queue_rank family fails.
PRODUCT,TRACE-PILOT-002,TRACE-P002-POOL-DTC,10,P002-DTC-S10,Blackbird Supply Co.,COMPLETE,2026-09-25T18:25:52.916Z,COLLECTION: ALL,https://www.blackbirdsupply.com/collections/mens-womens-apparel?sort_by=best-selling,sort_by=best-selling,Best selling,VERIFIED,24,TRACE-P002-OBS-DTC-S10-06,6,mens-record-shirt-vinyl-lp-graphic-tee-gray,Mens LP Vinyl Record Music Lover T-Shirt on Heather Gray,https://www.blackbirdsupply.com/products/mens-record-shirt-vinyl-lp-graphic-tee-gray,,TITLE+RENDERED-THUMBNAIL,CANDIDATE,SURFACE-PASS-DETAIL-NOT-OPENED,Fixed graphic-shirt family survived the basic/title/rendered-thumbnail screen; detail and origin remain pending if reached.,TRACE-P002-OBS-DTC-S10-06,6,NO,,,,,,,NOT-RUN,6,Deterministic same-store continuation row; inspect only if every earlier store_queue_rank family fails.
PRODUCT,TRACE-PILOT-002,TRACE-P002-POOL-DTC,10,P002-DTC-S10,Blackbird Supply Co.,COMPLETE,2026-09-25T18:25:52.916Z,COLLECTION: ALL,https://www.blackbirdsupply.com/collections/mens-womens-apparel?sort_by=best-selling,sort_by=best-selling,Best selling,VERIFIED,24,TRACE-P002-OBS-DTC-S10-07,7,full-fathoms-womens-nautical-off-the-shoulder-bamboo-organic-cotton-top-black,Full Fathoms Off The Shoulder Bamboo Organic Cotton Poncho Black,https://www.blackbirdsupply.com/products/full-fathoms-womens-nautical-off-the-shoulder-bamboo-organic-cotton-top-black,,TITLE+RENDERED-THUMBNAIL,CANDIDATE,SURFACE-PASS-DETAIL-NOT-OPENED,Fixed graphic-shirt family survived the basic/title/rendered-thumbnail screen; detail and origin remain pending if reached.,TRACE-P002-OBS-DTC-S10-07,7,NO,,,,,,,NOT-RUN,7,Deterministic same-store continuation row; inspect only if every earlier store_queue_rank family fails.
PRODUCT,TRACE-PILOT-002,TRACE-P002-POOL-DTC,10,P002-DTC-S10,Blackbird Supply Co.,COMPLETE,2026-09-25T18:25:52.916Z,COLLECTION: ALL,https://www.blackbirdsupply.com/collections/mens-womens-apparel?sort_by=best-selling,sort_by=best-selling,Best selling,VERIFIED,24,TRACE-P002-OBS-DTC-S10-08,8,mid-century-modern-inspired-retro-jacks-game-womens-boxy-tee-black,Mid Century Modern Inspired Retro Jacks Game Womens Boxy Tee Black,https://www.blackbirdsupply.com/products/mid-century-modern-inspired-retro-jacks-game-womens-boxy-tee-black,,TITLE+RENDERED-THUMBNAIL,CANDIDATE,SURFACE-PASS-DETAIL-NOT-OPENED,Fixed graphic-shirt family survived the basic/title/rendered-thumbnail screen; detail and origin remain pending if reached.,TRACE-P002-OBS-DTC-S10-08,8,NO,,,,,,,NOT-RUN,8,Deterministic same-store continuation row; inspect only if every earlier store_queue_rank family fails.
PRODUCT,TRACE-PILOT-002,TRACE-P002-POOL-DTC,10,P002-DTC-S10,Blackbird Supply Co.,COMPLETE,2026-09-25T18:25:52.916Z,COLLECTION: ALL,https://www.blackbirdsupply.com/collections/mens-womens-apparel?sort_by=best-selling,sort_by=best-selling,Best selling,VERIFIED,24,TRACE-P002-OBS-DTC-S10-09,9,quaking-aspen-trees-nature-print-loose-fit-rolled-cuff-top-dark-heather-gray,Quaking Aspen Trees Nature Print Loose Fit Rolled Cuff Top Dark Heather Gray,https://www.blackbirdsupply.com/products/quaking-aspen-trees-nature-print-loose-fit-rolled-cuff-top-dark-heather-gray,,TITLE+RENDERED-THUMBNAIL,CANDIDATE,SURFACE-PASS-DETAIL-NOT-OPENED,Fixed graphic-shirt family survived the basic/title/rendered-thumbnail screen; detail and origin remain pending if reached.,TRACE-P002-OBS-DTC-S10-09,9,NO,,,,,,,NOT-RUN,9,Deterministic same-store continuation row; inspect only if every earlier store_queue_rank family fails.
PRODUCT,TRACE-PILOT-002,TRACE-P002-POOL-DTC,10,P002-DTC-S10,Blackbird Supply Co.,COMPLETE,2026-09-25T18:25:52.916Z,COLLECTION: ALL,https://www.blackbirdsupply.com/collections/mens-womens-apparel?sort_by=best-selling,sort_by=best-selling,Best selling,VERIFIED,24,TRACE-P002-OBS-DTC-S10-10,10,moon-phase-eco-friendly-bamboo-organic-cotton-off-the-shoulder-poncho,Moon Phase Eco Friendly Bamboo Organic Cotton Off The Shoulder Top,https://www.blackbirdsupply.com/products/moon-phase-eco-friendly-bamboo-organic-cotton-off-the-shoulder-poncho,,TITLE+RENDERED-THUMBNAIL,CANDIDATE,SURFACE-PASS-DETAIL-NOT-OPENED,Fixed graphic-shirt family survived the basic/title/rendered-thumbnail screen; detail and origin remain pending if reached.,TRACE-P002-OBS-DTC-S10-10,10,NO,,,,,,,NOT-RUN,10,Deterministic same-store continuation row; inspect only if every earlier store_queue_rank family fails.
PRODUCT,TRACE-PILOT-002,TRACE-P002-POOL-DTC,10,P002-DTC-S10,Blackbird Supply Co.,COMPLETE,2026-09-25T18:25:52.916Z,COLLECTION: ALL,https://www.blackbirdsupply.com/collections/mens-womens-apparel?sort_by=best-selling,sort_by=best-selling,Best selling,VERIFIED,24,TRACE-P002-OBS-DTC-S10-11,11,moon-phases-lunar-cycle-minimalist-geometric-womens-tee-indigo-blue,Moon Phases Lunar Cycle Minimalist Geometric Womens Tee Navy Blue,https://www.blackbirdsupply.com/products/moon-phases-lunar-cycle-minimalist-geometric-womens-tee-indigo-blue,,TITLE+RENDERED-THUMBNAIL,CANDIDATE,SURFACE-PASS-DETAIL-NOT-OPENED,Fixed graphic-shirt family survived the basic/title/rendered-thumbnail screen; detail and origin remain pending if reached.,TRACE-P002-OBS-DTC-S10-11,11,NO,,,,,,,NOT-RUN,11,Deterministic same-store continuation row; inspect only if every earlier store_queue_rank family fails.
PRODUCT,TRACE-PILOT-002,TRACE-P002-POOL-DTC,10,P002-DTC-S10,Blackbird Supply Co.,COMPLETE,2026-09-25T18:25:52.916Z,COLLECTION: ALL,https://www.blackbirdsupply.com/collections/mens-womens-apparel?sort_by=best-selling,sort_by=best-selling,Best selling,VERIFIED,24,TRACE-P002-OBS-DTC-S10-12,12,botanical-deep-forest-fern-leaves-nature-lover-womens-loose-fitting-boxy-tee-green,Botanical Deep Forest Fern Leaves Womens Flowy Cap Sleeve Tee Green,https://www.blackbirdsupply.com/products/botanical-deep-forest-fern-leaves-nature-lover-womens-loose-fitting-boxy-tee-green,,TITLE+RENDERED-THUMBNAIL,CANDIDATE,SURFACE-PASS-DETAIL-NOT-OPENED,Fixed graphic-shirt family survived the basic/title/rendered-thumbnail screen; detail and origin remain pending if reached.,TRACE-P002-OBS-DTC-S10-12,12,NO,,,,,,,NOT-RUN,12,Deterministic same-store continuation row; inspect only if every earlier store_queue_rank family fails.
PRODUCT,TRACE-PILOT-002,TRACE-P002-POOL-DTC,10,P002-DTC-S10,Blackbird Supply Co.,COMPLETE,2026-09-25T18:25:52.916Z,COLLECTION: ALL,https://www.blackbirdsupply.com/collections/mens-womens-apparel?sort_by=best-selling,sort_by=best-selling,Best selling,VERIFIED,24,TRACE-P002-OBS-DTC-S10-13,13,rings-of-saturn-astronomy-print-organic-cotton-bamboo-poncho-pewter,Rings of Saturn Astronomy Print Organic Cotton Bamboo Poncho Pewter,https://www.blackbirdsupply.com/products/rings-of-saturn-astronomy-print-organic-cotton-bamboo-poncho-pewter,,TITLE+RENDERED-THUMBNAIL,CANDIDATE,SURFACE-PASS-DETAIL-NOT-OPENED,Fixed graphic-shirt family survived the basic/title/rendered-thumbnail screen; detail and origin remain pending if reached.,TRACE-P002-OBS-DTC-S10-13,13,NO,,,,,,,NOT-RUN,13,Deterministic same-store continuation row; inspect only if every earlier store_queue_rank family fails.
PRODUCT,TRACE-PILOT-002,TRACE-P002-POOL-DTC,10,P002-DTC-S10,Blackbird Supply Co.,COMPLETE,2026-09-25T18:25:52.916Z,COLLECTION: ALL,https://www.blackbirdsupply.com/collections/mens-womens-apparel?sort_by=best-selling,sort_by=best-selling,Best selling,VERIFIED,24,TRACE-P002-OBS-DTC-S10-14,14,green-pea-pods-spring-summer-gardening-womens-boxy-cap-sleeve-tee-natural,Green Pea Pods Spring Summer Gardening Womens Boxy Cap Sleeve Tee Natural,https://www.blackbirdsupply.com/products/green-pea-pods-spring-summer-gardening-womens-boxy-cap-sleeve-tee-natural,,TITLE+RENDERED-THUMBNAIL,CANDIDATE,SURFACE-PASS-DETAIL-NOT-OPENED,Fixed graphic-shirt family survived the basic/title/rendered-thumbnail screen; detail and origin remain pending if reached.,TRACE-P002-OBS-DTC-S10-14,14,NO,,,,,,,NOT-RUN,14,Deterministic same-store continuation row; inspect only if every earlier store_queue_rank family fails.
PRODUCT,TRACE-PILOT-002,TRACE-P002-POOL-DTC,10,P002-DTC-S10,Blackbird Supply Co.,COMPLETE,2026-09-25T18:25:52.916Z,COLLECTION: ALL,https://www.blackbirdsupply.com/collections/mens-womens-apparel?sort_by=best-selling,sort_by=best-selling,Best selling,VERIFIED,24,TRACE-P002-OBS-DTC-S10-15,15,glacier-national-park-modern-minimalist-alpine-mountain-womens-tee-green,Glacier National Park Modern Minimalist Alpine Mountain Womens Boxy Tee,https://www.blackbirdsupply.com/products/glacier-national-park-modern-minimalist-alpine-mountain-womens-tee-green,,TITLE+RENDERED-THUMBNAIL,CANDIDATE,SURFACE-PASS-DETAIL-NOT-OPENED,Fixed graphic-shirt family survived the basic/title/rendered-thumbnail screen; detail and origin remain pending if reached.,TRACE-P002-OBS-DTC-S10-15,15,NO,,,,,,,NOT-RUN,15,Deterministic same-store continuation row; inspect only if every earlier store_queue_rank family fails.
PRODUCT,TRACE-PILOT-002,TRACE-P002-POOL-DTC,10,P002-DTC-S10,Blackbird Supply Co.,COMPLETE,2026-09-25T18:25:52.916Z,COLLECTION: ALL,https://www.blackbirdsupply.com/collections/mens-womens-apparel?sort_by=best-selling,sort_by=best-selling,Best selling,VERIFIED,24,TRACE-P002-OBS-DTC-S10-16,16,forest-ferns-botanical-print-womens-rolled-cuff-sleeve-muscle-tee-teal,Forest Ferns Botanical Print Womens Rolled Cuff Sleeve Muscle Tee Teal,https://www.blackbirdsupply.com/products/forest-ferns-botanical-print-womens-rolled-cuff-sleeve-muscle-tee-teal,,TITLE+RENDERED-THUMBNAIL,CANDIDATE,SURFACE-PASS-DETAIL-NOT-OPENED,Fixed graphic-shirt family survived the basic/title/rendered-thumbnail screen; detail and origin remain pending if reached.,TRACE-P002-OBS-DTC-S10-16,16,NO,,,,,,,NOT-RUN,16,Deterministic same-store continuation row; inspect only if every earlier store_queue_rank family fails.
PRODUCT,TRACE-PILOT-002,TRACE-P002-POOL-DTC,10,P002-DTC-S10,Blackbird Supply Co.,COMPLETE,2026-09-25T18:25:52.916Z,COLLECTION: ALL,https://www.blackbirdsupply.com/collections/mens-womens-apparel?sort_by=best-selling,sort_by=best-selling,Best selling,VERIFIED,24,TRACE-P002-OBS-DTC-S10-17,17,womens-loose-fit-drop-shoulder-boxy-top-with-red-beets-vegetable-screenprint,Women's Loose Fit Drop Shoulder Boxy Top with Red Beets Vegetable Screenprint,https://www.blackbirdsupply.com/products/womens-loose-fit-drop-shoulder-boxy-top-with-red-beets-vegetable-screenprint,,TITLE+RENDERED-THUMBNAIL,CANDIDATE,SURFACE-PASS-DETAIL-NOT-OPENED,Fixed graphic-shirt family survived the basic/title/rendered-thumbnail screen; detail and origin remain pending if reached.,TRACE-P002-OBS-DTC-S10-17,17,NO,,,,,,,NOT-RUN,17,Deterministic same-store continuation row; inspect only if every earlier store_queue_rank family fails.
PRODUCT,TRACE-PILOT-002,TRACE-P002-POOL-DTC,10,P002-DTC-S10,Blackbird Supply Co.,COMPLETE,2026-09-25T18:25:52.916Z,COLLECTION: ALL,https://www.blackbirdsupply.com/collections/mens-womens-apparel?sort_by=best-selling,sort_by=best-selling,Best selling,VERIFIED,24,TRACE-P002-OBS-DTC-S10-18,18,rings-of-saturn-mens-t-shirt-in-black-aqua-solar-system-astronomy-gift,"Rings of Saturn Men's T-shirt in Black Aqua, Solar System Astronomy Gift",https://www.blackbirdsupply.com/products/rings-of-saturn-mens-t-shirt-in-black-aqua-solar-system-astronomy-gift,,TITLE+RENDERED-THUMBNAIL,CANDIDATE,SURFACE-PASS-DETAIL-NOT-OPENED,Fixed graphic-shirt family survived the basic/title/rendered-thumbnail screen; detail and origin remain pending if reached.,TRACE-P002-OBS-DTC-S10-18,18,NO,,,,,,,NOT-RUN,18,Deterministic same-store continuation row; inspect only if every earlier store_queue_rank family fails.
PRODUCT,TRACE-PILOT-002,TRACE-P002-POOL-DTC,10,P002-DTC-S10,Blackbird Supply Co.,COMPLETE,2026-09-25T18:25:52.916Z,COLLECTION: ALL,https://www.blackbirdsupply.com/collections/mens-womens-apparel?sort_by=best-selling,sort_by=best-selling,Best selling,VERIFIED,24,TRACE-P002-OBS-DTC-S10-19,19,womens-bauhaus-inspired-t-shirt-minimalist-rising-sun-screen-print-on-coal-black,Women's Bauhaus Inspired T-Shirt - Minimalist Rising Sun Screen Print Black,https://www.blackbirdsupply.com/products/womens-bauhaus-inspired-t-shirt-minimalist-rising-sun-screen-print-on-coal-black,,TITLE+RENDERED-THUMBNAIL,CANDIDATE,SURFACE-PASS-DETAIL-NOT-OPENED,Fixed graphic-shirt family survived the basic/title/rendered-thumbnail screen; detail and origin remain pending if reached.,TRACE-P002-OBS-DTC-S10-19,19,NO,,,,,,,NOT-RUN,19,Deterministic same-store continuation row; inspect only if every earlier store_queue_rank family fails.
PRODUCT,TRACE-PILOT-002,TRACE-P002-POOL-DTC,10,P002-DTC-S10,Blackbird Supply Co.,COMPLETE,2026-09-25T18:25:52.916Z,COLLECTION: ALL,https://www.blackbirdsupply.com/collections/mens-womens-apparel?sort_by=best-selling,sort_by=best-selling,Best selling,VERIFIED,24,TRACE-P002-OBS-DTC-S10-20,20,rising-sun-bright-spot-loose-fit-rolled-cuff-muscle-tee-dark-heather-gray,Rising Sun Bright Spot Loose Fit Rolled Cuff Muscle Tee Dark Heather Gray,https://www.blackbirdsupply.com/products/rising-sun-bright-spot-loose-fit-rolled-cuff-muscle-tee-dark-heather-gray,,TITLE+RENDERED-THUMBNAIL,CANDIDATE,SURFACE-PASS-DETAIL-NOT-OPENED,Fixed graphic-shirt family survived the basic/title/rendered-thumbnail screen; detail and origin remain pending if reached.,TRACE-P002-OBS-DTC-S10-20,20,NO,,,,,,,NOT-RUN,20,Deterministic same-store continuation row; inspect only if every earlier store_queue_rank family fails.
PRODUCT,TRACE-PILOT-002,TRACE-P002-POOL-DTC,10,P002-DTC-S10,Blackbird Supply Co.,COMPLETE,2026-09-25T18:25:52.916Z,COLLECTION: ALL,https://www.blackbirdsupply.com/collections/mens-womens-apparel?sort_by=best-selling,sort_by=best-selling,Best selling,VERIFIED,24,TRACE-P002-OBS-DTC-S10-21,21,citrus-season-orange-grove-print-womens-rolled-cuff-muscle-shirt-heather-olive,Citrus Season Orange Grove Print Women's Rolled Cuff Muscle Shirt Olive,https://www.blackbirdsupply.com/products/citrus-season-orange-grove-print-womens-rolled-cuff-muscle-shirt-heather-olive,,TITLE+RENDERED-THUMBNAIL,CANDIDATE,SURFACE-PASS-DETAIL-NOT-OPENED,Fixed graphic-shirt family survived the basic/title/rendered-thumbnail screen; detail and origin remain pending if reached.,TRACE-P002-OBS-DTC-S10-21,21,NO,,,,,,,NOT-RUN,21,Deterministic same-store continuation row; inspect only if every earlier store_queue_rank family fails.
PRODUCT,TRACE-PILOT-002,TRACE-P002-POOL-DTC,10,P002-DTC-S10,Blackbird Supply Co.,COMPLETE,2026-09-25T18:25:52.916Z,COLLECTION: ALL,https://www.blackbirdsupply.com/collections/mens-womens-apparel?sort_by=best-selling,sort_by=best-selling,Best selling,VERIFIED,24,TRACE-P002-OBS-DTC-S10-22,22,loose-fit-forest-fern-leaves-womens-flowy-cap-sleeve-tee-in-heather-plum,Loose Fit Forest Fern Leaves Womens Flowy Cap Sleeve Tee in Heather Plum,https://www.blackbirdsupply.com/products/loose-fit-forest-fern-leaves-womens-flowy-cap-sleeve-tee-in-heather-plum,,TITLE+RENDERED-THUMBNAIL,CANDIDATE,SURFACE-PASS-DETAIL-NOT-OPENED,Fixed graphic-shirt family survived the basic/title/rendered-thumbnail screen; detail and origin remain pending if reached.,TRACE-P002-OBS-DTC-S10-22,22,NO,,,,,,,NOT-RUN,22,Deterministic same-store continuation row; inspect only if every earlier store_queue_rank family fails.
PRODUCT,TRACE-PILOT-002,TRACE-P002-POOL-DTC,10,P002-DTC-S10,Blackbird Supply Co.,COMPLETE,2026-09-25T18:25:52.916Z,COLLECTION: ALL,https://www.blackbirdsupply.com/collections/mens-womens-apparel?sort_by=best-selling,sort_by=best-selling,Best selling,VERIFIED,24,TRACE-P002-OBS-DTC-S10-23,23,sun-collar-solar-rays-print-loose-fit-organic-cotton-bamboo-poncho-navy-blue,Modern Minimalist Off the Shoulder Organic Cotton Bamboo Top Navy Blue,https://www.blackbirdsupply.com/products/sun-collar-solar-rays-print-loose-fit-organic-cotton-bamboo-poncho-navy-blue,,TITLE+RENDERED-THUMBNAIL,CANDIDATE,SURFACE-PASS-DETAIL-NOT-OPENED,Fixed graphic-shirt family survived the basic/title/rendered-thumbnail screen; detail and origin remain pending if reached.,TRACE-P002-OBS-DTC-S10-23,23,NO,,,,,,,NOT-RUN,23,Deterministic same-store continuation row; inspect only if every earlier store_queue_rank family fails.
PRODUCT,TRACE-PILOT-002,TRACE-P002-POOL-DTC,10,P002-DTC-S10,Blackbird Supply Co.,COMPLETE,2026-09-25T18:25:52.916Z,COLLECTION: ALL,https://www.blackbirdsupply.com/collections/mens-womens-apparel?sort_by=best-selling,sort_by=best-selling,Best selling,VERIFIED,24,TRACE-P002-OBS-DTC-S10-24,24,badlands-tshirt-heather-lieutenant-green,Badlands National Park Tshirt Southwest Screen Print Lieutenant Green,https://www.blackbirdsupply.com/products/badlands-tshirt-heather-lieutenant-green,,TITLE+RENDERED-THUMBNAIL,CANDIDATE,SURFACE-PASS-DETAIL-NOT-OPENED,Fixed graphic-shirt family survived the basic/title/rendered-thumbnail screen; detail and origin remain pending if reached.,TRACE-P002-OBS-DTC-S10-24,24,NO,,,,,,,NOT-RUN,24,Deterministic same-store continuation row; inspect only if every earlier store_queue_rank family fails.
SURFACE,TRACE-PILOT-002,TRACE-P002-POOL-DTC,11,P002-DTC-S11,South Coast Outdoors Company,COMPLETE,2026-09-25T18:26:56.206Z,All T-Shirts,https://southcoastoutdoorscompany.com/collections/all-t-shirts?sort_by=best-selling,sort_by=best-selling,Best selling,VERIFIED,24,,,,,,,,,,,,,,,,,,,,,,Complete 24-product collection captured.
PRODUCT,TRACE-PILOT-002,TRACE-P002-POOL-DTC,11,P002-DTC-S11,South Coast Outdoors Company,COMPLETE,2026-09-25T18:26:56.206Z,All T-Shirts,https://southcoastoutdoorscompany.com/collections/all-t-shirts?sort_by=best-selling,sort_by=best-selling,Best selling,VERIFIED,24,TRACE-P002-OBS-DTC-S11-01,1,blue-marlin-sc1600,Blue Marlin – Offshore Saltwater Fishing Tee SC1600,https://southcoastoutdoorscompany.com/products/blue-marlin-sc1600,Light blue T-shirt back close-up with marlin graphic and South Coast logo,TITLE+RENDERED-THUMBNAIL,BRAND-EXCLUDED,BRAND-EXCLUDED,Rendered thumbnail/product images make the South Coast logo and slogan integral,TRACE-P002-OBS-DTC-S11-01,1,YES,,,,,,,NOT-APPLICABLE-EXCLUDED,,Gate 0 contamination-control screen; not an infringement or legal conclusion.
PRODUCT,TRACE-PILOT-002,TRACE-P002-POOL-DTC,11,P002-DTC-S11,South Coast Outdoors Company,COMPLETE,2026-09-25T18:26:56.206Z,All T-Shirts,https://southcoastoutdoorscompany.com/collections/all-t-shirts?sort_by=best-selling,sort_by=best-selling,Best selling,VERIFIED,24,TRACE-P002-OBS-DTC-S11-02,2,stay-wild-sc3100,Stay Wild Outdoor Adventure Graphic T-Shirt – Stay Wild SC3100,https://southcoastoutdoorscompany.com/products/stay-wild-sc3100,Light blue T-shirt back with “Stay Wild” shoreline and lighthouse graphic,TITLE+RENDERED-THUMBNAIL,CANDIDATE,ORIGIN-PENDING,Highest-ranked canonical family surviving basic/title/thumbnail Gate 0 in this store.,TRACE-P002-OBS-DTC-S11-02,2,YES,ITEM-VISIBLE,0,Item-specific widget says Be the first to write a review; no independent nonzero-sales signal was exposed beyond within-store best-selling rank,UNVERIFIED,HIGH-CANDIDATE,Product page explicitly identifies the graphic as a South Coast Outdoors Co. design; origin not independently tested.,NOT-RUN,1,Provisional candidate only; mandatory cross-market origin searches and final Gate 0 remain open; no SDC created.
PRODUCT,TRACE-PILOT-002,TRACE-P002-POOL-DTC,11,P002-DTC-S11,South Coast Outdoors Company,COMPLETE,2026-09-25T18:26:56.206Z,All T-Shirts,https://southcoastoutdoorscompany.com/collections/all-t-shirts?sort_by=best-selling,sort_by=best-selling,Best selling,VERIFIED,24,TRACE-P002-OBS-DTC-S11-03,3,tropical-stilt-house-sc4100,Tropical Stilt House Gulf Coast T-Shirt – Tropical Stilt House SC4100,https://southcoastoutdoorscompany.com/products/tropical-stilt-house-sc4100,"Ivory short-sleeve T-shirt with rear South Coast logo, island, and sea animals",TITLE+RENDERED-THUMBNAIL,BRAND-EXCLUDED,BRAND-EXCLUDED,Rendered thumbnail makes the South Coast source branding integral,TRACE-P002-OBS-DTC-S11-03,3,NO,,,,,,,NOT-APPLICABLE-EXCLUDED,,Gate 0 contamination-control screen; not an infringement or legal conclusion.
PRODUCT,TRACE-PILOT-002,TRACE-P002-POOL-DTC,11,P002-DTC-S11,South Coast Outdoors Company,COMPLETE,2026-09-25T18:26:56.206Z,All T-Shirts,https://southcoastoutdoorscompany.com/collections/all-t-shirts?sort_by=best-selling,sort_by=best-selling,Best selling,VERIFIED,24,TRACE-P002-OBS-DTC-S11-04,4,live-salty-sc3000,Live Salty – Sunrises Tide Rises Good Times Coastal Tee SC3000,https://southcoastoutdoorscompany.com/products/live-salty-sc3000,White graphic T-shirt with 'LIVE SALTY' and coastal boat scene on back,TITLE+RENDERED-THUMBNAIL,CANDIDATE,SURFACE-PASS-DETAIL-NOT-OPENED,Fixed graphic-shirt family survived the basic/title/rendered-thumbnail screen; detail and origin remain pending if reached.,TRACE-P002-OBS-DTC-S11-04,4,NO,,,,,,,NOT-RUN,2,Deterministic same-store continuation row; inspect only if every earlier store_queue_rank family fails.
PRODUCT,TRACE-PILOT-002,TRACE-P002-POOL-DTC,11,P002-DTC-S11,South Coast Outdoors Company,COMPLETE,2026-09-25T18:26:56.206Z,All T-Shirts,https://southcoastoutdoorscompany.com/collections/all-t-shirts?sort_by=best-selling,sort_by=best-selling,Best selling,VERIFIED,24,TRACE-P002-OBS-DTC-S11-05,5,magic-of-coastal-living-sc800,Gulf Coast Palm Tree Sunset T-Shirt – Coastal Living SC800,https://southcoastoutdoorscompany.com/products/magic-of-coastal-living-sc800,Light blue crewneck t-shirt with South Coast logo and beach sunset graphic,TITLE+RENDERED-THUMBNAIL,BRAND-EXCLUDED,BRAND-EXCLUDED,Rendered thumbnail makes the South Coast source branding integral,TRACE-P002-OBS-DTC-S11-05,5,NO,,,,,,,NOT-APPLICABLE-EXCLUDED,,Gate 0 contamination-control screen; not an infringement or legal conclusion.
PRODUCT,TRACE-PILOT-002,TRACE-P002-POOL-DTC,11,P002-DTC-S11,South Coast Outdoors Company,COMPLETE,2026-09-25T18:26:56.206Z,All T-Shirts,https://southcoastoutdoorscompany.com/collections/all-t-shirts?sort_by=best-selling,sort_by=best-selling,Best selling,VERIFIED,24,TRACE-P002-OBS-DTC-S11-06,6,tarpon-sc-2000,Tarpon Saltwater Fishing Graphic T-Shirt – Tarpon SC2000,https://southcoastoutdoorscompany.com/products/tarpon-sc-2000,Mint green T-shirt with large back tarpon fish graphic and stacked black text,TITLE+RENDERED-THUMBNAIL,CANDIDATE,SURFACE-PASS-DETAIL-NOT-OPENED,Fixed graphic-shirt family survived the basic/title/rendered-thumbnail screen; detail and origin remain pending if reached.,TRACE-P002-OBS-DTC-S11-06,6,NO,,,,,,,NOT-RUN,3,Deterministic same-store continuation row; inspect only if every earlier store_queue_rank family fails.
PRODUCT,TRACE-PILOT-002,TRACE-P002-POOL-DTC,11,P002-DTC-S11,South Coast Outdoors Company,COMPLETE,2026-09-25T18:26:56.206Z,All T-Shirts,https://southcoastoutdoorscompany.com/collections/all-t-shirts?sort_by=best-selling,sort_by=best-selling,Best selling,VERIFIED,24,TRACE-P002-OBS-DTC-S11-07,7,south-coast-outdoors-co-oval-logo-sc51000,South Coast Outdoors Oval Logo Graphic T-Shirt – SC5100,https://southcoastoutdoorscompany.com/products/south-coast-outdoors-co-oval-logo-sc51000,Navy blue T-shirt with large oval South Coast Outdoors back logo,TITLE+RENDERED-THUMBNAIL,BRAND-EXCLUDED,BRAND-EXCLUDED,Title explicitly identifies South Coast Outdoors logo merchandise,TRACE-P002-OBS-DTC-S11-07,7,NO,,,,,,,NOT-APPLICABLE-EXCLUDED,,Gate 0 contamination-control screen; not an infringement or legal conclusion.
PRODUCT,TRACE-PILOT-002,TRACE-P002-POOL-DTC,11,P002-DTC-S11,South Coast Outdoors Company,COMPLETE,2026-09-25T18:26:56.206Z,All T-Shirts,https://southcoastoutdoorscompany.com/collections/all-t-shirts?sort_by=best-selling,sort_by=best-selling,Best selling,VERIFIED,24,TRACE-P002-OBS-DTC-S11-08,8,south-coast-outdoors-co-circle-logo-sc5200,South Coast Outdoors Circle Logo Graphic T-Shirt – SC5200,https://southcoastoutdoorscompany.com/products/south-coast-outdoors-co-circle-logo-sc5200,"Black crewneck T-shirt, round South Coast logo centered on back",TITLE+RENDERED-THUMBNAIL,BRAND-EXCLUDED,BRAND-EXCLUDED,Title explicitly identifies South Coast Outdoors logo merchandise,TRACE-P002-OBS-DTC-S11-08,8,NO,,,,,,,NOT-APPLICABLE-EXCLUDED,,Gate 0 contamination-control screen; not an infringement or legal conclusion.
PRODUCT,TRACE-PILOT-002,TRACE-P002-POOL-DTC,11,P002-DTC-S11,South Coast Outdoors Company,COMPLETE,2026-09-25T18:26:56.206Z,All T-Shirts,https://southcoastoutdoorscompany.com/collections/all-t-shirts?sort_by=best-selling,sort_by=best-selling,Best selling,VERIFIED,24,TRACE-P002-OBS-DTC-S11-09,9,south-coast-outdoors-co-classic-logo-sc4800,South Coast Outdoors Classic Logo T-Shirt – SC4800,https://southcoastoutdoorscompany.com/products/south-coast-outdoors-co-classic-logo-sc4800,Navy short-sleeve T-shirt with South Coast logo on back,TITLE+RENDERED-THUMBNAIL,BRAND-EXCLUDED,BRAND-EXCLUDED,Title explicitly identifies South Coast Outdoors logo merchandise,TRACE-P002-OBS-DTC-S11-09,9,NO,,,,,,,NOT-APPLICABLE-EXCLUDED,,Gate 0 contamination-control screen; not an infringement or legal conclusion.
PRODUCT,TRACE-PILOT-002,TRACE-P002-POOL-DTC,11,P002-DTC-S11,South Coast Outdoors Company,COMPLETE,2026-09-25T18:26:56.206Z,All T-Shirts,https://southcoastoutdoorscompany.com/collections/all-t-shirts?sort_by=best-selling,sort_by=best-selling,Best selling,VERIFIED,24,TRACE-P002-OBS-DTC-S11-10,10,south-coast-sc4700,South Coast Outdoors Coastal Graphic T-Shirt – South Coast SC4700,https://southcoastoutdoorscompany.com/products/south-coast-sc4700,"Men's deep pink crewneck T-shirt, South Coast Outdoors logo centered on back.",TITLE+RENDERED-THUMBNAIL,BRAND-EXCLUDED,BRAND-EXCLUDED,Title explicitly identifies South Coast Outdoors branded graphic,TRACE-P002-OBS-DTC-S11-10,10,NO,,,,,,,NOT-APPLICABLE-EXCLUDED,,Gate 0 contamination-control screen; not an infringement or legal conclusion.
PRODUCT,TRACE-PILOT-002,TRACE-P002-POOL-DTC,11,P002-DTC-S11,South Coast Outdoors Company,COMPLETE,2026-09-25T18:26:56.206Z,All T-Shirts,https://southcoastoutdoorscompany.com/collections/all-t-shirts?sort_by=best-selling,sort_by=best-selling,Best selling,VERIFIED,24,TRACE-P002-OBS-DTC-S11-11,11,south-coast-silhouette-sc4600,South Coast Outdoors Silhouette Graphic T-Shirt – South Coast Silhouette SC4600,https://southcoastoutdoorscompany.com/products/south-coast-silhouette-sc4600,Black T-shirt with South Coast logo and slogan on back,TITLE+RENDERED-THUMBNAIL,BRAND-EXCLUDED,BRAND-EXCLUDED,Title explicitly identifies South Coast Outdoors branded graphic,TRACE-P002-OBS-DTC-S11-11,11,NO,,,,,,,NOT-APPLICABLE-EXCLUDED,,Gate 0 contamination-control screen; not an infringement or legal conclusion.
PRODUCT,TRACE-PILOT-002,TRACE-P002-POOL-DTC,11,P002-DTC-S11,South Coast Outdoors Company,COMPLETE,2026-09-25T18:26:56.206Z,All T-Shirts,https://southcoastoutdoorscompany.com/collections/all-t-shirts?sort_by=best-selling,sort_by=best-selling,Best selling,VERIFIED,24,TRACE-P002-OBS-DTC-S11-12,12,sco-logo-sc4500,South Coast Outdoors Logo Graphic T-Shirt – SCO Logo SC4500,https://southcoastoutdoorscompany.com/products/sco-logo-sc4500,White T-shirt back view with large SCO oval logo print,TITLE+RENDERED-THUMBNAIL,BRAND-EXCLUDED,BRAND-EXCLUDED,Title explicitly identifies South Coast Outdoors logo merchandise,TRACE-P002-OBS-DTC-S11-12,12,NO,,,,,,,NOT-APPLICABLE-EXCLUDED,,Gate 0 contamination-control screen; not an infringement or legal conclusion.
PRODUCT,TRACE-PILOT-002,TRACE-P002-POOL-DTC,11,P002-DTC-S11,South Coast Outdoors Company,COMPLETE,2026-09-25T18:26:56.206Z,All T-Shirts,https://southcoastoutdoorscompany.com/collections/all-t-shirts?sort_by=best-selling,sort_by=best-selling,Best selling,VERIFIED,24,TRACE-P002-OBS-DTC-S11-13,13,beach-bar-t-shirt-sc4300,Beach Bar Coastal Lifestyle Graphic T-Shirt – Beach Bar SC4300,https://southcoastoutdoorscompany.com/products/beach-bar-t-shirt-sc4300,"Men's white graphic T-shirt, back print with coastal bar logo and sunset photo",TITLE+RENDERED-THUMBNAIL,CANDIDATE,SURFACE-PASS-DETAIL-NOT-OPENED,Fixed graphic-shirt family survived the basic/title/rendered-thumbnail screen; detail and origin remain pending if reached.,TRACE-P002-OBS-DTC-S11-13,13,NO,,,,,,,NOT-RUN,4,Deterministic same-store continuation row; inspect only if every earlier store_queue_rank family fails.
PRODUCT,TRACE-PILOT-002,TRACE-P002-POOL-DTC,11,P002-DTC-S11,South Coast Outdoors Company,COMPLETE,2026-09-25T18:26:56.206Z,All T-Shirts,https://southcoastoutdoorscompany.com/collections/all-t-shirts?sort_by=best-selling,sort_by=best-selling,Best selling,VERIFIED,24,TRACE-P002-OBS-DTC-S11-14,14,beaches-bayous-backroads-sc4200,Beaches Bayous & Backroads – Southern Duck Hunting Tee SC4200,https://southcoastoutdoorscompany.com/products/beaches-bayous-backroads-sc4200,White T-shirt with large circular back graphic and “South Coast Outdoors Co.” text,TITLE+RENDERED-THUMBNAIL,BRAND-EXCLUDED,BRAND-EXCLUDED,Rendered thumbnail makes the source slogan/branding integral,TRACE-P002-OBS-DTC-S11-14,14,NO,,,,,,,NOT-APPLICABLE-EXCLUDED,,Gate 0 contamination-control screen; not an infringement or legal conclusion.
PRODUCT,TRACE-PILOT-002,TRACE-P002-POOL-DTC,11,P002-DTC-S11,South Coast Outdoors Company,COMPLETE,2026-09-25T18:26:56.206Z,All T-Shirts,https://southcoastoutdoorscompany.com/collections/all-t-shirts?sort_by=best-selling,sort_by=best-selling,Best selling,VERIFIED,24,TRACE-P002-OBS-DTC-S11-15,15,coastal-living-the-southern-way-sc4000,Southern Coastal Living Lifestyle T-Shirt – Coastal Living The Southern Way SC4000,https://southcoastoutdoorscompany.com/products/coastal-living-the-southern-way-sc4000,White graphic T-shirt with beach chair illustration and blue text on the back,TITLE+RENDERED-THUMBNAIL,CANDIDATE,SURFACE-PASS-DETAIL-NOT-OPENED,Fixed graphic-shirt family survived the basic/title/rendered-thumbnail screen; detail and origin remain pending if reached.,TRACE-P002-OBS-DTC-S11-15,15,NO,,,,,,,NOT-RUN,5,Deterministic same-store continuation row; inspect only if every earlier store_queue_rank family fails.
PRODUCT,TRACE-PILOT-002,TRACE-P002-POOL-DTC,11,P002-DTC-S11,South Coast Outdoors Company,COMPLETE,2026-09-25T18:26:56.206Z,All T-Shirts,https://southcoastoutdoorscompany.com/collections/all-t-shirts?sort_by=best-selling,sort_by=best-selling,Best selling,VERIFIED,24,TRACE-P002-OBS-DTC-S11-16,16,gulf-breeze-sc3900,Gulf Breeze Coastal Lifestyle Graphic T-Shirt – Gulf Breeze SC3900,https://southcoastoutdoorscompany.com/products/gulf-breeze-sc3900,"Orange Gulf Breeze T-shirt back view with truck, palm trees, “South Coast” print",TITLE+RENDERED-THUMBNAIL,BRAND-EXCLUDED,BRAND-EXCLUDED,Rendered thumbnail makes the source branding integral,TRACE-P002-OBS-DTC-S11-16,16,NO,,,,,,,NOT-APPLICABLE-EXCLUDED,,Gate 0 contamination-control screen; not an infringement or legal conclusion.
PRODUCT,TRACE-PILOT-002,TRACE-P002-POOL-DTC,11,P002-DTC-S11,South Coast Outdoors Company,COMPLETE,2026-09-25T18:26:56.206Z,All T-Shirts,https://southcoastoutdoorscompany.com/collections/all-t-shirts?sort_by=best-selling,sort_by=best-selling,Best selling,VERIFIED,24,TRACE-P002-OBS-DTC-S11-17,17,strong-traditions-sc3800,Strong Traditions Southern Heritage T-Shirt – Strong Traditions SC3800,https://southcoastoutdoorscompany.com/products/strong-traditions-sc3800,"White graphic T-shirt back print featuring lighthouse, palms, and “Wild Places” wording",TITLE+RENDERED-THUMBNAIL,CANDIDATE,SURFACE-PASS-DETAIL-NOT-OPENED,Fixed graphic-shirt family survived the basic/title/rendered-thumbnail screen; detail and origin remain pending if reached.,TRACE-P002-OBS-DTC-S11-17,17,NO,,,,,,,NOT-RUN,6,Deterministic same-store continuation row; inspect only if every earlier store_queue_rank family fails.
PRODUCT,TRACE-PILOT-002,TRACE-P002-POOL-DTC,11,P002-DTC-S11,South Coast Outdoors Company,COMPLETE,2026-09-25T18:26:56.206Z,All T-Shirts,https://southcoastoutdoorscompany.com/collections/all-t-shirts?sort_by=best-selling,sort_by=best-selling,Best selling,VERIFIED,24,TRACE-P002-OBS-DTC-S11-18,18,southern-shoreline-sc3700,Southern Shoreline Gulf Coast Lifestyle T-Shirt – Southern Shoreline SC3700,https://southcoastoutdoorscompany.com/products/southern-shoreline-sc3700,"Light blue graphic T-shirt, back view with centered large coastal illustration",TITLE+RENDERED-THUMBNAIL,CANDIDATE,SURFACE-PASS-DETAIL-NOT-OPENED,Fixed graphic-shirt family survived the basic/title/rendered-thumbnail screen; detail and origin remain pending if reached.,TRACE-P002-OBS-DTC-S11-18,18,NO,,,,,,,NOT-RUN,7,Deterministic same-store continuation row; inspect only if every earlier store_queue_rank family fails.
PRODUCT,TRACE-PILOT-002,TRACE-P002-POOL-DTC,11,P002-DTC-S11,South Coast Outdoors Company,COMPLETE,2026-09-25T18:26:56.206Z,All T-Shirts,https://southcoastoutdoorscompany.com/collections/all-t-shirts?sort_by=best-selling,sort_by=best-selling,Best selling,VERIFIED,24,TRACE-P002-OBS-DTC-S11-19,19,slow-down-sc3600,Slow Down Coastal Relaxation Graphic T-Shirt – Slow Down SC3600,https://southcoastoutdoorscompany.com/products/slow-down-sc3600,"Cream T-shirt with Slow Down back graphic, palms and vintage truck",TITLE+RENDERED-THUMBNAIL,CANDIDATE,SURFACE-PASS-DETAIL-NOT-OPENED,Fixed graphic-shirt family survived the basic/title/rendered-thumbnail screen; detail and origin remain pending if reached.,TRACE-P002-OBS-DTC-S11-19,19,NO,,,,,,,NOT-RUN,8,Deterministic same-store continuation row; inspect only if every earlier store_queue_rank family fails.
PRODUCT,TRACE-PILOT-002,TRACE-P002-POOL-DTC,11,P002-DTC-S11,South Coast Outdoors Company,COMPLETE,2026-09-25T18:26:56.206Z,All T-Shirts,https://southcoastoutdoorscompany.com/collections/all-t-shirts?sort_by=best-selling,sort_by=best-selling,Best selling,VERIFIED,24,TRACE-P002-OBS-DTC-S11-20,20,southern-shoreline-sc3500,Southern Shoreline Coastal Sunset T-Shirt – Southern Shoreline SC3500,https://southcoastoutdoorscompany.com/products/southern-shoreline-sc3500,"White T-shirt back with Southern Shoreline beach, boat, and palm graphic",TITLE+RENDERED-THUMBNAIL,CANDIDATE,SURFACE-PASS-DETAIL-NOT-OPENED,Fixed graphic-shirt family survived the basic/title/rendered-thumbnail screen; detail and origin remain pending if reached.,TRACE-P002-OBS-DTC-S11-20,20,NO,,,,,,,NOT-RUN,9,Deterministic same-store continuation row; inspect only if every earlier store_queue_rank family fails.
PRODUCT,TRACE-PILOT-002,TRACE-P002-POOL-DTC,11,P002-DTC-S11,South Coast Outdoors Company,COMPLETE,2026-09-25T18:26:56.206Z,All T-Shirts,https://southcoastoutdoorscompany.com/collections/all-t-shirts?sort_by=best-selling,sort_by=best-selling,Best selling,VERIFIED,24,TRACE-P002-OBS-DTC-S11-21,21,mangrove-kayak-sc3400,Mangrove Kayak Fishing Coastal T-Shirt – Mangrove Kayak SC3400,https://southcoastoutdoorscompany.com/products/mangrove-kayak-sc3400,"Light blue T-shirt back graphic: mangrove trees, orange kayak, South Coast Outdoors.",TITLE+RENDERED-THUMBNAIL,BRAND-EXCLUDED,BRAND-EXCLUDED,Rendered thumbnail makes the source branding integral,TRACE-P002-OBS-DTC-S11-21,21,NO,,,,,,,NOT-APPLICABLE-EXCLUDED,,Gate 0 contamination-control screen; not an infringement or legal conclusion.
PRODUCT,TRACE-PILOT-002,TRACE-P002-POOL-DTC,11,P002-DTC-S11,South Coast Outdoors Company,COMPLETE,2026-09-25T18:26:56.206Z,All T-Shirts,https://southcoastoutdoorscompany.com/collections/all-t-shirts?sort_by=best-selling,sort_by=best-selling,Best selling,VERIFIED,24,TRACE-P002-OBS-DTC-S11-22,22,offshore-marlin-sc3300,Offshore Blue Marlin Fishing Graphic T-Shirt – Offshore Marlin SC3300,https://southcoastoutdoorscompany.com/products/offshore-marlin-sc3300,"Fishing graphic t-shirt, white with marlin in waves and South Coast Outdoors Co text.",TITLE+RENDERED-THUMBNAIL,BRAND-EXCLUDED,BRAND-EXCLUDED,Rendered thumbnail makes the source branding integral,TRACE-P002-OBS-DTC-S11-22,22,NO,,,,,,,NOT-APPLICABLE-EXCLUDED,,Gate 0 contamination-control screen; not an infringement or legal conclusion.
PRODUCT,TRACE-PILOT-002,TRACE-P002-POOL-DTC,11,P002-DTC-S11,South Coast Outdoors Company,COMPLETE,2026-09-25T18:26:56.206Z,All T-Shirts,https://southcoastoutdoorscompany.com/collections/all-t-shirts?sort_by=best-selling,sort_by=best-selling,Best selling,VERIFIED,24,TRACE-P002-OBS-DTC-S11-23,23,above-below-sc3200,Above and Below Underwater Fishing Graphic T-Shirt – Above & Below SC3200,https://southcoastoutdoorscompany.com/products/above-below-sc3200,"Men's underwater fishing graphic T-shirt, pale blue, sunset fish print on back",TITLE+RENDERED-THUMBNAIL,CANDIDATE,SURFACE-PASS-DETAIL-NOT-OPENED,Fixed graphic-shirt family survived the basic/title/rendered-thumbnail screen; detail and origin remain pending if reached.,TRACE-P002-OBS-DTC-S11-23,23,NO,,,,,,,NOT-RUN,10,Deterministic same-store continuation row; inspect only if every earlier store_queue_rank family fails.
PRODUCT,TRACE-PILOT-002,TRACE-P002-POOL-DTC,11,P002-DTC-S11,South Coast Outdoors Company,COMPLETE,2026-09-25T18:26:56.206Z,All T-Shirts,https://southcoastoutdoorscompany.com/collections/all-t-shirts?sort_by=best-selling,sort_by=best-selling,Best selling,VERIFIED,24,TRACE-P002-OBS-DTC-S11-24,24,stay-wild-sc3000,Stay Wild SC3100,https://southcoastoutdoorscompany.com/products/stay-wild-sc3000,Light blue T-shirt back with “Stay Wild” shoreline and lighthouse graphic,TITLE+RENDERED-THUMBNAIL,DUPLICATE-FAMILY,DUPLICATE-FAMILY,Same Stay Wild SC3100 design family as rank 2; alternate handle/title,TRACE-P002-OBS-DTC-S11-02,2,NO,,,,,,,NOT-APPLICABLE-DUPLICATE,,No separate family or queue credit.
SURFACE,TRACE-PILOT-002,TRACE-P002-POOL-DTC,12,P002-DTC-S12,Sloth Hiking Club,COMPLETE,2026-09-25T18:28:03.414Z,SHOP ALL TEES,https://slothhikingclub.com/collections/all?sort_by=best-selling,sort_by=best-selling,Best selling,VERIFIED,24,,,,,,,,,,,,,,,,,,,,,,First 24 products captured from a longer collection.
PRODUCT,TRACE-PILOT-002,TRACE-P002-POOL-DTC,12,P002-DTC-S12,Sloth Hiking Club,COMPLETE,2026-09-25T18:28:03.414Z,SHOP ALL TEES,https://slothhikingclub.com/collections/all?sort_by=best-selling,sort_by=best-selling,Best selling,VERIFIED,24,TRACE-P002-OBS-DTC-S12-01,1,out-of-breath-t-shirt,Out Of Breath T-shirt,https://slothhikingclub.com/products/out-of-breath-t-shirt,Out Of Breath T-shirt,TITLE+RENDERED-THUMBNAIL,CANDIDATE,ORIGIN-PENDING,Highest-ranked canonical family surviving basic/title/thumbnail Gate 0 in this store.,TRACE-P002-OBS-DTC-S12-01,1,YES,ITEM-STRUCTURED,396,"Named-product JSON-LD reports 396 reviews; visible 4,613-review display appears shop-wide and is not used as item count",YES,MEDIUM-CANDIDATE,Seller-specific product page and named-product structured evidence; no independent authorship/origin test was run.,NOT-RUN,1,Provisional candidate only; mandatory cross-market origin searches and final Gate 0 remain open; no SDC created.
PRODUCT,TRACE-PILOT-002,TRACE-P002-POOL-DTC,12,P002-DTC-S12,Sloth Hiking Club,COMPLETE,2026-09-25T18:28:03.414Z,SHOP ALL TEES,https://slothhikingclub.com/collections/all?sort_by=best-selling,sort_by=best-selling,Best selling,VERIFIED,24,TRACE-P002-OBS-DTC-S12-02,2,go-outside-t-shirt,Go Outside  T-shirt,https://slothhikingclub.com/products/go-outside-t-shirt,Go Outside  T-shirt,TITLE+RENDERED-THUMBNAIL,CANDIDATE,SURFACE-PASS-DETAIL-NOT-OPENED,Fixed graphic-shirt family survived the basic/title/rendered-thumbnail screen; detail and origin remain pending if reached.,TRACE-P002-OBS-DTC-S12-02,2,NO,,,,,,,NOT-RUN,2,Deterministic same-store continuation row; inspect only if every earlier store_queue_rank family fails.
PRODUCT,TRACE-PILOT-002,TRACE-P002-POOL-DTC,12,P002-DTC-S12,Sloth Hiking Club,COMPLETE,2026-09-25T18:28:03.414Z,SHOP ALL TEES,https://slothhikingclub.com/collections/all?sort_by=best-selling,sort_by=best-selling,Best selling,VERIFIED,24,TRACE-P002-OBS-DTC-S12-03,3,meese-t-shirt,Meese T-shirt,https://slothhikingclub.com/products/meese-t-shirt,Meese T-shirt,TITLE+RENDERED-THUMBNAIL,CANDIDATE,SURFACE-PASS-DETAIL-NOT-OPENED,Fixed graphic-shirt family survived the basic/title/rendered-thumbnail screen; detail and origin remain pending if reached.,TRACE-P002-OBS-DTC-S12-03,3,NO,,,,,,,NOT-RUN,3,Deterministic same-store continuation row; inspect only if every earlier store_queue_rank family fails.
PRODUCT,TRACE-PILOT-002,TRACE-P002-POOL-DTC,12,P002-DTC-S12,Sloth Hiking Club,COMPLETE,2026-09-25T18:28:03.414Z,SHOP ALL TEES,https://slothhikingclub.com/collections/all?sort_by=best-selling,sort_by=best-selling,Best selling,VERIFIED,24,TRACE-P002-OBS-DTC-S12-04,4,blowing-wishes-t-shirt,Blowing Wishes T-Shirt,https://slothhikingclub.com/products/blowing-wishes-t-shirt,Blowing Wishes T-Shirt,TITLE+RENDERED-THUMBNAIL,CANDIDATE,SURFACE-PASS-DETAIL-NOT-OPENED,Fixed graphic-shirt family survived the basic/title/rendered-thumbnail screen; detail and origin remain pending if reached.,TRACE-P002-OBS-DTC-S12-04,4,NO,,,,,,,NOT-RUN,4,Deterministic same-store continuation row; inspect only if every earlier store_queue_rank family fails.
PRODUCT,TRACE-PILOT-002,TRACE-P002-POOL-DTC,12,P002-DTC-S12,Sloth Hiking Club,COMPLETE,2026-09-25T18:28:03.414Z,SHOP ALL TEES,https://slothhikingclub.com/collections/all?sort_by=best-selling,sort_by=best-selling,Best selling,VERIFIED,24,TRACE-P002-OBS-DTC-S12-05,5,sunrise-pines-t-shirt,Sunrise Pines T-shirt,https://slothhikingclub.com/products/sunrise-pines-t-shirt,Sunrise Pines T-shirt,TITLE+RENDERED-THUMBNAIL,CANDIDATE,SURFACE-PASS-DETAIL-NOT-OPENED,Fixed graphic-shirt family survived the basic/title/rendered-thumbnail screen; detail and origin remain pending if reached.,TRACE-P002-OBS-DTC-S12-05,5,NO,,,,,,,NOT-RUN,5,Deterministic same-store continuation row; inspect only if every earlier store_queue_rank family fails.
PRODUCT,TRACE-PILOT-002,TRACE-P002-POOL-DTC,12,P002-DTC-S12,Sloth Hiking Club,COMPLETE,2026-09-25T18:28:03.414Z,SHOP ALL TEES,https://slothhikingclub.com/collections/all?sort_by=best-selling,sort_by=best-selling,Best selling,VERIFIED,24,TRACE-P002-OBS-DTC-S12-06,6,havent-been-everywhere-t-shirt,Haven't Been Everywhere T-shirt,https://slothhikingclub.com/products/havent-been-everywhere-t-shirt,Haven't Been Everywhere T-shirt,TITLE+RENDERED-THUMBNAIL,CANDIDATE,SURFACE-PASS-DETAIL-NOT-OPENED,Fixed graphic-shirt family survived the basic/title/rendered-thumbnail screen; detail and origin remain pending if reached.,TRACE-P002-OBS-DTC-S12-06,6,NO,,,,,,,NOT-RUN,6,Deterministic same-store continuation row; inspect only if every earlier store_queue_rank family fails.
PRODUCT,TRACE-PILOT-002,TRACE-P002-POOL-DTC,12,P002-DTC-S12,Sloth Hiking Club,COMPLETE,2026-09-25T18:28:03.414Z,SHOP ALL TEES,https://slothhikingclub.com/collections/all?sort_by=best-selling,sort_by=best-selling,Best selling,VERIFIED,24,TRACE-P002-OBS-DTC-S12-07,7,bad-knees-t-shirt,Bad Knees T-shirt,https://slothhikingclub.com/products/bad-knees-t-shirt,Bad Knees T-shirt,TITLE+RENDERED-THUMBNAIL,CANDIDATE,SURFACE-PASS-DETAIL-NOT-OPENED,Fixed graphic-shirt family survived the basic/title/rendered-thumbnail screen; detail and origin remain pending if reached.,TRACE-P002-OBS-DTC-S12-07,7,NO,,,,,,,NOT-RUN,7,Deterministic same-store continuation row; inspect only if every earlier store_queue_rank family fails.
PRODUCT,TRACE-PILOT-002,TRACE-P002-POOL-DTC,12,P002-DTC-S12,Sloth Hiking Club,COMPLETE,2026-09-25T18:28:03.414Z,SHOP ALL TEES,https://slothhikingclub.com/collections/all?sort_by=best-selling,sort_by=best-selling,Best selling,VERIFIED,24,TRACE-P002-OBS-DTC-S12-08,8,stump-of-life-t-shirt,Stump Of Life T-shirt,https://slothhikingclub.com/products/stump-of-life-t-shirt,Stump Of Life T-shirt,TITLE+RENDERED-THUMBNAIL,CANDIDATE,SURFACE-PASS-DETAIL-NOT-OPENED,Fixed graphic-shirt family survived the basic/title/rendered-thumbnail screen; detail and origin remain pending if reached.,TRACE-P002-OBS-DTC-S12-08,8,NO,,,,,,,NOT-RUN,8,Deterministic same-store continuation row; inspect only if every earlier store_queue_rank family fails.
PRODUCT,TRACE-PILOT-002,TRACE-P002-POOL-DTC,12,P002-DTC-S12,Sloth Hiking Club,COMPLETE,2026-09-25T18:28:03.414Z,SHOP ALL TEES,https://slothhikingclub.com/collections/all?sort_by=best-selling,sort_by=best-selling,Best selling,VERIFIED,24,TRACE-P002-OBS-DTC-S12-09,9,funky-peace-t-shirt,Funky Peace T-shirt,https://slothhikingclub.com/products/funky-peace-t-shirt,Funky Peace T-shirt,TITLE+RENDERED-THUMBNAIL,CANDIDATE,SURFACE-PASS-DETAIL-NOT-OPENED,Fixed graphic-shirt family survived the basic/title/rendered-thumbnail screen; detail and origin remain pending if reached.,TRACE-P002-OBS-DTC-S12-09,9,NO,,,,,,,NOT-RUN,9,Deterministic same-store continuation row; inspect only if every earlier store_queue_rank family fails.
PRODUCT,TRACE-PILOT-002,TRACE-P002-POOL-DTC,12,P002-DTC-S12,Sloth Hiking Club,COMPLETE,2026-09-25T18:28:03.414Z,SHOP ALL TEES,https://slothhikingclub.com/collections/all?sort_by=best-selling,sort_by=best-selling,Best selling,VERIFIED,24,TRACE-P002-OBS-DTC-S12-10,10,i-love-peeing-outside-t-shirt,I Love Peeing Outside T-shirt,https://slothhikingclub.com/products/i-love-peeing-outside-t-shirt,I Love Peeing Outside T-shirt,TITLE+RENDERED-THUMBNAIL,CANDIDATE,SURFACE-PASS-DETAIL-NOT-OPENED,Fixed graphic-shirt family survived the basic/title/rendered-thumbnail screen; detail and origin remain pending if reached.,TRACE-P002-OBS-DTC-S12-10,10,NO,,,,,,,NOT-RUN,10,Deterministic same-store continuation row; inspect only if every earlier store_queue_rank family fails.
PRODUCT,TRACE-PILOT-002,TRACE-P002-POOL-DTC,12,P002-DTC-S12,Sloth Hiking Club,COMPLETE,2026-09-25T18:28:03.414Z,SHOP ALL TEES,https://slothhikingclub.com/collections/all?sort_by=best-selling,sort_by=best-selling,Best selling,VERIFIED,24,TRACE-P002-OBS-DTC-S12-11,11,slow-hiking-society-snail-t-shirt,Slow Hiking Society Snail T-Shirt,https://slothhikingclub.com/products/slow-hiking-society-snail-t-shirt,Slow Hiking Society Snail T-Shirt,TITLE+RENDERED-THUMBNAIL,CANDIDATE,SURFACE-PASS-DETAIL-NOT-OPENED,Fixed graphic-shirt family survived the basic/title/rendered-thumbnail screen; detail and origin remain pending if reached.,TRACE-P002-OBS-DTC-S12-11,11,NO,,,,,,,NOT-RUN,11,Deterministic same-store continuation row; inspect only if every earlier store_queue_rank family fails.
PRODUCT,TRACE-PILOT-002,TRACE-P002-POOL-DTC,12,P002-DTC-S12,Sloth Hiking Club,COMPLETE,2026-09-25T18:28:03.414Z,SHOP ALL TEES,https://slothhikingclub.com/collections/all?sort_by=best-selling,sort_by=best-selling,Best selling,VERIFIED,24,TRACE-P002-OBS-DTC-S12-12,12,take-a-hike-t-shirt,Take A Hike T-shirt,https://slothhikingclub.com/products/take-a-hike-t-shirt,Take A Hike T-shirt,TITLE+RENDERED-THUMBNAIL,CANDIDATE,SURFACE-PASS-DETAIL-NOT-OPENED,Fixed graphic-shirt family survived the basic/title/rendered-thumbnail screen; detail and origin remain pending if reached.,TRACE-P002-OBS-DTC-S12-12,12,NO,,,,,,,NOT-RUN,12,Deterministic same-store continuation row; inspect only if every earlier store_queue_rank family fails.
PRODUCT,TRACE-PILOT-002,TRACE-P002-POOL-DTC,12,P002-DTC-S12,Sloth Hiking Club,COMPLETE,2026-09-25T18:28:03.414Z,SHOP ALL TEES,https://slothhikingclub.com/collections/all?sort_by=best-selling,sort_by=best-selling,Best selling,VERIFIED,24,TRACE-P002-OBS-DTC-S12-13,13,water-color-forest-t-shirt,Water Color Forest T-shirt,https://slothhikingclub.com/products/water-color-forest-t-shirt,Water Color Forest T-shirt,TITLE+RENDERED-THUMBNAIL,CANDIDATE,SURFACE-PASS-DETAIL-NOT-OPENED,Fixed graphic-shirt family survived the basic/title/rendered-thumbnail screen; detail and origin remain pending if reached.,TRACE-P002-OBS-DTC-S12-13,13,NO,,,,,,,NOT-RUN,13,Deterministic same-store continuation row; inspect only if every earlier store_queue_rank family fails.
PRODUCT,TRACE-PILOT-002,TRACE-P002-POOL-DTC,12,P002-DTC-S12,Sloth Hiking Club,COMPLETE,2026-09-25T18:28:03.414Z,SHOP ALL TEES,https://slothhikingclub.com/collections/all?sort_by=best-selling,sort_by=best-selling,Best selling,VERIFIED,24,TRACE-P002-OBS-DTC-S12-14,14,paths-in-life-t-shirt,Paths In Life T-shirt,https://slothhikingclub.com/products/paths-in-life-t-shirt,Paths In Life T-shirt,TITLE+RENDERED-THUMBNAIL,CANDIDATE,SURFACE-PASS-DETAIL-NOT-OPENED,Fixed graphic-shirt family survived the basic/title/rendered-thumbnail screen; detail and origin remain pending if reached.,TRACE-P002-OBS-DTC-S12-14,14,NO,,,,,,,NOT-RUN,14,Deterministic same-store continuation row; inspect only if every earlier store_queue_rank family fails.
PRODUCT,TRACE-PILOT-002,TRACE-P002-POOL-DTC,12,P002-DTC-S12,Sloth Hiking Club,COMPLETE,2026-09-25T18:28:03.414Z,SHOP ALL TEES,https://slothhikingclub.com/collections/all?sort_by=best-selling,sort_by=best-selling,Best selling,VERIFIED,24,TRACE-P002-OBS-DTC-S12-15,15,im-lichen-it-t-shirt,I'm Lichen It T-shirt,https://slothhikingclub.com/products/im-lichen-it-t-shirt,I'm Lichen It T-shirt,TITLE+RENDERED-THUMBNAIL,CANDIDATE,SURFACE-PASS-DETAIL-NOT-OPENED,Fixed graphic-shirt family survived the basic/title/rendered-thumbnail screen; detail and origin remain pending if reached.,TRACE-P002-OBS-DTC-S12-15,15,NO,,,,,,,NOT-RUN,15,Deterministic same-store continuation row; inspect only if every earlier store_queue_rank family fails.
PRODUCT,TRACE-PILOT-002,TRACE-P002-POOL-DTC,12,P002-DTC-S12,Sloth Hiking Club,COMPLETE,2026-09-25T18:28:03.414Z,SHOP ALL TEES,https://slothhikingclub.com/collections/all?sort_by=best-selling,sort_by=best-selling,Best selling,VERIFIED,24,TRACE-P002-OBS-DTC-S12-16,16,campfire-friends-t-shirt,Campfire Friends T-Shirt,https://slothhikingclub.com/products/campfire-friends-t-shirt,Campfire Friends T-Shirt,TITLE+RENDERED-THUMBNAIL,CANDIDATE,SURFACE-PASS-DETAIL-NOT-OPENED,Fixed graphic-shirt family survived the basic/title/rendered-thumbnail screen; detail and origin remain pending if reached.,TRACE-P002-OBS-DTC-S12-16,16,NO,,,,,,,NOT-RUN,16,Deterministic same-store continuation row; inspect only if every earlier store_queue_rank family fails.
PRODUCT,TRACE-PILOT-002,TRACE-P002-POOL-DTC,12,P002-DTC-S12,Sloth Hiking Club,COMPLETE,2026-09-25T18:28:03.414Z,SHOP ALL TEES,https://slothhikingclub.com/collections/all?sort_by=best-selling,sort_by=best-selling,Best selling,VERIFIED,24,TRACE-P002-OBS-DTC-S12-17,17,earth-laughs-in-flowers-t-shirt,Earth Laughs In Flowers T-shirt,https://slothhikingclub.com/products/earth-laughs-in-flowers-t-shirt,Earth Laughs In Flowers T-shirt,TITLE+RENDERED-THUMBNAIL,CANDIDATE,SURFACE-PASS-DETAIL-NOT-OPENED,Fixed graphic-shirt family survived the basic/title/rendered-thumbnail screen; detail and origin remain pending if reached.,TRACE-P002-OBS-DTC-S12-17,17,NO,,,,,,,NOT-RUN,17,Deterministic same-store continuation row; inspect only if every earlier store_queue_rank family fails.
PRODUCT,TRACE-PILOT-002,TRACE-P002-POOL-DTC,12,P002-DTC-S12,Sloth Hiking Club,COMPLETE,2026-09-25T18:28:03.414Z,SHOP ALL TEES,https://slothhikingclub.com/collections/all?sort_by=best-selling,sort_by=best-selling,Best selling,VERIFIED,24,TRACE-P002-OBS-DTC-S12-18,18,bear-reflection-t-shirt,Bear Reflection T-Shirt,https://slothhikingclub.com/products/bear-reflection-t-shirt,Bear Reflection T-Shirt,TITLE+RENDERED-THUMBNAIL,CANDIDATE,SURFACE-PASS-DETAIL-NOT-OPENED,Fixed graphic-shirt family survived the basic/title/rendered-thumbnail screen; detail and origin remain pending if reached.,TRACE-P002-OBS-DTC-S12-18,18,NO,,,,,,,NOT-RUN,18,Deterministic same-store continuation row; inspect only if every earlier store_queue_rank family fails.
PRODUCT,TRACE-PILOT-002,TRACE-P002-POOL-DTC,12,P002-DTC-S12,Sloth Hiking Club,COMPLETE,2026-09-25T18:28:03.414Z,SHOP ALL TEES,https://slothhikingclub.com/collections/all?sort_by=best-selling,sort_by=best-selling,Best selling,VERIFIED,24,TRACE-P002-OBS-DTC-S12-19,19,fox-spirit-t-shirt,Fox Spirit T-Shirt,https://slothhikingclub.com/products/fox-spirit-t-shirt,Fox Spirit T-Shirt,TITLE+RENDERED-THUMBNAIL,CANDIDATE,SURFACE-PASS-DETAIL-NOT-OPENED,Fixed graphic-shirt family survived the basic/title/rendered-thumbnail screen; detail and origin remain pending if reached.,TRACE-P002-OBS-DTC-S12-19,19,NO,,,,,,,NOT-RUN,19,Deterministic same-store continuation row; inspect only if every earlier store_queue_rank family fails.
PRODUCT,TRACE-PILOT-002,TRACE-P002-POOL-DTC,12,P002-DTC-S12,Sloth Hiking Club,COMPLETE,2026-09-25T18:28:03.414Z,SHOP ALL TEES,https://slothhikingclub.com/collections/all?sort_by=best-selling,sort_by=best-selling,Best selling,VERIFIED,24,TRACE-P002-OBS-DTC-S12-20,20,still-plays-outside-t-shirt,Still Plays Outside T-shirt,https://slothhikingclub.com/products/still-plays-outside-t-shirt,Still Plays Outside T-shirt,TITLE+RENDERED-THUMBNAIL,CANDIDATE,SURFACE-PASS-DETAIL-NOT-OPENED,Fixed graphic-shirt family survived the basic/title/rendered-thumbnail screen; detail and origin remain pending if reached.,TRACE-P002-OBS-DTC-S12-20,20,NO,,,,,,,NOT-RUN,20,Deterministic same-store continuation row; inspect only if every earlier store_queue_rank family fails.
PRODUCT,TRACE-PILOT-002,TRACE-P002-POOL-DTC,12,P002-DTC-S12,Sloth Hiking Club,COMPLETE,2026-09-25T18:28:03.414Z,SHOP ALL TEES,https://slothhikingclub.com/collections/all?sort_by=best-selling,sort_by=best-selling,Best selling,VERIFIED,24,TRACE-P002-OBS-DTC-S12-21,21,if-it-involves-hiking-and-dogs-t-shirt,If It Involves Hiking And Dogs T-Shirt,https://slothhikingclub.com/products/if-it-involves-hiking-and-dogs-t-shirt,If It Involves Hiking And Dogs T-Shirt,TITLE+RENDERED-THUMBNAIL,CANDIDATE,SURFACE-PASS-DETAIL-NOT-OPENED,Fixed graphic-shirt family survived the basic/title/rendered-thumbnail screen; detail and origin remain pending if reached.,TRACE-P002-OBS-DTC-S12-21,21,NO,,,,,,,NOT-RUN,21,Deterministic same-store continuation row; inspect only if every earlier store_queue_rank family fails.
PRODUCT,TRACE-PILOT-002,TRACE-P002-POOL-DTC,12,P002-DTC-S12,Sloth Hiking Club,COMPLETE,2026-09-25T18:28:03.414Z,SHOP ALL TEES,https://slothhikingclub.com/collections/all?sort_by=best-selling,sort_by=best-selling,Best selling,VERIFIED,24,TRACE-P002-OBS-DTC-S12-22,22,meowntains-t-shirt,Meowntains T-shirt,https://slothhikingclub.com/products/meowntains-t-shirt,Meowntains T-shirt,TITLE+RENDERED-THUMBNAIL,CANDIDATE,SURFACE-PASS-DETAIL-NOT-OPENED,Fixed graphic-shirt family survived the basic/title/rendered-thumbnail screen; detail and origin remain pending if reached.,TRACE-P002-OBS-DTC-S12-22,22,NO,,,,,,,NOT-RUN,22,Deterministic same-store continuation row; inspect only if every earlier store_queue_rank family fails.
PRODUCT,TRACE-PILOT-002,TRACE-P002-POOL-DTC,12,P002-DTC-S12,Sloth Hiking Club,COMPLETE,2026-09-25T18:28:03.414Z,SHOP ALL TEES,https://slothhikingclub.com/collections/all?sort_by=best-selling,sort_by=best-selling,Best selling,VERIFIED,24,TRACE-P002-OBS-DTC-S12-23,23,birds-flowers-t-shirt,Birds & Flowers T-Shirt,https://slothhikingclub.com/products/birds-flowers-t-shirt,Birds & Flowers T-Shirt,TITLE+RENDERED-THUMBNAIL,CANDIDATE,SURFACE-PASS-DETAIL-NOT-OPENED,Fixed graphic-shirt family survived the basic/title/rendered-thumbnail screen; detail and origin remain pending if reached.,TRACE-P002-OBS-DTC-S12-23,23,NO,,,,,,,NOT-RUN,23,Deterministic same-store continuation row; inspect only if every earlier store_queue_rank family fails.
PRODUCT,TRACE-PILOT-002,TRACE-P002-POOL-DTC,12,P002-DTC-S12,Sloth Hiking Club,COMPLETE,2026-09-25T18:28:03.414Z,SHOP ALL TEES,https://slothhikingclub.com/collections/all?sort_by=best-selling,sort_by=best-selling,Best selling,VERIFIED,24,TRACE-P002-OBS-DTC-S12-24,24,bear-hug-t-shirt,Bear Hug T-Shirt,https://slothhikingclub.com/products/bear-hug-t-shirt,Bear Hug T-Shirt,TITLE+RENDERED-THUMBNAIL,CANDIDATE,SURFACE-PASS-DETAIL-NOT-OPENED,Fixed graphic-shirt family survived the basic/title/rendered-thumbnail screen; detail and origin remain pending if reached.,TRACE-P002-OBS-DTC-S12-24,24,NO,,,,,,,NOT-RUN,24,Deterministic same-store continuation row; inspect only if every earlier store_queue_rank family fails.
